idProduto,numeroRegistro,nomeProduto,expediente,razaoSocial,cnpj,data,numProcesso,dataAtualizacao
1124365,154230241,levofloxacino hemiidratado,1159323259,GEOLAB INDÚSTRIA FARMACÊUTICA S/A,03485572000104,2025-08-29T15:38:07.000-0300,25351210912201612,2026-09-24T00:00:00.000-0300
1144823,105830876,maleato de timolol,1086238257,GERMED FARMACEUTICA LTDA,45992062000165,2025-08-15T12:55:31.000-0300,25351467752201673,2026-09-24T00:00:00.000-0300
1123256,101830153,ritonavir,0118769260,LABORATORIO FARMACEUTICO DO ESTADO DE PERNAMBUCO GOVERNADOR MIGUEL ARRAES S/A - LAFEPE,10877926000113,2026-02-05T08:42:38.000-0200,25351679846201511,2026-09-24T00:00:00.000-0300
1162844,167730548,NOFEBRIN,0451419251,LEGRAND PHARMA INDÚSTRIA FARMACÊUTICA LTDA,05044984000126,2025-04-02T12:02:44.000-0300,25351072025201711,2026-09-24T00:00:00.000-0300
1122683,135690723,FINASTIL,1338230255,EMS SIGMA PHARMA LTDA,00923140000131,2025-10-08T10:18:27.000-0300,25351692699201485,2026-09-24T00:00:00.000-0300
1148528,102351191,maleato de dexclorfeniramina,0174062265,EMS S/A,57507378000365,2026-02-23T10:28:23.000-0300,25351204138201601,2026-09-24T00:00:00.000-0300
1150100,103720277,LÂNICO,0325602263,SUPERA FARMA LABORATÓRIOS S.A,43312503000105,2026-04-06T07:38:13.000-0300,25351045200201799,2026-09-24T00:00:00.000-0300
1142712,167730507,DORZAL,0708819257,LEGRAND PHARMA INDÚSTRIA FARMACÊUTICA LTDA,05044984000126,2025-05-26T11:24:54.000-0300,25351463993201643,2026-09-24T00:00:00.000-0300
1119830,105830808,cabergolina,0120759268,GERMED FARMACEUTICA LTDA,45992062000165,2026-02-05T14:13:08.000-0200,25351354382201320,2026-09-24T00:00:00.000-0300
1117,102350492,BENZOILMETRONIDAZOL,0228357268,EMS S/A,57507378000365,2026-03-09T09:51:08.000-0300,253510286640049,2026-09-24T00:00:00.000-0300
1191044,154230267,MONTELUCASTE DE SODIO,0192975269,GEOLAB INDÚSTRIA FARMACÊUTICA S/A,03485572000104,2026-02-26T17:20:33.000-0300,25351614031201204,2026-09-24T00:00:00.000-0300
1145606,154230256,CLIOQDERM,2035538176,GEOLAB INDÚSTRIA FARMACÊUTICA S/A,03485572000104,2017-09-28T13:06:08.000-0300,25351517656201683,2026-09-24T00:00:00.000-0300
816873,106460205,SULFATO DE VINCRISTINA,0207028265,LABORATORIO QUIMICO FARMACEUTICO BERGAMO LTDA,61282661000141,2026-03-03T10:58:31.000-0300,25351148619201206,2026-09-24T00:00:00.000-0300
1151788,167730525,CEDROXIL,0070732264,LEGRAND PHARMA INDÚSTRIA FARMACÊUTICA LTDA,05044984000126,2026-01-22T16:15:50.000-0200,25351057732201515,2026-09-24T00:00:00.000-0300
2004,102980081,FENTANEST,0652836267,CRISTÁLIA PRODUTOS QUÍMICOS FARMACÊUTICOS LTDA.,44734671000151,2026-07-02T11:06:20.000-0300,2500100569588,2026-09-24T00:00:00.000-0300
1149834,167730519,PREDNISONA,1470089254,LEGRAND PHARMA INDÚSTRIA FARMACÊUTICA LTDA,05044984000126,2025-11-06T15:31:43.000-0200,25351423003201553,2026-09-24T00:00:00.000-0300
562222,143810119,SEDAMED,0142569267,CIMED INDUSTRIA S.A,02814497000107,2026-02-11T16:15:57.000-0200,25351653056200797,2026-09-24T00:00:00.000-0300
1133090,105830827,captopril,0436578263,GERMED FARMACEUTICA LTDA,45992062000165,2026-05-05T16:03:19.000-0300,25351300585201509,2026-09-24T00:00:00.000-0300
1115638,167730436,rifamicina SV sódica,0886814243,LEGRAND PHARMA INDÚSTRIA FARMACÊUTICA LTDA,05044984000126,2024-06-28T12:06:57.000-0300,25351109945201611,2026-09-24T00:00:00.000-0300
1135343,105830836,clonazepam,0688611265,GERMED FARMACEUTICA LTDA,45992062000165,2026-07-13T15:50:29.000-0300,25351330412201515,2026-09-24T00:00:00.000-0300
1150067,158190002,NEVRIX IM,1586080253,ARESE PHARMA LTDA.,07670111000154,2025-12-10T16:27:11.000-0200,25351062739201705,2026-09-24T00:00:00.000-0300
1129520,105830818,meloxicam,0326253262,GERMED FARMACEUTICA LTDA,45992062000165,2026-04-06T10:03:07.000-0300,25351341777201567,2026-09-24T00:00:00.000-0300
1120520,115600195,Valsed,1411075251,CIFARMA CIENTÍFICA FARMACÊUTICA LTDA,17562075000169,2025-10-23T08:04:53.000-0300,25351477989201561,2026-09-24T00:00:00.000-0300
1098322,135170032,NITAZOXANIDA,1613235259,ALTHAIA S.A. INDUSTRIA FARMACEUTICA,48344725000719,2025-12-17T11:24:43.000-0200,25351962807201630,2026-09-24T00:00:00.000-0300
1141685,104910070,CLORETO DE SÓDIO JP FISIOLÓGICO,0254604269,JP INDUSTRIA FARMACEUTICA S/A,55972087000150,2026-03-16T11:12:46.000-0300,25351024207201671,2026-09-24T00:00:00.000-0300
1163659,135690722,VELAMOX BD,0013505262,EMS SIGMA PHARMA LTDA,00923140000131,2026-01-07T10:06:34.000-0200,25351150965201740,2026-09-24T00:00:00.000-0300
1166363,173900006,NALDECON DIA,0048810266,RECKITT BENCKISER (BRASIL) LTDA,59557124000115,2026-01-16T10:10:23.000-0200,25351012237201701,2026-09-24T00:00:00.000-0300
428683,101180596,LABIRIN,0578075261,APSEN FARMACEUTICA S/A,62462015000129,2026-06-12T10:50:46.000-0300,25351290813200545,2026-09-24T00:00:00.000-0300
1130611,100431198,PROAZITAX,1302674251,EUROFARMA LABORATORIOS S.A.,61190096000192,2025-09-30T08:08:35.000-0300,25351931750201641,2026-09-24T00:00:00.000-0300
738051,110850043,BUTILBROMETO DE ESCOPOLAMINA,0214742245,FARMACE INDÚSTRIA QUÍMICO-FARMACÊUTICA CEARENSE LTDA,06628333000146,2024-02-23T10:40:13.000-0300,25351026651201129,2026-09-24T00:00:00.000-0300
1155580,143810198,DEXMINE,0248358260,CIMED INDUSTRIA S.A,02814497000107,2026-03-13T11:26:26.000-0300,25351585155201620,2026-09-24T00:00:00.000-0300
1137152,135690693,SOMAFLEX AP,0040011267,EMS SIGMA PHARMA LTDA,00923140000131,2026-01-14T14:22:05.000-0200,25351402681201582,2026-09-24T00:00:00.000-0300
1146607,100681136,VOTRIENT,1228438251,NOVARTIS BIOCIENCIAS S.A,56994502000130,2025-09-16T17:40:46.000-0300,25351594744201609,2026-09-24T00:00:00.000-0300
1120259,105730495,OXOTRON,0561411263,ACHÉ LABORATÓRIOS FARMACÊUTICOS S.A,60659463002992,2026-06-09T10:33:19.000-0300,25351066174201651,2026-09-24T00:00:00.000-0300
1121003,167730431,cloridrato de sertralina,0217490263,LEGRAND PHARMA INDÚSTRIA FARMACÊUTICA LTDA,05044984000126,2026-03-05T10:39:55.000-0300,25351089023201671,2026-09-24T00:00:00.000-0300
1123004,183260278,ZODEL,0036097268,SANOFI MEDLEY FARMACÊUTICA LTDA.,10588595001092,2026-01-13T16:41:23.000-0200,25351756108201596,2026-09-24T00:00:00.000-0300
1155846,132230110,CPHD GENIUS DS,0546734260,FRESENIUS MEDICAL CARE LTDA,01440590000136,2026-06-03T17:18:41.000-0300,25351080642201706,2026-09-24T00:00:00.000-0300
1110947,103850112,Toux,0064985261,LABORATÓRIO FARMACÊUTICO ELOFAR LTDA,83874628000143,2026-01-21T14:24:16.000-0200,25351215619201501,2026-09-24T00:00:00.000-0300
634534,100681068,Ilaris,1535641258,NOVARTIS BIOCIENCIAS S.A,56994502000130,2025-11-26T17:12:55.000-0200,25351129584200996,2026-09-24T00:00:00.000-0300
1143436,101860034,sulfato de gentamicina,0617253269,SANTISA LABORATÓRIO FARMACÊUTICO S/A,04099395000182,2026-06-23T14:52:01.000-0300,25351240244201640,2026-09-24T00:00:00.000-0300
1145466,100330199,Zedora,0695024264,LIBBS FARMACÊUTICA LTDA,61230314000175,2026-07-14T17:34:39.000-0300,25351595780201605,2026-09-24T00:00:00.000-0300
1152879,116180267,FASENRA,0670945269,ASTRAZENECA DO BRASIL LTDA,60318797000100,2026-07-07T17:40:56.000-0300,25351111862201708,2026-09-24T00:00:00.000-0300
1153397,151430025,REDTIBIN,0311359264,DR. REDDYS FARMACÊUTICA DO BRASIL LTDA,03978166000175,2026-03-31T11:23:41.000-0300,25351531693201602,2026-09-24T00:00:00.000-0300
882100,125680256,AMOXICILINA+CLAVULANATO DE POTASSIO,1654896250,PRATI DONADUZZI & CIA LTDA,73856593000166,2025-12-30T08:13:30.000-0200,25351129614201340,2026-09-24T00:00:00.000-0300
1168967,105830901,HIDROQUINONA,1604197251,GERMED FARMACEUTICA LTDA,45992062000165,2025-12-15T17:58:22.000-0200,25351547556201509,2026-09-24T00:00:00.000-0300
1107805,156490016,tadalafila,0275099261,UNICHEM FARMACÊUTICA DO BRASIL LTDA,05399786000185,2026-03-20T15:10:46.000-0300,25351095237201675,2026-09-24T00:00:00.000-0300
1149322,105730505,DELLER,0610829262,ACHÉ LABORATÓRIOS FARMACÊUTICOS S.A,60659463002992,2026-06-22T14:11:55.000-0300,25351477976201693,2026-09-24T00:00:00.000-0300
1142894,109170103,cloridrato de fluoxetina,0559490267,MEDQUIMICA INDUSTRIA FARMACEUTICA LTDA.,17875154000120,2026-06-08T19:19:11.000-0300,25351445087201667,2026-09-24T00:00:00.000-0300
1158454,105830892,CETOCONAZOL,0839854269,GERMED FARMACEUTICA LTDA,45992062000165,2026-08-17T17:33:17.000-0300,25351513704201583,2026-09-24T00:00:00.000-0300
1140411,102980445,TÊMPORA,0065428251,CRISTÁLIA PRODUTOS QUÍMICOS FARMACÊUTICOS LTDA.,44734671000151,2025-01-16T10:39:11.000-0200,25351403356201618,2026-09-24T00:00:00.000-0300
1147482,105350208,DIOHESP,1616159251,LABORATÓRIO GLOBO SA,17115437000173,2025-12-17T15:55:22.000-0200,25351593518201603,2026-09-24T00:00:00.000-0300
1148475,109740235,POSICOR SIN,0279872267,BIOLAB SANUS FARMACÊUTICA LTDA,49475833000106,2026-03-23T17:04:43.000-0300,25351590316201605,2026-09-24T00:00:00.000-0300
1134225,167730473,amoxicilina,0244511268,LEGRAND PHARMA INDÚSTRIA FARMACÊUTICA LTDA,05044984000126,2026-03-12T16:38:05.000-0300,25351348679201551,2026-09-24T00:00:00.000-0300
1137608,167730480,CARVEGRAN,0186564261,LEGRAND PHARMA INDÚSTRIA FARMACÊUTICA LTDA,05044984000126,2026-02-25T14:30:37.000-0300,25351395955201651,2026-09-24T00:00:00.000-0300
1134045,135690688,VAZY,1140105256,EMS SIGMA PHARMA LTDA,00923140000131,2025-08-25T16:23:43.000-0300,25351382198201574,2026-09-24T00:00:00.000-0300
1134046,105830831,SIGRAN,1140066251,GERMED FARMACEUTICA LTDA,45992062000165,2025-08-25T16:16:00.000-0300,25351378645201591,2026-09-24T00:00:00.000-0300
1134047,105830830,cloridrato de sibutramina monoidratado,1139980254,GERMED FARMACEUTICA LTDA,45992062000165,2025-08-25T16:04:01.000-0300,25351378638201599,2026-09-24T00:00:00.000-0300
1134048,167730466,cloridrato de sibutramina,1139578251,LEGRAND PHARMA INDÚSTRIA FARMACÊUTICA LTDA,05044984000126,2025-08-25T15:56:59.000-0300,25351378411201543,2026-09-24T00:00:00.000-0300
1131075,126250102,citrato de sildenafila,0192191268,LABORATÓRIO FARMACÊUTICO DA MARINHA,00394502007157,2026-02-26T15:02:56.000-0300,25351743544201414,2026-09-24T00:00:00.000-0300
1152035,105730520,STEATON,1553978251,ACHÉ LABORATÓRIOS FARMACÊUTICOS S.A,60659463002992,2025-12-02T15:51:18.000-0200,25351539631201543,2026-09-24T00:00:00.000-0300
1155321,178170851,ATROFEM,1402509251,COSMED INDUSTRIA DE COSMETICOS E MEDICAMENTOS S.A.,61082426000207,2025-10-21T16:59:11.000-0300,25351117800201685,2026-09-24T00:00:00.000-0300
1166346,116180259,FORXIGA,1593887256,ASTRAZENECA DO BRASIL LTDA,60318797000100,2025-12-12T13:07:10.000-0200,25351012411201702,2026-09-24T00:00:00.000-0300
1166358,173900008,NALDECON PACK,0049019261,RECKITT BENCKISER (BRASIL) LTDA,59557124000115,2026-01-16T10:42:44.000-0200,25351012251201701,2026-09-24T00:00:00.000-0300
1142815,103110149,PLASMAISTAR,1149505257,HALEX ISTAR INDÚSTRIA FARMACÊUTICA SA,01571702000198,2025-08-27T14:50:12.000-0300,25351064980201665,2026-09-24T00:00:00.000-0300
1150079,167730524,BONAGRAN,0480334269,LEGRAND PHARMA INDÚSTRIA FARMACÊUTICA LTDA,05044984000126,2026-05-18T10:50:56.000-0300,25351481993201544,2026-09-24T00:00:00.000-0300
1116270,103700691,cloridrato de prometazina,0325800251,LABORATÓRIO TEUTO BRASILEIRO S/A,17159229000176,2025-03-11T07:55:10.000-0300,25351007281201221,2026-09-24T00:00:00.000-0300
1143577,116370141,oxacilina sódica,1489494251,BLAU FARMACÊUTICA S.A.,58430828000160,2025-11-12T12:28:40.000-0200,25351473294201610,2026-09-24T00:00:00.000-0300
1075986,112780075,ACERTANLO,1579250254,LABORATÓRIOS SERVIER DO BRASIL LTDA,42374207000176,2025-12-09T09:21:22.000-0200,25351118802201460,2026-09-24T00:00:00.000-0300
1109992,100431188,ITRACONAZOL,0691135266,EUROFARMA LABORATORIOS S.A.,61190096000192,2026-07-14T08:17:16.000-0300,25351022785201698,2026-09-24T00:00:00.000-0300
1140093,154230254,cetoconazol,1564748243,GEOLAB INDÚSTRIA FARMACÊUTICA S/A,03485572000104,2024-11-13T16:28:19.000-0200,25351417838201655,2026-09-24T00:00:00.000-0300
1140104,102980505,Kollagenase com Cloranfenicol,1577485254,CRISTÁLIA PRODUTOS QUÍMICOS FARMACÊUTICOS LTDA.,44734671000151,2025-12-08T15:28:07.000-0200,25351535439201609,2026-09-24T00:00:00.000-0300
140868,100330111,ZETRON,0152293264,LIBBS FARMACÊUTICA LTDA,61230314000175,2026-02-13T16:38:22.000-0200,25351168632200291,2026-09-24T00:00:00.000-0300
1152509,110360266,CYCLOFEMINA,1521247251,HEMAFARMA COM E IND FARMACEUTICA LTDA,30332829000152,2025-11-21T19:01:09.000-0200,25351599561201605,2026-09-24T00:00:00.000-0300
1132619,105830829,ALENDRONATO DE SÓDIO,0480204268,GERMED FARMACEUTICA LTDA,45992062000165,2026-05-18T10:27:35.000-0300,25351482017201517,2026-09-24T00:00:00.000-0300
1103296,105250072,LAMOTRIGINA,0735431264,TORRENT DO BRASIL LTDA,33078528000132,2026-07-23T14:33:26.000-0300,25351030615201675,2026-09-24T00:00:00.000-0300
1151074,125680259,dicloridrato de betaistina,0284047261,PRATI DONADUZZI & CIA LTDA,73856593000166,2026-03-24T17:05:12.000-0300,25351508494201251,2026-09-24T00:00:00.000-0300
1130095,105830819,citrato de sildenafila,0059391260,GERMED FARMACEUTICA LTDA,45992062000165,2026-01-20T11:18:59.000-0200,25351376014201537,2026-09-24T00:00:00.000-0300
1132413,141070132,gliclazida,0261146262,PHARLAB INDÚSTRIA FARMACÊUTICA S.A.,02501297000102,2026-03-17T15:27:01.000-0300,25351201324201680,2026-09-24T00:00:00.000-0300
1132655,154230245,HIDROGENOTARTARATO DE RIVASTIGMINA,0167924257,GEOLAB INDÚSTRIA FARMACÊUTICA S/A,03485572000104,2025-02-06T11:10:38.000-0200,25351010205201282,2026-09-24T00:00:00.000-0300
1152506,141070133,CLORIDRATO DE BROMEXINA,0415475261,PHARLAB INDÚSTRIA FARMACÊUTICA S.A.,02501297000102,2026-04-29T09:02:21.000-0300,25351451990201586,2026-09-24T00:00:00.000-0300
3449,101180157,LABIRIN,1600156258,APSEN FARMACEUTICA S/A,62462015000129,2025-12-15T07:40:01.000-0200,253510065650033,2026-09-24T00:00:00.000-0300
1149790,167730518,dexametasona,0844240257,LEGRAND PHARMA INDÚSTRIA FARMACÊUTICA LTDA,05044984000126,2025-06-27T11:42:54.000-0300,25351416058201515,2026-09-24T00:00:00.000-0300
1238155,167730582,cetoprofeno,1318453259,LEGRAND PHARMA INDÚSTRIA FARMACÊUTICA LTDA,05044984000126,2025-10-02T16:38:07.000-0300,25351703186201415,2026-09-24T00:00:00.000-0300
1133335,105830886,AMOXICILINA + CLAVULANATO DE POTÁSSIO,1589953258,GERMED FARMACEUTICA LTDA,45992062000165,2025-12-11T14:49:24.000-0200,25351522896201519,2026-09-24T00:00:00.000-0300
1143579,105830870,GLAMIGAN,0180157264,GERMED FARMACEUTICA LTDA,45992062000165,2026-02-24T15:17:00.000-0300,25351488482201634,2026-09-24T00:00:00.000-0300
1155582,102351205,ITRACONAZOL,0782808263,EMS S/A,57507378000365,2026-08-04T14:38:54.000-0300,25351077322201744,2026-09-24T00:00:00.000-0300
1134036,105830832,glibenclamida,0289376254,GERMED FARMACEUTICA LTDA,45992062000165,2025-02-28T15:58:26.000-0300,25351416030201570,2026-09-24T00:00:00.000-0300
1155794,103850113,Valerance,0064860264,LABORATÓRIO FARMACÊUTICO ELOFAR LTDA,83874628000143,2026-01-21T13:59:28.000-0200,25351562302201562,2026-09-24T00:00:00.000-0300
1156882,102351340,COMPLEXO B,0810766264,EMS S/A,57507378000365,2026-08-10T11:17:12.000-0300,25351080622201702,2026-09-24T00:00:00.000-0300
1162943,167730561,CLEANKINOL,1616789255,LEGRAND PHARMA INDÚSTRIA FARMACÊUTICA LTDA,05044984000126,2025-12-17T17:21:16.000-0200,25351547598201531,2026-09-24T00:00:00.000-0300
1164643,167730553,GLAUCUR,0180280261,LEGRAND PHARMA INDÚSTRIA FARMACÊUTICA LTDA,05044984000126,2026-02-24T15:36:02.000-0300,25351488580201671,2026-09-24T00:00:00.000-0300
1138759,105830851,orlistate,0974575267,GERMED FARMACEUTICA LTDA,45992062000165,2026-09-18T10:27:43.000-0300,25351405702201601,2026-09-24T00:00:00.000-0300
1152657,105830891,AMOXICILINA,0405879261,GERMED FARMACEUTICA LTDA,45992062000165,2026-04-27T12:34:27.000-0300,25351077324201733,2026-09-24T00:00:00.000-0300
1157946,167730540,TOBRACULAR,1557907251,LEGRAND PHARMA INDÚSTRIA FARMACÊUTICA LTDA,05044984000126,2025-12-03T10:12:26.000-0200,25351489402201668,2026-09-24T00:00:00.000-0300
1144993,137640150,ALKERAN,1447593251,ASPEN PHARMA INDÚSTRIA FARMACÊUTICA LTDA,02433631000120,2025-10-31T15:47:58.000-0300,25351594701201607,2026-09-24T00:00:00.000-0300
1137604,135690700,ESOMEX,0084949261,EMS SIGMA PHARMA LTDA,00923140000131,2026-01-27T12:43:51.000-0200,25351395928201688,2026-09-24T00:00:00.000-0300
1139700,135690697,LIPISTAT,0428562264,EMS SIGMA PHARMA LTDA,00923140000131,2026-05-04T10:08:12.000-0300,25351546533201579,2026-09-24T00:00:00.000-0300
1134355,167730471,hidroclorotiazida,0277052254,LEGRAND PHARMA INDÚSTRIA FARMACÊUTICA LTDA,05044984000126,2025-02-27T09:03:46.000-0300,25351328363201542,2026-09-24T00:00:00.000-0300
1150277,143810196,MEBENIX,3881514201,CIMED INDUSTRIA S.A,02814497000107,2020-11-05T14:23:12.000-0200,25351588564201688,2026-09-24T00:00:00.000-0300
1132643,167730461,losartana potássica,0084930268,LEGRAND PHARMA INDÚSTRIA FARMACÊUTICA LTDA,05044984000126,2026-01-27T12:35:12.000-0200,25351330207201541,2026-09-24T00:00:00.000-0300
1140883,167730497,Amoxicilina + Clavulanato de Potássio,1576723259,LEGRAND PHARMA INDÚSTRIA FARMACÊUTICA LTDA,05044984000126,2025-12-08T13:16:08.000-0200,25351522940201591,2026-09-24T00:00:00.000-0300
1139138,105730502,VIE,0206505256,ACHÉ LABORATÓRIOS FARMACÊUTICOS S.A,60659463002992,2025-02-13T14:05:47.000-0200,25351511880201250,2026-09-24T00:00:00.000-0300
1155358,102980451,cloridrato de mepivacaína,0560085175,CRISTÁLIA PRODUTOS QUÍMICOS FARMACÊUTICOS LTDA.,44734671000151,2017-04-07T09:32:55.000-0300,25351388307201648,2026-09-24T00:00:00.000-0300
1141713,105350188,SINVASMAX,0780782267,LABORATÓRIO GLOBO SA,17115437000173,2026-08-04T10:12:17.000-0300,25351150670201692,2026-09-24T00:00:00.000-0300
1142912,105830865,algestona acetofenida + enantato de estradiol,1739010248,GERMED FARMACEUTICA LTDA,45992062000165,2024-12-19T18:45:48.000-0200,25351484731201612,2026-09-24T00:00:00.000-0300
1146536,103900193,ZESTEN,4179245209,FARMOQUÍMICA S/A,33349473000158,2020-11-26T16:14:03.000-0200,25351573954201653,2026-09-24T00:00:00.000-0300
1145598,105830873,latanoprosta + maleato de timolol,0175285268,GERMED FARMACEUTICA LTDA,45992062000165,2026-02-23T14:59:37.000-0300,25351467744201627,2026-09-24T00:00:00.000-0300
1153138,105730508,SIMBILEX,0342979264,ACHÉ LABORATÓRIOS FARMACÊUTICOS S.A,60659463002992,2026-04-09T11:52:00.000-0300,25351781730201451,2026-09-24T00:00:00.000-0300
1133336,167730535,AMOXICILINA + CLAVULANATO DE POTÁSSIO,1589740254,LEGRAND PHARMA INDÚSTRIA FARMACÊUTICA LTDA,05044984000126,2025-12-11T14:10:02.000-0200,25351522944201579,2026-09-24T00:00:00.000-0300
1133337,135690714,SIGMA-CLAV BD,1589825250,EMS SIGMA PHARMA LTDA,00923140000131,2025-12-11T14:31:27.000-0200,25351521212201561,2026-09-24T00:00:00.000-0300
1141585,105830864,atorvastatina cálcica,0256581266,GERMED FARMACEUTICA LTDA,45992062000165,2026-03-16T15:36:05.000-0300,25351546272201597,2026-09-24T00:00:00.000-0300
1145724,100681132,REVOLADE,1220342254,NOVARTIS BIOCIENCIAS S.A,56994502000130,2025-09-15T16:50:16.000-0300,25351594727201604,2026-09-24T00:00:00.000-0300
1152494,167730526,PRURI-GRAN,0275016269,LEGRAND PHARMA INDÚSTRIA FARMACÊUTICA LTDA,05044984000126,2026-03-20T14:56:06.000-0300,25351466385201518,2026-09-24T00:00:00.000-0300
1156875,167730541,DORZAL MT,1188077252,LEGRAND PHARMA INDÚSTRIA FARMACÊUTICA LTDA,05044984000126,2025-09-08T11:59:37.000-0300,25351488635201643,2026-09-24T00:00:00.000-0300
731993,110130283,VOCETY,0536588261,GLENMARK FARMACÊUTICA LTDA,44363661000157,2026-06-01T16:56:21.000-0300,25351757150201035,2026-09-24T00:00:00.000-0300
1147291,100431208,SUCCINATO DE DESVENLAFAXINA MONOIDRATADO,0150828268,EUROFARMA LABORATORIOS S.A.,61190096000192,2026-02-13T11:43:17.000-0200,25351537162201602,2026-09-24T00:00:00.000-0300
1150016,151430020,CABAZRED,0317585266,DR. REDDYS FARMACÊUTICA DO BRASIL LTDA,03978166000175,2026-04-01T15:06:20.000-0300,25351513085201616,2026-09-24T00:00:00.000-0300
1151075,101180614,cloridrato de memantina,1421469235,APSEN FARMACEUTICA S/A,62462015000129,2023-12-14T09:13:13.000-0200,25351053901201700,2026-09-24T00:00:00.000-0300
769676,115600188,TILONAX,0242005268,CIFARMA CIENTÍFICA FARMACÊUTICA LTDA,17562075000169,2026-03-12T10:51:19.000-0300,25351424050201179,2026-09-24T00:00:00.000-0300
1143206,167730610,MAISOL,5058604221,LEGRAND PHARMA INDÚSTRIA FARMACÊUTICA LTDA,05044984000126,2022-12-16T10:42:22.000-0200,25351102850201633,2026-09-24T00:00:00.000-0300
1143240,105350189,fluconazol,0074445260,LABORATÓRIO GLOBO SA,17115437000173,2026-01-23T13:01:59.000-0200,25351467748201613,2026-09-24T00:00:00.000-0300
1140394,167730496,alprazolam,0904150267,LEGRAND PHARMA INDÚSTRIA FARMACÊUTICA LTDA,05044984000126,2026-09-01T12:14:44.000-0300,25351402960201546,2026-09-24T00:00:00.000-0300
1140409,167730494,cloridrato de dorzolamida+maleato de timolol,1188241257,LEGRAND PHARMA INDÚSTRIA FARMACÊUTICA LTDA,05044984000126,2025-09-08T13:35:00.000-0300,25351496930201673,2026-09-24T00:00:00.000-0300
1127932,103720274,NEUMOSIN,0354414259,SUPERA FARMA LABORATÓRIOS S.A,43312503000105,2025-03-17T11:33:07.000-0300,25351713766201236,2026-09-24T00:00:00.000-0300
1119190,154230236,glimepirida,1136341251,GEOLAB INDÚSTRIA FARMACÊUTICA S/A,03485572000104,2025-08-23T10:34:53.000-0300,25351089879201647,2026-09-24T00:00:00.000-0300
1118980,115240004,entricitabina + fumarato de tenofovir desoproxila,1632152258,BLANVER FARMOQUIMICA E FARMACEUTICA S.A.,53359824000119,2025-12-19T18:59:29.000-0200,25351258674201607,2026-09-24T00:00:00.000-0300
1131108,109170102,pregabalina,0266165265,MEDQUIMICA INDUSTRIA FARMACEUTICA LTDA.,17875154000120,2026-03-18T12:11:41.000-0300,25351184787201670,2026-09-24T00:00:00.000-0300
1147052,102160243,NIMENRIX,0680223258,LABORATÓRIOS PFIZER LTDA,46070868003699,2025-05-21T07:54:42.000-0300,25351033642201707,2026-09-24T00:00:00.000-0300
1156223,105830887,LOSARTANA POTÁSSICA + HIDROCLOROTIAZIDA,0116535261,GERMED FARMACEUTICA LTDA,45992062000165,2026-02-04T16:21:35.000-0200,25351490787201525,2026-09-24T00:00:00.000-0300
1139838,102980444,MOXICRIS,0221825231,CRISTÁLIA PRODUTOS QUÍMICOS FARMACÊUTICOS LTDA.,44734671000151,2023-03-06T15:51:29.000-0300,25351403344201693,2026-09-24T00:00:00.000-0300
1155954,100380105,PHITOSS,0556824253,BRASTERAPICA PHARMACEUTICA LTDA.,46179008000168,2025-04-25T10:11:52.000-0300,25351568775201511,2026-09-24T00:00:00.000-0300
957698,181080001,FLUESOCIL,0985159251,R2 Soluções em radiofarmácia ltda.,09240065000189,2025-07-30T09:19:08.000-0300,25351606738201106,2026-09-24T00:00:00.000-0300
1157537,167730544,AZITROGRAN,0146494261,LEGRAND PHARMA INDÚSTRIA FARMACÊUTICA LTDA,05044984000126,2026-02-12T12:23:16.000-0200,25351120925201773,2026-09-24T00:00:00.000-0300
1144978,164000009,SELENOZ,1223461238,VASCONCELOS INDUSTRIA FARMACEUTICA E COMERCIO LTDA,05155425000193,2023-11-07T15:45:57.000-0200,25351494465201601,2026-09-24T00:00:00.000-0300
1137819,105830855,indapamida,0275617262,GERMED FARMACEUTICA LTDA,45992062000165,2026-03-20T16:44:29.000-0300,25351402898201592,2026-09-24T00:00:00.000-0300
1154658,154230258,CIXIN,0233861262,GEOLAB INDÚSTRIA FARMACÊUTICA S/A,03485572000104,2026-03-10T09:27:38.000-0300,25351925367201654,2026-09-24T00:00:00.000-0300
3651453,151430082,TORHANZ,0317775260,DR. REDDYS FARMACÊUTICA DO BRASIL LTDA,03978166000175,2026-04-01T15:32:26.000-0300,25351511184202384,2026-09-24T00:00:00.000-0300
1145733,110850045,"FRAÇÃO ÁCIDA Ca ++ 3,0 MEQ/L 1:44",0652869262,FARMACE INDÚSTRIA QUÍMICO-FARMACÊUTICA CEARENSE LTDA,06628333000146,2026-07-02T11:15:55.000-0300,25351542834201602,2026-09-24T00:00:00.000-0300
1136073,167730476,cloridrato de fluoxetina,1627265252,LEGRAND PHARMA INDÚSTRIA FARMACÊUTICA LTDA,05044984000126,2025-12-19T11:15:52.000-0200,25351397987201518,2026-09-24T00:00:00.000-0300
1157948,167730542,dipirona monoidratada,1462579256,LEGRAND PHARMA INDÚSTRIA FARMACÊUTICA LTDA,05044984000126,2025-11-05T10:54:35.000-0200,25351072018201719,2026-09-24T00:00:00.000-0300
1145622,151430022,BORTEZOMIBE,0568311264,DR. REDDYS FARMACÊUTICA DO BRASIL LTDA,03978166000175,2026-06-10T14:02:59.000-0300,25351594103201606,2026-09-24T00:00:00.000-0300
1251274,178170857,LUNE,0336909250,COSMED INDUSTRIA DE COSMETICOS E MEDICAMENTOS S.A.,61082426000207,2025-03-12T16:54:12.000-0300,25351687565201795,2026-09-24T00:00:00.000-0300
1130103,122140099,FENAZIC,0615934269,ADIUM S.A.,55980684000127,2026-06-23T11:45:30.000-0300,25351274473201668,2026-09-24T00:00:00.000-0300
1138716,154230252,cloridrato de bupropiona,0876953267,GEOLAB INDÚSTRIA FARMACÊUTICA S/A,03485572000104,2026-08-25T16:37:12.000-0300,25351099171201602,2026-09-24T00:00:00.000-0300
1152282,105350191,PROSOLIN,0612963268,LABORATÓRIO GLOBO SA,17115437000173,2026-06-22T18:56:15.000-0300,25351911388201692,2026-09-24T00:00:00.000-0300
1130549,102351231,cloridrato de bupropiona,1594606251,EMS S/A,57507378000365,2025-12-12T16:11:24.000-0200,25351404585201643,2026-09-24T00:00:00.000-0300
865387,103870068,cloridrato de granisetrona,0208334262,HYPOFARMA - INSTITUTO DE HYPODERMIA E FARMÁCIA LTDA,17174657000178,2026-03-03T15:02:50.000-0300,25351661533201257,2026-09-24T00:00:00.000-0300
1192343,115410011,ONCOBINE,1558476213,CIPLA BRASIL IMPORTADORA E DISTRIBUIDORA DE MEDICAMENTOS LTDA,18268051000164,2021-04-23T14:57:55.000-0300,25351336954201757,2026-09-24T00:00:00.000-0300
1150291,167730522,MELOXIGRAN,0818194260,LEGRAND PHARMA INDÚSTRIA FARMACÊUTICA LTDA,05044984000126,2026-08-11T17:34:00.000-0300,25351341798201582,2026-09-24T00:00:00.000-0300
3570335,189770003,VALCYTE,1595277251,BIOPAS BRASIL PRODUTOS FARMACEUTICOS LTDA,31327287000192,2025-12-12T17:22:39.000-0200,25351191230202233,2026-09-24T00:00:00.000-0300
1140290,105830854,alprazolam,0904096262,GERMED FARMACEUTICA LTDA,45992062000165,2026-09-01T12:17:46.000-0300,25351402866201597,2026-09-24T00:00:00.000-0300
1150544,102980449,VENSATE LP,0133045269,CRISTÁLIA PRODUTOS QUÍMICOS FARMACÊUTICOS LTDA.,44734671000151,2026-02-09T16:42:31.000-0200,25351403350201641,2026-09-24T00:00:00.000-0300
1173536,100431210,CORRETAL,0248824261,EUROFARMA LABORATORIOS S.A.,61190096000192,2026-03-13T12:28:49.000-0300,25351931736201648,2026-09-24T00:00:00.000-0300
1153664,105350192,cloridrato de propranolol,0622756265,LABORATÓRIO GLOBO SA,17115437000173,2026-06-24T15:20:21.000-0300,25351460060201602,2026-09-24T00:00:00.000-0300
1145923,135170030,Zeterina,0972649239,ALTHAIA S.A. INDUSTRIA FARMACEUTICA,48344725000719,2023-09-13T14:47:52.000-0300,25351109189201611,2026-09-24T00:00:00.000-0300
1181000,105830907,pentoxifilina,0929500261,GERMED FARMACEUTICA LTDA,45992062000165,2026-09-08T15:14:55.000-0300,25351365181201714,2026-09-24T00:00:00.000-0300
1207024,167730569,dipirona  monoidratada,0451469259,LEGRAND PHARMA INDÚSTRIA FARMACÊUTICA LTDA,05044984000126,2025-04-02T12:07:12.000-0300,25351147077201740,2026-09-24T00:00:00.000-0300
1115588,100431193,FORITUS,0703473263,EUROFARMA LABORATORIOS S.A.,61190096000192,2026-07-16T11:05:56.000-0300,25351031791201636,2026-09-24T00:00:00.000-0300
1175778,158190015,DEXADOR,1586014251,ARESE PHARMA LTDA.,07670111000154,2025-12-10T16:16:49.000-0200,25351062634201704,2026-09-24T00:00:00.000-0300
1136372,102351232,besilato de levanlodipino,0327462264,EMS S/A,57507378000365,2026-04-06T14:41:10.000-0300,25351463228201603,2026-09-24T00:00:00.000-0300
1204519,102351233,succinato de solifenacina,0217222269,EMS S/A,57507378000365,2026-03-05T10:02:43.000-0300,25351535567201607,2026-09-24T00:00:00.000-0300
1169279,143810202,Hedera Cimed,1489975250,CIMED INDUSTRIA S.A,02814497000107,2025-11-12T14:44:16.000-0200,25351795089201672,2026-09-24T00:00:00.000-0300
1132622,105830824,MOTIRIDONA,0135743265,GERMED FARMACEUTICA LTDA,45992062000165,2026-02-10T10:53:01.000-0200,25351413421201532,2026-09-24T00:00:00.000-0300
1132919,135690703,ITRASPOR,0783721269,EMS SIGMA PHARMA LTDA,00923140000131,2026-08-04T15:54:42.000-0300,25351186273201578,2026-09-24T00:00:00.000-0300
868937,156510070,cloridrato de amiodarona,0167075268,ZYDUS NIKKHO FARMACÊUTICA LTDA,05254971000181,2026-02-20T08:38:42.000-0200,25351711988201242,2026-09-24T00:00:00.000-0300
885738,143810219,losartana potássica,1191390225,CIMED INDUSTRIA S.A,02814497000107,2022-03-18T16:09:32.000-0300,25351186324201386,2026-09-24T00:00:00.000-0300
800391,154230289,acetilcisteína,0473334267,GEOLAB INDÚSTRIA FARMACÊUTICA S/A,03485572000104,2026-05-14T18:37:55.000-0300,25351743460201150,2026-09-24T00:00:00.000-0300
1219867,122140110,DEFITELIO,0828075255,ADIUM S.A.,55980684000127,2025-06-24T09:37:44.000-0300,25351658907201760,2026-09-24T00:00:00.000-0300
788753,125680268,prednisolona,0418867267,PRATI DONADUZZI & CIA LTDA,73856593000166,2026-04-29T17:42:39.000-0300,25351628193201109,2026-09-24T00:00:00.000-0300
1095366,146820059,DICLORIDRATO DE LEVOCETIRIZINA,1316796211,SUN FARMACÊUTICA DO BRASIL LTDA,05035244000123,2021-04-06T16:56:43.000-0300,25351919417201664,2026-09-24T00:00:00.000-0300
1188950,115410006,VINATIN,1558670217,CIPLA BRASIL IMPORTADORA E DISTRIBUIDORA DE MEDICAMENTOS LTDA,18268051000164,2021-04-23T15:13:41.000-0300,25351336924201708,2026-09-24T00:00:00.000-0300
1188975,115410005,TOPLANINA,1558582214,CIPLA BRASIL IMPORTADORA E DISTRIBUIDORA DE MEDICAMENTOS LTDA,18268051000164,2021-04-23T15:08:31.000-0300,25351336933201794,2026-09-24T00:00:00.000-0300
1204166,154230269,Fitobiloba,1573447251,GEOLAB INDÚSTRIA FARMACÊUTICA S/A,03485572000104,2025-12-06T08:45:33.000-0200,25351965696201650,2026-09-24T00:00:00.000-0300
1183585,102351225,COLIAFT,4949648225,EMS S/A,57507378000365,2022-11-17T14:46:50.000-0200,25351367317201721,2026-09-24T00:00:00.000-0300
1201444,169930008,SPINRAZA,0939651262,BIOGEN BRASIL PRODUTOS FARMACEUTICOS LTDA,07986222000174,2026-09-10T14:19:53.000-0300,25351233501201778,2026-09-24T00:00:00.000-0300
131886,143810076,VALERIMED,1635482259,CIMED INDUSTRIA S.A,02814497000107,2025-12-22T10:16:08.000-0200,25351165417200238,2026-09-24T00:00:00.000-0300
1163426,154230263,cetoconazol + dipropionato de betametasona,1584316250,GEOLAB INDÚSTRIA FARMACÊUTICA S/A,03485572000104,2025-12-10T11:25:09.000-0200,25351165882201755,2026-09-24T00:00:00.000-0300
1166655,105730513,REGRESSA,1424837251,ACHÉ LABORATÓRIOS FARMACÊUTICOS S.A,60659463002992,2025-10-27T10:47:23.000-0300,25351222762201762,2026-09-24T00:00:00.000-0300
1176964,100431214,cetoprofeno,1374877255,EUROFARMA LABORATORIOS S.A.,61190096000192,2025-10-14T11:28:27.000-0300,25351306243201756,2026-09-24T00:00:00.000-0300
1176974,155620048,linezolida,0742222268,ANTIBIÓTICOS DO BRASIL LTDA,05439635000103,2026-07-24T16:48:23.000-0300,25351221994201701,2026-09-24T00:00:00.000-0300
1150545,139710017,Panzyga,0926297252,OCTAPHARMA BRASIL LTDA,02552927000160,2025-07-16T16:06:06.000-0300,25351077310201705,2026-09-24T00:00:00.000-0300
1190475,188300030,ELIDEL,0627971261,VIATRIS FARMACEUTICA DO BRASIL LTDA,11643096000122,2026-06-25T15:12:27.000-0300,25351345201201718,2026-09-24T00:00:00.000-0300
1185156,154230266,espironolactona,0068112262,GEOLAB INDÚSTRIA FARMACÊUTICA S/A,03485572000104,2026-01-22T10:00:57.000-0200,25351089711201631,2026-09-24T00:00:00.000-0300
1182688,188300026,POLIXIL B,1076434240,VIATRIS FARMACEUTICA DO BRASIL LTDA,11643096000122,2024-08-07T10:42:05.000-0300,25351300000201703,2026-09-24T00:00:00.000-0300
1138007,167730504,INDATRAT SR,0275663264,LEGRAND PHARMA INDÚSTRIA FARMACÊUTICA LTDA,05044984000126,2026-03-20T16:56:15.000-0300,25351402973201515,2026-09-24T00:00:00.000-0300
1141976,104810124,DIGIAZIA,3959768207,1FARMA INDUSTRIA FARMACEUTICA LTDA,48113906000149,2020-11-11T09:50:37.000-0200,25351975881201631,2026-09-24T00:00:00.000-0300
1163679,135690721,VELAMOX,0242320261,EMS SIGMA PHARMA LTDA,00923140000131,2026-03-12T11:25:55.000-0300,25351150964201703,2026-09-24T00:00:00.000-0300
1177233,157110001,Archeus,0329289194,LOTUSFARMA PRODUTOS FARMACÊUTICOS LTDA,00974578000149,2023-04-28T13:52:25.000-0300,25351425969201607,2026-09-24T00:00:00.000-0300
1178031,100431216,alendronato de sódio,0283525266,EUROFARMA LABORATORIOS S.A.,61190096000192,2026-03-24T15:14:15.000-0300,25351306142201785,2026-09-24T00:00:00.000-0300
125734,143810067,GINKOMED,1612940251,CIMED INDUSTRIA S.A,02814497000107,2025-12-17T10:51:55.000-0200,253510047990235,2026-09-24T00:00:00.000-0300
1177453,154230264,sinvastatina,0554132257,GEOLAB INDÚSTRIA FARMACÊUTICA S/A,03485572000104,2025-04-24T16:32:41.000-0300,25351417849201635,2026-09-24T00:00:00.000-0300
1139302,105830844,ACNOVA,0230756263,GERMED FARMACEUTICA LTDA,45992062000165,2026-03-09T16:07:36.000-0300,25351546841201502,2026-09-24T00:00:00.000-0300
1215733,105530383,INFLUVAC TETRA,0121924262,ABBOTT LABORATÓRIOS DO BRASIL LTDA,56998701000116,2026-02-05T16:48:00.000-0200,25351617115201735,2026-09-24T00:00:00.000-0300
1209682,100470618,RIXIMYO,0520977262,SANDOZ DO BRASIL INDÚSTRIA FARMACÊUTICA LTDA,61286647000116,2026-05-27T14:24:23.000-0300,25351559801201784,2026-09-24T00:00:00.000-0300
366801,156510001,CLORIDRATO DE CIPROFLOXACINO,0004316231,ZYDUS NIKKHO FARMACÊUTICA LTDA,05254971000181,2023-01-03T12:58:32.000-0200,25351037813200438,2026-09-24T00:00:00.000-0300
401582,103700459,PROPIONATO DE CLOBETASOL,0552471259,LABORATÓRIO TEUTO BRASILEIRO S/A,17159229000176,2025-04-24T12:46:35.000-0300,25351229905200442,2026-09-24T00:00:00.000-0300
401585,155620010,TOBRAMINA,0596533268,ANTIBIÓTICOS DO BRASIL LTDA,05439635000103,2026-06-17T15:25:14.000-0300,25351042469200580,2026-09-24T00:00:00.000-0300
403064,105830417,cefalexina,0217891268,GERMED FARMACEUTICA LTDA,45992062000165,2026-03-05T11:37:23.000-0300,25351290146200410,2026-09-24T00:00:00.000-0300
403423,113430117,CLORIDRATO DE DOBUTAMINA,1563462249,HIPOLABOR FARMACEUTICA LTDA,19570720000110,2024-11-13T13:49:40.000-0200,25351171790200490,2026-09-24T00:00:00.000-0300
401128,105040010,PÍLULAS DE ERVA DE BICHO COMPOSTAS IMESCARD,1616672251,LABORATÓRIOS OSÓRIO DE MORAES LTDA,19791813000175,2025-12-17T17:04:52.000-0200,2599200037025,2026-09-24T00:00:00.000-0300
397939,101070236,EPIVIR,1436569257,GLAXOSMITHKLINE BRASIL LTDA,33247743000110,2025-10-29T14:43:20.000-0300,25351011766200583,2026-09-24T00:00:00.000-0300
401165,103870056,Bicarbonato de Sódio,1524215213,HYPOFARMA - INSTITUTO DE HYPODERMIA E FARMÁCIA LTDA,17174657000178,2021-04-21T10:39:02.000-0300,25351275728200476,2026-09-24T00:00:00.000-0300
403187,110630111,ALFAINTERFERONA 2b,1643481211,FUNDAÇÃO OSWALDO CRUZ,33781055000135,2021-04-29T11:31:01.000-0300,25351050387200517,2026-09-24T00:00:00.000-0300
398527,110850023,BICARBONATO DE SÓDIO - FARMACE,0214653242,FARMACE INDÚSTRIA QUÍMICO-FARMACÊUTICA CEARENSE LTDA,06628333000146,2024-02-23T10:26:18.000-0300,25351200565200478,2026-09-24T00:00:00.000-0300
402621,128760013,PROPESS,1193161240,LABORATÓRIOS FERRING LTDA,74232034000148,2024-08-29T19:33:10.000-0300,25351194049200235,2026-09-24T00:00:00.000-0300
397443,104970289,DIAMOX,0267521251,UNIÃO QUÍMICA FARMACÊUTICA NACIONAL S/A,60665981000118,2025-02-25T18:22:11.000-0300,25351197636200448,2026-09-24T00:00:00.000-0300
401264,110850028,VITAMINA C INJETÁVEL,0215010248,FARMACE INDÚSTRIA QUÍMICO-FARMACÊUTICA CEARENSE LTDA,06628333000146,2024-02-23T11:05:11.000-0300,25351208246200419,2026-09-24T00:00:00.000-0300
402871,125680124,BROMIDRATO DE FENOTEROL,0249783192,PRATI DONADUZZI & CIA LTDA,73856593000166,2019-03-20T10:40:49.000-0300,25351001594200530,2026-09-24T00:00:00.000-0300
400192,156510006,FLUCONAZOL,0815162138,ZYDUS NIKKHO FARMACÊUTICA LTDA,05254971000181,2013-09-26T15:36:51.000-0300,25351115331200426,2026-09-24T00:00:00.000-0300
402314,117720002,SOLUÇÃO GLICOFISIOLÓGICA EQUIPLEX,1649235259,EQUIPLEX INDÚSTRIA FARMACÊUTICA LTDA,01784792000103,2025-12-26T17:24:00.000-0200,250000067669220,2026-09-24T00:00:00.000-0300
1758,102350459,CETOCONAZOL,0839815263,EMS S/A,57507378000365,2026-08-17T17:26:02.000-0300,253510134350048,2026-09-24T00:00:00.000-0300
397606,125680122,triancinolona acetonida,0810417251,PRATI DONADUZZI & CIA LTDA,73856593000166,2025-06-17T17:37:00.000-0300,25351301564200440,2026-09-24T00:00:00.000-0300
399720,105530323,TROMBOFOB GEL,0056348258,ABBOTT LABORATÓRIOS DO BRASIL LTDA,56998701000116,2025-01-15T08:31:15.000-0200,25351023006200438,2026-09-24T00:00:00.000-0300
401261,104971315,MUCOFAN,0589426265,UNIÃO QUÍMICA FARMACÊUTICA NACIONAL S/A,60665981000118,2026-06-16T10:50:40.000-0300,25351190649200496,2026-09-24T00:00:00.000-0300
401809,109740199,ECASIL-81,1578065259,BIOLAB SANUS FARMACÊUTICA LTDA,49475833000106,2025-12-08T17:21:54.000-0200,25351045291200529,2026-09-24T00:00:00.000-0300
401841,100430931,anastrozol,1548028258,EUROFARMA LABORATORIOS S.A.,61190096000192,2025-12-01T11:32:30.000-0200,25351006978200549,2026-09-24T00:00:00.000-0300
403285,121100263,TYGACIL,0131028260,PFIZER BRASIL LTDA,61072393000133,2026-02-09T11:42:37.000-0200,25351036605200501,2026-09-24T00:00:00.000-0300
404237,105830421,adapaleno,0155541251,GERMED FARMACEUTICA LTDA,45992062000165,2025-02-04T15:35:28.000-0200,25351030508200504,2026-09-24T00:00:00.000-0300
404764,118600070,ANDROSTEN,3031637216,HERBARIUM LABORATORIO BOTANICO LTDA,78950011000120,2021-08-03T15:36:38.000-0300,25351302868200424,2026-09-24T00:00:00.000-0300
397134,110850026,butilbrometo de escopolamina + dipirona sódica,0215160240,FARMACE INDÚSTRIA QUÍMICO-FARMACÊUTICA CEARENSE LTDA,06628333000146,2024-02-23T11:32:06.000-0300,25351283848200447,2026-09-24T00:00:00.000-0300
401441,104430009,BIOVICERIN,1601766254,GEYER MEDICAMENTOS S.A.,92670801000182,2025-12-15T13:07:21.000-0200,2599201319652,2026-09-24T00:00:00.000-0300
403778,113430118,AMINOFILINA,1557189242,HIPOLABOR FARMACEUTICA LTDA,19570720000110,2024-11-12T14:18:34.000-0200,25351171752200437,2026-09-24T00:00:00.000-0300
403802,156510008,mononitrato de isossorbida,0616902263,ZYDUS NIKKHO FARMACÊUTICA LTDA,05254971000181,2026-06-23T13:40:34.000-0300,25351025391200539,2026-09-24T00:00:00.000-0300
410300,103700466,BROMETO DE IPRATRÓPIO,0682238252,LABORATÓRIO TEUTO BRASILEIRO S/A,17159229000176,2025-05-21T12:48:27.000-0300,25351126136200511,2026-09-24T00:00:00.000-0300
2490,103700254,CORDIL,0592803236,LABORATÓRIO TEUTO BRASILEIRO S/A,17159229000176,2023-06-12T10:19:37.000-0300,250000284349657,2026-09-24T00:00:00.000-0300
412613,125680128,sulfato de neomicina + bacitracina zíncica,0802995268,PRATI DONADUZZI & CIA LTDA,73856593000166,2026-08-07T16:18:10.000-0300,25351119479200511,2026-09-24T00:00:00.000-0300
412615,113430120,dipirona monoidratada,0606157263,HIPOLABOR FARMACEUTICA LTDA,19570720000110,2026-06-19T15:39:19.000-0300,25351172531200486,2026-09-24T00:00:00.000-0300
409995,109630053,nistatina,0855200182,THEODORO F SOBRAL & CIA LTDA,06597801000162,2018-08-31T08:55:52.000-0300,25351060578200589,2026-09-24T00:00:00.000-0300
407976,132230098,CPHD GENIUS,0546736262,FRESENIUS MEDICAL CARE LTDA,01440590000136,2026-06-03T17:20:45.000-0300,25351063234200441,2026-09-24T00:00:00.000-0300
407981,102350752,clonazepam,0694005266,EMS S/A,57507378000365,2026-07-14T15:09:27.000-0300,25351052367200572,2026-09-24T00:00:00.000-0300
409053,125680127,ACETILCISTEÍNA,0755326261,PRATI DONADUZZI & CIA LTDA,73856593000166,2026-07-28T18:01:57.000-0300,25351043353200568,2026-09-24T00:00:00.000-0300
411478,103700470,DIPIRONA,0604407262,LABORATÓRIO TEUTO BRASILEIRO S/A,17159229000176,2026-06-19T11:37:02.000-0300,25351153745200534,2026-09-24T00:00:00.000-0300
411479,103700471,CLORIDRATO DE CLINDAMICINA,0348599269,LABORATÓRIO TEUTO BRASILEIRO S/A,17159229000176,2026-04-10T13:06:15.000-0300,25351144362200575,2026-09-24T00:00:00.000-0300
412628,102350768,mesalazina,0556005261,EMS S/A,57507378000365,2026-06-08T10:59:00.000-0300,25351139371200544,2026-09-24T00:00:00.000-0300
412630,105830498,mesalazina,0555893260,GERMED FARMACEUTICA LTDA,45992062000165,2026-06-08T10:32:03.000-0300,25351124385200563,2026-09-24T00:00:00.000-0300
379764,105830380,cloridrato de fluoxetina,0088592251,GERMED FARMACEUTICA LTDA,45992062000165,2025-01-21T15:55:11.000-0200,25351134473200492,2026-09-24T00:00:00.000-0300
406563,105040011,Pomada de Erva de Bicho Adrenalina e Hamamélis Composta Imescard,1603855254,LABORATÓRIOS OSÓRIO DE MORAES LTDA,19791813000175,2025-12-15T16:15:34.000-0200,2599200379444,2026-09-24T00:00:00.000-0300
412649,143810004,MEBENIX,0300943172,CIMED INDUSTRIA S.A,02814497000107,2017-02-23T11:12:21.000-0300,2599201409872,2026-09-24T00:00:00.000-0300
410388,102350754,mesilato de doxazosina,0056356269,EMS S/A,57507378000365,2026-01-19T16:46:13.000-0200,25351100825200597,2026-09-24T00:00:00.000-0300
406623,103700473,Fenitoína,0617461252,LABORATÓRIO TEUTO BRASILEIRO S/A,17159229000176,2025-05-07T15:34:42.000-0300,25351039387200558,2026-09-24T00:00:00.000-0300
409537,113430119,SULFATO DE GENTAMICINA,1600809243,HIPOLABOR FARMACEUTICA LTDA,19570720000110,2024-11-22T11:33:50.000-0200,25351067879200533,2026-09-24T00:00:00.000-0300
409996,102350757,levofloxacino,0569405254,EMS S/A,57507378000365,2025-04-28T12:25:06.000-0300,25351052268200591,2026-09-24T00:00:00.000-0300
406227,103870055,cloridrato de bupivacaína hiperbárica,0364894261,HYPOFARMA - INSTITUTO DE HYPODERMIA E FARMÁCIA LTDA,17174657000178,2026-04-14T20:29:35.000-0300,25351036980200542,2026-09-24T00:00:00.000-0300
410450,103700472,CARBAMAZEPINA,0423923269,LABORATÓRIO TEUTO BRASILEIRO S/A,17159229000176,2026-04-30T16:47:45.000-0300,25351076855200575,2026-09-24T00:00:00.000-0300
165120,118600028,ISOFLAVINE,0009859268,HERBARIUM LABORATORIO BOTANICO LTDA,78950011000120,2026-01-06T15:43:11.000-0200,253510371750112,2026-09-24T00:00:00.000-0300
406644,125680126,ACETATO DE DEXAMETASONA,1257767241,PRATI DONADUZZI & CIA LTDA,73856593000166,2024-09-12T15:15:14.000-0300,25351045969200573,2026-09-24T00:00:00.000-0300
407235,155620012,ÁGUA PARA INJEÇÃO,0460415176,ANTIBIÓTICOS DO BRASIL LTDA,05439635000103,2017-03-22T14:50:31.000-0300,25351290702200458,2026-09-24T00:00:00.000-0300
409084,151670015,CLORIDRATO DE METFORMINA,3748996217,AUROBINDO PHARMA INDÚSTRIA FARMACÊUTICA LIMITADA,04301884000175,2021-09-22T11:56:21.000-0300,25351021052200583,2026-09-24T00:00:00.000-0300
70739,126250061,LFM - OFLOXACINO,1607780259,LABORATÓRIO FARMACÊUTICO DA MARINHA,00394502007157,2025-12-16T13:52:10.000-0200,250000122439871,2026-09-24T00:00:00.000-0300
411691,102350758,GABAPENTINA,1063234239,EMS S/A,57507378000365,2023-10-05T14:51:55.000-0300,25351110926200576,2026-09-24T00:00:00.000-0300
406717,113840002,MARAVILHA CURATIVA DO DR. HUMPHERYS,0511353235,PINUS INDUSTRIA QUIMICA E FARMACEUTICA LTDA,28938645000199,2023-05-19T16:42:13.000-0300,25351256326200472,2026-09-24T00:00:00.000-0300
407308,100330124,ELANI,0617509255,LIBBS FARMACÊUTICA LTDA,61230314000175,2025-05-07T15:39:08.000-0300,25351104034200536,2026-09-24T00:00:00.000-0300
385342,104970120,FENAREN,0476060265,UNIÃO QUÍMICA FARMACÊUTICA NACIONAL S/A,60665981000118,2026-05-15T14:01:19.000-0300,250000020798821,2026-09-24T00:00:00.000-0300
408174,156250002,ERITROPOIETINA,1617780251,CHRON EPIGEN INDÚSTRIA E COMÉRCIO LTDA,04415365000138,2025-12-17T19:44:47.000-0200,25351173158200481,2026-09-24T00:00:00.000-0300
408569,102350753,topiramato,1513591258,EMS S/A,57507378000365,2025-11-19T10:25:42.000-0200,25351059787200580,2026-09-24T00:00:00.000-0300
409640,103700469,CLORIDRATO DE OXIMETAZOLINA,2842943210,LABORATÓRIO TEUTO BRASILEIRO S/A,17159229000176,2021-07-21T14:37:44.000-0300,25351123243200589,2026-09-24T00:00:00.000-0300
411183,103700467,BROMIDRATO DE FENOTEROL,2807749216,LABORATÓRIO TEUTO BRASILEIRO S/A,17159229000176,2021-07-19T12:10:18.000-0300,253510062510095,2026-09-24T00:00:00.000-0300
411185,113430149,cloridrato de metoclopramida,0886164265,HIPOLABOR FARMACEUTICA LTDA,19570720000110,2026-08-27T10:35:46.000-0300,25351079620200535,2026-09-24T00:00:00.000-0300
407316,101910061,CAMOMILINA C,1619902257,THERASKIN FARMACEUTICA LTDA.,61517397000188,2025-12-18T10:38:57.000-0200,2599200077318,2026-09-24T00:00:00.000-0300
409643,103700464,CETOCONAZOL + DIPROPIONATO DE BETAMETASONA + SULFATO DE NEOMICINA,1272955257,LABORATÓRIO TEUTO BRASILEIRO S/A,17159229000176,2025-09-25T10:42:48.000-0300,25351105741200540,2026-09-24T00:00:00.000-0300
412829,109740195,DRENISON,1570333254,BIOLAB SANUS FARMACÊUTICA LTDA,49475833000106,2025-12-05T12:08:07.000-0200,25351148996200505,2026-09-24T00:00:00.000-0300
69828,108840304,IQUEGO - DOXICICLINA,0994505139,INDÚSTRIA QUÍMICA DO ESTADO DE GOIÁS S/A - IQUEGO,01541283000141,2013-11-27T15:26:09.000-0200,250000203609548,2026-09-24T00:00:00.000-0300
408214,116910006,CPHD AC 35 C/ GLICOSE,0659719266,NIPRO RENAL SOLUTIONS BRASIL LTDA,92832195000154,2026-07-03T17:13:12.000-0300,25351008123200552,2026-09-24T00:00:00.000-0300
345320,102980135,TRACUR,0568334264,CRISTÁLIA PRODUTOS QUÍMICOS FARMACÊUTICOS LTDA.,44734671000151,2026-06-10T14:05:23.000-0300,250000163219230,2026-09-24T00:00:00.000-0300
406358,101470096,CROMOGLICATO,1544253257,ALLERGAN PRODUTOS FARMACÊUTICOS LTDA,43426626000177,2025-11-28T14:55:17.000-0200,2500100230782,2026-09-24T00:00:00.000-0300
410164,110630114,VACINA MENINGOCÓCICA AC (POLISSACARÍDICA),3725824209,FUNDAÇÃO OSWALDO CRUZ,33781055000135,2020-10-26T11:39:57.000-0300,25351053307200313,2026-09-24T00:00:00.000-0300
415167,151670018,bromidrato de citalopram,0376612231,AUROBINDO PHARMA INDÚSTRIA FARMACÊUTICA LIMITADA,04301884000175,2023-04-14T10:47:02.000-0300,25351205175200575,2026-09-24T00:00:00.000-0300
405159,101000637,AVASTIN,0875667252,PRODUTOS ROCHE QUÍMICOS E FARMACÊUTICOS S.A.,33009945000123,2025-07-03T14:54:47.000-0300,25351255514200483,2026-09-24T00:00:00.000-0300
372891,109740193,TAPAZOL,1627289259,BIOLAB SANUS FARMACÊUTICA LTDA,49475833000106,2025-12-19T11:23:24.000-0200,25351002069200451,2026-09-24T00:00:00.000-0300
407849,105830429,clonazepam,0689177267,GERMED FARMACEUTICA LTDA,45992062000165,2026-07-13T17:52:33.000-0300,25351052241200506,2026-09-24T00:00:00.000-0300
345604,102350700,CLORIDRATO DE SERTRALINA,0217258263,EMS S/A,57507378000365,2026-03-05T10:10:40.000-0300,25351040185200397,2026-09-24T00:00:00.000-0300
409656,103900175,ALENDIL CÁLCIO D,1556817258,FARMOQUÍMICA S/A,33349473000158,2025-12-03T08:56:48.000-0200,25351072022200535,2026-09-24T00:00:00.000-0300
401921,102350242,COMPLEXO B 12,1603637257,EMS S/A,57507378000365,2025-12-15T15:39:32.000-0200,2599100107480,2026-09-24T00:00:00.000-0300
409069,101180599,URO-VAXOM,1612408257,APSEN FARMACEUTICA S/A,62462015000129,2025-12-17T09:16:06.000-0200,25351007237200585,2026-09-24T00:00:00.000-0300
980,102350522,AZITROMICINA,1588910253,EMS S/A,57507378000365,2025-12-11T10:59:23.000-0200,253510151640164,2026-09-24T00:00:00.000-0300
411368,103700468,Cetoconazol + dipropionato de betametasona + sulfato de neomicina,0645246255,LABORATÓRIO TEUTO BRASILEIRO S/A,17159229000176,2025-05-13T14:09:03.000-0300,25351123312200554,2026-09-24T00:00:00.000-0300
411372,102350801,TIOTRAX,0792571266,EMS S/A,57507378000365,2026-08-06T10:26:22.000-0300,253510013150251,2026-09-24T00:00:00.000-0300
412919,151670019,amoxicilina,0037344242,AUROBINDO PHARMA INDÚSTRIA FARMACÊUTICA LIMITADA,04301884000175,2024-01-11T16:15:23.000-0200,25351108340200541,2026-09-24T00:00:00.000-0300
1108047,102440010,KYPROLIS,0672260255,AMGEN BIOTECNOLOGIA DO BRASIL LTDA.,18774815000193,2025-05-19T15:13:32.000-0300,25351548851201574,2026-09-24T00:00:00.000-0300
417157,138410020,POLARADEX,0117303267,NATULAB LABORATORIO S.A,02456955000183,2026-02-04T18:50:59.000-0200,25351191574200541,2026-09-24T00:00:00.000-0300
413627,100430690,REHIDRAT,0577817230,EUROFARMA LABORATORIOS S.A.,61190096000192,2023-06-06T12:12:23.000-0300,2599200685355,2026-09-24T00:00:00.000-0300
395674,102350721,losartana potássica + hidroclorotiazida,0116480262,EMS S/A,57507378000365,2026-02-04T16:10:13.000-0200,25351247956200456,2026-09-24T00:00:00.000-0300
1497,116370014,B -PLATIN,1643586254,BLAU FARMACÊUTICA S.A.,58430828000160,2025-12-23T17:41:35.000-0200,250000046689914,2026-09-24T00:00:00.000-0300
4687,103700126,HALOPER,1731511215,LABORATÓRIO TEUTO BRASILEIRO S/A,17159229000176,2021-05-05T14:30:46.000-0300,250000262479639,2026-09-24T00:00:00.000-0300
414376,107150161,ALIVBABY,0499455266,CAZI QUIMICA FARMACEUTICA INDUSTRIA E COMERCIO LTDA,44010437000181,2026-05-21T16:26:11.000-0300,250000019019881,2026-09-24T00:00:00.000-0300
412572,101070083,Engerix B,1593876246,GLAXOSMITHKLINE BRASIL LTDA,33247743000110,2024-11-21T12:01:37.000-0200,2500100359787,2026-09-24T00:00:00.000-0300
414813,117660006,NORDITROPIN,0536540268,NOVO NORDISK FARMACÊUTICA DO BRASIL LTDA,82277955000155,2026-06-01T16:37:13.000-0300,250000015299065,2026-09-24T00:00:00.000-0300
413013,155620013,imipenem + cilastatina,0630821267,ANTIBIÓTICOS DO BRASIL LTDA,05439635000103,2026-06-26T10:22:18.000-0300,25351133808200536,2026-09-24T00:00:00.000-0300
470641,155730001,COPAXONE,1501517252,TEVA FARMACÊUTICA LTDA.,05333542000108,2025-11-14T21:34:57.000-0200,25351194921200679,2026-09-24T00:00:00.000-0300
486188,154230092,METRONIDAZOL + NISTATINA,0308043260,GEOLAB INDÚSTRIA FARMACÊUTICA S/A,03485572000104,2026-03-30T17:54:58.000-0300,25351300495200619,2026-09-24T00:00:00.000-0300
487854,155370009,cloridrato de metformina,4644603210,ACCORD FARMACÊUTICA LTDA,64171697000146,2021-11-24T10:37:58.000-0200,25351312642200601,2026-09-24T00:00:00.000-0300
487895,155370004,PACLITAXEL,0636124266,ACCORD FARMACÊUTICA LTDA,64171697000146,2026-06-28T14:25:24.000-0300,25351310802200670,2026-09-24T00:00:00.000-0300
482270,154230079,PIROXICAM,0932059148,GEOLAB INDÚSTRIA FARMACÊUTICA S/A,03485572000104,2014-10-16T14:13:42.000-0300,25351259126200633,2026-09-24T00:00:00.000-0300
486818,154230076,CETADEX,1392811252,GEOLAB INDÚSTRIA FARMACÊUTICA S/A,03485572000104,2025-10-18T09:15:53.000-0300,25351198244200668,2026-09-24T00:00:00.000-0300
486909,104070008,SORO ANTICROTÁLICO,0121475263,INSTITUTO VITAL BRAZIL S/A,30064034000100,2026-02-05T15:36:27.000-0200,250000117789258,2026-09-24T00:00:00.000-0300
489592,162410008,DIPIRONA SÓDICA,0061022194,UNITHER INDUSTRIA FARMACEUTICA LTDA.,04656253000179,2019-01-22T09:53:45.000-0200,25351326630200656,2026-09-24T00:00:00.000-0300
611372,143810133,BEPANTRIZ,1179032241,CIMED INDUSTRIA S.A,02814497000107,2024-08-27T17:26:08.000-0300,25351740813200845,2026-09-24T00:00:00.000-0300
490039,100290013,HYZAAR,1548072257,ORGANON FARMACÊUTICA LTDA.,45987013000134,2025-12-01T11:44:41.000-0200,250000156779535,2026-09-24T00:00:00.000-0300
489398,116370069,HEPAMAX-S,1364568250,BLAU FARMACÊUTICA S.A.,58430828000160,2025-10-09T16:33:35.000-0300,25351209378200611,2026-09-24T00:00:00.000-0300
487393,125680157,MUPIROCINA,1467908258,PRATI DONADUZZI & CIA LTDA,73856593000166,2025-11-06T10:53:41.000-0200,25351308484200687,2026-09-24T00:00:00.000-0300
175168,105250018,TORVAL CR,0040744264,TORRENT DO BRASIL LTDA,33078528000132,2026-01-14T15:45:06.000-0200,25351003244200346,2026-09-24T00:00:00.000-0300
526426,106460172,acetato de desmopressina,0730582264,LABORATORIO QUIMICO FARMACEUTICO BERGAMO LTDA,61282661000141,2026-07-22T16:54:41.000-0300,25351221108200760,2026-09-24T00:00:00.000-0300
489324,100890347,MESIDOX,1469473259,MERCK S/A,33069212000184,2025-11-06T14:56:53.000-0200,25351285485200646,2026-09-24T00:00:00.000-0300
489762,105730365,DIGEPLUS,0455610258,ACHÉ LABORATÓRIOS FARMACÊUTICOS S.A,60659463002992,2025-04-03T09:28:24.000-0300,25351203138200611,2026-09-24T00:00:00.000-0300
488105,105830532,RISPERIDONA,1278128247,GERMED FARMACEUTICA LTDA,45992062000165,2024-09-17T11:39:56.000-0300,25351410447200638,2026-09-24T00:00:00.000-0300
488107,102350824,risperidona,4697079213,EMS S/A,57507378000365,2021-11-29T11:12:56.000-0200,25351410563200657,2026-09-24T00:00:00.000-0300
491251,154230081,CARBOCISTEÍNA,0157293262,GEOLAB INDÚSTRIA FARMACÊUTICA S/A,03485572000104,2026-02-18T10:37:39.000-0200,25351337002200604,2026-09-24T00:00:00.000-0300
491668,125680158,CICLOPIROX OLAMINA,0582228149,PRATI DONADUZZI & CIA LTDA,73856593000166,2014-07-21T13:38:15.000-0300,25351337391200660,2026-09-24T00:00:00.000-0300
492501,105830542,NIMESULIDA,4502373222,GERMED FARMACEUTICA LTDA,45992062000165,2022-08-03T14:57:45.000-0300,25351444200200615,2026-09-24T00:00:00.000-0300
491983,164000001,ACESYL,0856760251,VASCONCELOS INDUSTRIA FARMACEUTICA E COMERCIO LTDA,05155425000193,2025-06-30T12:46:03.000-0300,25351407134200601,2026-09-24T00:00:00.000-0300
492150,156490003,amoxicilina,0274893266,UNICHEM FARMACÊUTICA DO BRASIL LTDA,05399786000185,2026-03-20T14:29:02.000-0300,25351339344200651,2026-09-24T00:00:00.000-0300
492492,105830541,ACECLOFENACO,0031524265,GERMED FARMACEUTICA LTDA,45992062000165,2026-01-12T16:38:35.000-0200,25351429196200665,2026-09-24T00:00:00.000-0300
493628,105730366,LEVOID,0184320259,ACHÉ LABORATÓRIOS FARMACÊUTICOS S.A,60659463002992,2025-02-10T11:43:32.000-0200,25351237194200641,2026-09-24T00:00:00.000-0300
494699,125680160,PREDNISONA,0257063269,PRATI DONADUZZI & CIA LTDA,73856593000166,2026-03-16T17:34:07.000-0300,25351359653200647,2026-09-24T00:00:00.000-0300
493820,128760014,GONAPEPTYL DAILY,0363396268,LABORATÓRIOS FERRING LTDA,74232034000148,2026-04-14T15:30:37.000-0300,25351349835200529,2026-09-24T00:00:00.000-0300
495056,100840148,SPIDUFEN,0468708260,ZAMBON LABORATÓRIOS FARMACÊUTICOS LTDA.,61100004000136,2026-05-14T08:28:54.000-0300,250000156658916,2026-09-24T00:00:00.000-0300
486583,115600168,AD SORO,0618752251,CIFARMA CIENTÍFICA FARMACÊUTICA LTDA,17562075000169,2025-05-07T17:30:56.000-0300,253510142190038,2026-09-24T00:00:00.000-0300
495806,100330137,FAULDMETRO,0909501262,LIBBS FARMACÊUTICA LTDA,61230314000175,2026-09-02T10:49:48.000-0300,25351191618200614,2026-09-24T00:00:00.000-0300
141082,100890202,EUTHYROX,1132829259,MERCK S/A,33069212000184,2025-08-22T10:59:30.000-0300,250000069099013,2026-09-24T00:00:00.000-0300
468616,103700501,FUMARATO DE CETOTIFENO,1098458155,LABORATÓRIO TEUTO BRASILEIRO S/A,17159229000176,2015-12-17T15:08:56.000-0200,25351223869200675,2026-09-24T00:00:00.000-0300
559546,101180611,MIOSAN CAF,1583260251,APSEN FARMACEUTICA S/A,62462015000129,2025-12-10T08:19:37.000-0200,25351294142200753,2026-09-24T00:00:00.000-0300
487714,155370002,CISPLATINA,0600870260,ACCORD FARMACÊUTICA LTDA,64171697000146,2026-06-18T14:33:38.000-0300,25351310812200613,2026-09-24T00:00:00.000-0300
488796,106890159,GLYTEOL,0640392261,KLEY HERTZ FARMACEUTICA S.A,92695691000103,2026-06-29T21:02:18.000-0300,25351062822200629,2026-09-24T00:00:00.000-0300
487718,155370003,CARBOPLATINA,2536501221,ACCORD FARMACÊUTICA LTDA,64171697000146,2022-04-26T13:19:45.000-0300,25351313675200661,2026-09-24T00:00:00.000-0300
497415,101070263,RELENZA,1053311249,GLAXOSMITHKLINE BRASIL LTDA,33247743000110,2024-08-01T15:00:54.000-0300,25351044485200698,2026-09-24T00:00:00.000-0300
495541,100330139,FAULDFLUOR,1657887251,LIBBS FARMACÊUTICA LTDA,61230314000175,2025-12-30T21:12:14.000-0200,25351191592200612,2026-09-24T00:00:00.000-0300
513240,123520205,cloridrato de venlafaxina,1642114251,RANBAXY FARMACÊUTICA LTDA,73663650000190,2025-12-23T13:40:50.000-0200,25351021817200747,2026-09-24T00:00:00.000-0300
490946,112780073,VALDOXAN,1571284257,LABORATÓRIOS SERVIER DO BRASIL LTDA,42374207000176,2025-12-05T15:08:21.000-0200,25351209856200693,2026-09-24T00:00:00.000-0300
505521,128760015,DDAVP,1627270256,LABORATÓRIOS FERRING LTDA,74232034000148,2025-12-19T11:16:25.000-0200,25351315864200678,2026-09-24T00:00:00.000-0300
506143,100850138,LIPIDEM,0839736266,LABORATORIOS B. BRAUN S/A,31673254000102,2026-08-17T17:01:33.000-0300,25351508799200622,2026-09-24T00:00:00.000-0300
498725,100430992,CILOSTAZOL,1490566252,EUROFARMA LABORATORIOS S.A.,61190096000192,2025-11-12T15:48:36.000-0200,25351407530200620,2026-09-24T00:00:00.000-0300
495135,100330140,FAULDCISPLA,0738557242,LIBBS FARMACÊUTICA LTDA,61230314000175,2024-06-03T15:30:00.000-0300,25351195127200642,2026-09-24T00:00:00.000-0300
505639,100470424,bissulfato de clopidogrel,0349635251,SANDOZ DO BRASIL INDÚSTRIA FARMACÊUTICA LTDA,61286647000116,2025-03-14T15:37:49.000-0300,25351484645200638,2026-09-24T00:00:00.000-0300
499331,125680180,BROMOPRIDA,0601009266,PRATI DONADUZZI & CIA LTDA,73856593000166,2026-06-18T14:58:51.000-0300,25351411295200691,2026-09-24T00:00:00.000-0300
499750,155370012,Pantoprazol,4783515221,ACCORD FARMACÊUTICA LTDA,64171697000146,2022-10-05T10:22:48.000-0300,25351419782200600,2026-09-24T00:00:00.000-0300
1277,103670006,BEROTEC,1610540255,BOEHRINGER INGELHEIM DO BRASIL QUÍMICA E FARMACÊUTICA LTDA.,60831658000177,2025-12-16T18:30:54.000-0200,2599202025373,2026-09-24T00:00:00.000-0300
503807,125680163,ACICLOVIR,0551939265,PRATI DONADUZZI & CIA LTDA,73856593000166,2026-06-05T13:49:24.000-0300,25351339870200611,2026-09-24T00:00:00.000-0300
502018,105730369,FISIOTON,0717631257,ACHÉ LABORATÓRIOS FARMACÊUTICOS S.A,60659463002992,2025-05-27T16:01:26.000-0300,25351454447200640,2026-09-24T00:00:00.000-0300
499217,125680161,IBUPROFENO,0380588269,PRATI DONADUZZI & CIA LTDA,73856593000166,2026-04-17T16:48:53.000-0300,25351410239200639,2026-09-24T00:00:00.000-0300
489907,100430983,SIBUS,1007266252,EUROFARMA LABORATORIOS S.A.,61190096000192,2025-08-05T14:32:16.000-0300,25351289382200655,2026-09-24T00:00:00.000-0300
502215,154230095,BEBEX N,1312040246,GEOLAB INDÚSTRIA FARMACÊUTICA S/A,03485572000104,2024-09-24T14:10:02.000-0300,25351431567200679,2026-09-24T00:00:00.000-0300
496076,102350847,MALEATO DE DEXCLORFENIRAMINA,0173974261,EMS S/A,57507378000365,2026-02-23T10:01:43.000-0300,25351484310200610,2026-09-24T00:00:00.000-0300
495345,125680159,acebrofilina,0920511261,PRATI DONADUZZI & CIA LTDA,73856593000166,2026-09-04T10:30:27.000-0300,25351368763200608,2026-09-24T00:00:00.000-0300
494068,110130249,ADACNE CLIN,0610927264,GLENMARK FARMACÊUTICA LTDA,44363661000157,2026-06-22T14:55:25.000-0300,25351351901200521,2026-09-24T00:00:00.000-0300
502262,101800390,Orencia,0886052246,BRISTOL-MYERS SQUIBB FARMACÊUTICA LTDA,56998982000107,2024-06-28T10:51:20.000-0300,25351370824200699,2026-09-24T00:00:00.000-0300
496123,155370006,Pravastatina Sódica,1343821231,ACCORD FARMACÊUTICA LTDA,64171697000146,2023-11-29T11:22:40.000-0200,25351374060200619,2026-09-24T00:00:00.000-0300
500825,156510014,ZYFLOXIN,1556566211,ZYDUS NIKKHO FARMACÊUTICA LTDA,05254971000181,2021-04-23T12:08:49.000-0300,25351206784200541,2026-09-24T00:00:00.000-0300
496465,125680162,benzoilmetronidazol + nistatina + cloreto de benzalcônio,1020410256,PRATI DONADUZZI & CIA LTDA,73856593000166,2025-08-08T08:28:25.000-0300,25351382473200669,2026-09-24T00:00:00.000-0300
504017,143810113,cefalexina,0832611221,CIMED INDUSTRIA S.A,02814497000107,2022-03-04T11:37:32.000-0300,25351458275200683,2026-09-24T00:00:00.000-0300
496202,105830544,ACETATO DE DEXAMETASONA,1048446247,GERMED FARMACEUTICA LTDA,45992062000165,2024-07-31T17:08:03.000-0300,25351482857200681,2026-09-24T00:00:00.000-0300
496209,102350848,ACETATO DE DEXAMETASONA,0428541267,EMS S/A,57507378000365,2026-05-04T10:00:24.000-0300,25351486639200615,2026-09-24T00:00:00.000-0300
3251,105350084,DEXAMETRAT,0779663250,LABORATÓRIO GLOBO SA,17115437000173,2025-06-10T12:13:48.000-0300,250000015629626,2026-09-24T00:00:00.000-0300
500474,162410003,dipirona monoidratada,1935975196,UNITHER INDUSTRIA FARMACEUTICA LTDA.,04656253000179,2019-08-06T11:48:23.000-0300,25351313621200603,2026-09-24T00:00:00.000-0300
497605,104971341,diclofenaco dietilamônio,0670455253,UNIÃO QUÍMICA FARMACÊUTICA NACIONAL S/A,60665981000118,2025-05-19T10:24:47.000-0300,25351398956200685,2026-09-24T00:00:00.000-0300
498223,103700516,ÁGUA PARA INJEÇÃO,1525559200,LABORATÓRIO TEUTO BRASILEIRO S/A,17159229000176,2020-05-15T13:53:04.000-0300,25351473295200684,2026-09-24T00:00:00.000-0300
510396,100430986,ALGESTONA ACETOFENIDA + ENANTATO DE ESTRADIOL,1638231249,EUROFARMA LABORATORIOS S.A.,61190096000192,2024-11-29T13:09:44.000-0200,25351010214200710,2026-09-24T00:00:00.000-0300
510466,110630121,"vacina adsorvida difteria, tétano, pertussis e Hemophilus influenza b (conjugada)",3725068200,FUNDAÇÃO OSWALDO CRUZ,33781055000135,2020-10-26T11:09:08.000-0300,25351110162200781,2026-09-24T00:00:00.000-0300
511432,154230097,TRINODAZOL NISTATINA,0307960269,GEOLAB INDÚSTRIA FARMACÊUTICA S/A,03485572000104,2026-03-30T17:38:18.000-0300,25351308339200604,2026-09-24T00:00:00.000-0300
511786,100470423,PLAGREL,0349158258,SANDOZ DO BRASIL INDÚSTRIA FARMACÊUTICA LTDA,61286647000116,2025-03-14T14:30:57.000-0300,25351503065200657,2026-09-24T00:00:00.000-0300
510678,110630122,VACINA HAEMOPHILUS INFLUENZAE B (CONJUGADA),3725256209,FUNDAÇÃO OSWALDO CRUZ,33781055000135,2020-10-26T11:17:13.000-0300,25351110498200743,2026-09-24T00:00:00.000-0300
509465,113430146,FUMARATO DE CETOTIFENO,0502219262,HIPOLABOR FARMACEUTICA LTDA,19570720000110,2026-05-22T10:16:00.000-0300,25351519622200651,2026-09-24T00:00:00.000-0300
510926,143810109,CIMEGRIPE 77C,0395378257,CIMED INDUSTRIA S.A,02814497000107,2025-03-24T11:57:42.000-0300,25351501647200607,2026-09-24T00:00:00.000-0300
501776,100430980,TROK-G,1622706251,EUROFARMA LABORATORIOS S.A.,61190096000192,2025-12-18T16:28:27.000-0200,25351428854200600,2026-09-24T00:00:00.000-0300
513213,125680165,dipropionato de betametasona + sulfato de gentamicina,0807229159,PRATI DONADUZZI & CIA LTDA,73856593000166,2015-09-10T18:51:33.000-0300,25351022152200799,2026-09-24T00:00:00.000-0300
513441,154230090,FLUISOLVAN,0519461180,GEOLAB INDÚSTRIA FARMACÊUTICA S/A,03485572000104,2018-06-28T19:56:40.000-0300,25351044005200699,2026-09-24T00:00:00.000-0300
506846,102350856,ácido mefenâmico,1624035256,EMS S/A,57507378000365,2025-12-18T18:08:03.000-0200,25351046048200790,2026-09-24T00:00:00.000-0300
512968,154230084,tioconazol + tinidazol,0585516260,GEOLAB INDÚSTRIA FARMACÊUTICA S/A,03485572000104,2026-06-15T13:30:48.000-0300,25351018880200704,2026-09-24T00:00:00.000-0300
514663,113430153,FUROSEMIDA,1666256242,HIPOLABOR FARMACEUTICA LTDA,19570720000110,2024-12-05T15:14:42.000-0200,25351044774200778,2026-09-24T00:00:00.000-0300
514664,100430965,BETES,4922673229,EUROFARMA LABORATORIOS S.A.,61190096000192,2022-11-09T12:37:16.000-0200,25351293526200414,2026-09-24T00:00:00.000-0300
508136,100330144,ELANI CICLO,0562147268,LIBBS FARMACÊUTICA LTDA,61230314000175,2026-06-09T12:10:46.000-0300,25351013069200729,2026-09-24T00:00:00.000-0300
513908,155370011,cloridrato de gencitabina,0017579252,ACCORD FARMACÊUTICA LTDA,64171697000146,2025-01-07T11:17:26.000-0200,25351031066200777,2026-09-24T00:00:00.000-0300
280899,101000617,FUZEON,2632959225,PRODUTOS ROCHE QUÍMICOS E FARMACÊUTICOS S.A.,33009945000123,2022-04-29T09:00:11.000-0300,25351035055200332,2026-09-24T00:00:00.000-0300
501667,118600089,IMUNOFLAN,0622052268,HERBARIUM LABORATORIO BOTANICO LTDA,78950011000120,2026-06-24T13:46:03.000-0300,25351440032200699,2026-09-24T00:00:00.000-0300
504234,104070100,SORO ANTIRRÁBICO,0121515265,INSTITUTO VITAL BRAZIL S/A,30064034000100,2026-02-05T15:42:08.000-0200,250000117809208,2026-09-24T00:00:00.000-0300
511602,125680171,CLORIDRATO DE TETRACICLINA,1650704259,PRATI DONADUZZI & CIA LTDA,73856593000166,2025-12-27T08:09:22.000-0200,25351486697200649,2026-09-24T00:00:00.000-0300
504881,110390034,FURP- DIPIRONA,1338833251,FUNDAÇÃO PARA O REMÉDIO POPULAR - FURP,43640754000119,2025-10-08T12:41:40.000-0300,2599100636181,2026-09-24T00:00:00.000-0300
511426,118600075,CÁSCARA SAGRADA HERBARIUM,0014609266,HERBARIUM LABORATORIO BOTANICO LTDA,78950011000120,2026-01-07T13:40:12.000-0200,25351419530200672,2026-09-24T00:00:00.000-0300
526674,118600080,CASTANHA DA ÍNDIA HERBARIUM,1364466252,HERBARIUM LABORATORIO BOTANICO LTDA,78950011000120,2025-10-10T16:03:12.000-0300,25351143226200720,2026-09-24T00:00:00.000-0300
526673,105350141,Cloridrato de Bromexina,0095674268,LABORATÓRIO GLOBO SA,17115437000173,2026-01-29T15:02:39.000-0200,25351184926200774,2026-09-24T00:00:00.000-0300
514042,120190142,sulfato de terbutalina,1500674213,GREENPHARMA QUÍMICA E FARMACÊUTICA LTDA,33408105000133,2021-04-19T20:33:33.000-0300,25351028119200772,2026-09-24T00:00:00.000-0300
513902,154230087,TININ,0581838262,GEOLAB INDÚSTRIA FARMACÊUTICA S/A,03485572000104,2026-06-13T11:34:18.000-0300,25351028625200761,2026-09-24T00:00:00.000-0300
506601,100630218,MONOCEF,0733645267,INSTITUTO BIOCHIMICO INDÚSTRIA FARMACÊUTICA LTDA,33258401000103,2026-07-23T09:53:58.000-0300,25351353935200631,2026-09-24T00:00:00.000-0300
519880,151670036,Captopril,1069283215,AUROBINDO PHARMA INDÚSTRIA FARMACÊUTICA LIMITADA,04301884000175,2021-03-19T11:10:10.000-0300,25351432525200655,2026-09-24T00:00:00.000-0300
515711,102350865,micofenolato de mofetila,0823415261,EMS S/A,57507378000365,2026-08-12T17:16:54.000-0300,25351136358200703,2026-09-24T00:00:00.000-0300
575975,100431008,MEROMAX,1530824257,EUROFARMA LABORATORIOS S.A.,61190096000192,2025-11-25T16:33:08.000-0200,25351397764200651,2026-09-24T00:00:00.000-0300
501218,154230088,BETRICORT,1303641259,GEOLAB INDÚSTRIA FARMACÊUTICA S/A,03485572000104,2025-09-30T10:41:56.000-0300,25351400362200641,2026-09-24T00:00:00.000-0300
488215,100330134,FAULDOXO,1615160248,LIBBS FARMACÊUTICA LTDA,61230314000175,2024-11-26T11:19:25.000-0200,25351192210200660,2026-09-24T00:00:00.000-0300
521527,103700510,cloridrato de amitriptilina,0509041264,LABORATÓRIO TEUTO BRASILEIRO S/A,17159229000176,2026-05-25T10:32:16.000-0300,25351087352200797,2026-09-24T00:00:00.000-0300
519204,156510017,ZYSERTIN,1552670214,ZYDUS NIKKHO FARMACÊUTICA LTDA,05254971000181,2021-04-23T09:06:16.000-0300,25351289676200504,2026-09-24T00:00:00.000-0300
390056,100410107,GLICOSE,0569666261,FRESENIUS KABI BRASIL LTDA,49324221000104,2026-06-10T17:45:59.000-0300,25351229009200483,2026-09-24T00:00:00.000-0300
520115,155370007,glimepirida,0514685212,ACCORD FARMACÊUTICA LTDA,64171697000146,2021-02-08T13:38:39.000-0200,25351375403200654,2026-09-24T00:00:00.000-0300
514317,123520204,imipenem + cilastatina sódica,2103488165,RANBAXY FARMACÊUTICA LTDA,73663650000190,2016-07-21T13:07:31.000-0300,25351030815200749,2026-09-24T00:00:00.000-0300
440895,156490001,meloxicam,0275050262,UNICHEM FARMACÊUTICA DO BRASIL LTDA,05399786000185,2026-03-20T15:00:59.000-0300,25351049689200534,2026-09-24T00:00:00.000-0300
490088,100330136,FAULDACAR,0159036267,LIBBS FARMACÊUTICA LTDA,61230314000175,2026-02-18T16:42:38.000-0200,25351192186200669,2026-09-24T00:00:00.000-0300
513210,125680164,dipropionato de betametasona + sulfato de gentamicina,0805578155,PRATI DONADUZZI & CIA LTDA,73856593000166,2015-09-10T12:54:05.000-0300,25351022050200773,2026-09-24T00:00:00.000-0300
520597,155840439,NIMESULIDA,0590660268,BRAINFARMA INDÚSTRIA QUÍMICA E FARMACÊUTICA S.A,05161069000110,2026-06-16T13:36:00.000-0300,25351150340200714,2026-09-24T00:00:00.000-0300
520604,103700509,CEFALEXINA,1224339240,LABORATÓRIO TEUTO BRASILEIRO S/A,17159229000176,2024-09-05T10:27:38.000-0300,25351205247200746,2026-09-24T00:00:00.000-0300
513426,100470452,CLAXAM,0357824261,SANDOZ DO BRASIL INDÚSTRIA FARMACÊUTICA LTDA,61286647000116,2026-04-13T15:48:45.000-0300,25351005781200754,2026-09-24T00:00:00.000-0300
524474,154230098,BEBEX ADE,1760075248,GEOLAB INDÚSTRIA FARMACÊUTICA S/A,03485572000104,2024-12-26T11:08:14.000-0200,25351090904200744,2026-09-24T00:00:00.000-0300
348270,100410098,CLORETO DE SÓDIO,0617100268,FRESENIUS KABI BRASIL LTDA,49324221000104,2026-06-23T14:24:19.000-0300,25351067064200392,2026-09-24T00:00:00.000-0300
533863,125680187,AZITROMICINA,0264960262,PRATI DONADUZZI & CIA LTDA,73856593000166,2026-03-18T10:20:01.000-0300,25351304034200704,2026-09-24T00:00:00.000-0300
521073,125680170,itraconazol,1427729178,PRATI DONADUZZI & CIA LTDA,73856593000166,2017-07-11T17:40:00.000-0300,25351102377200728,2026-09-24T00:00:00.000-0300
510368,100430973,triancinolona acetonida + sulfato de neomicina + gramicidina + nistatina,0254951236,EUROFARMA LABORATORIOS S.A.,61190096000192,2023-03-14T11:15:23.000-0300,25351010144200708,2026-09-24T00:00:00.000-0300
521483,125680167,hidroclorotiazida,0586851267,PRATI DONADUZZI & CIA LTDA,73856593000166,2026-06-15T16:35:15.000-0300,25351115297200732,2026-09-24T00:00:00.000-0300
515551,103700507,FENITOÍNA SÓDICA,5081062227,LABORATÓRIO TEUTO BRASILEIRO S/A,17159229000176,2022-12-22T07:33:28.000-0200,25351138373200788,2026-09-24T00:00:00.000-0300
528294,100470449,Risperidona,0803384254,SANDOZ DO BRASIL INDÚSTRIA FARMACÊUTICA LTDA,61286647000116,2025-06-16T11:43:05.000-0300,25351117021200616,2026-09-24T00:00:00.000-0300
519786,110850035,dexametasona,0153547260,FARMACE INDÚSTRIA QUÍMICO-FARMACÊUTICA CEARENSE LTDA,06628333000146,2026-02-14T07:44:09.000-0200,25351390235200627,2026-09-24T00:00:00.000-0300
527767,155370013,cloridrato de irinotecano,0617146268,ACCORD FARMACÊUTICA LTDA,64171697000146,2026-06-23T14:32:08.000-0300,25351195771200700,2026-09-24T00:00:00.000-0300
522249,100663392,ELIXIR PAREGÓRICO CATARINENSE,4445374229,LABORATORIO CATARINENSE LTDA,84684620000187,2022-07-19T14:41:45.000-0300,25351028637200796,2026-09-24T00:00:00.000-0300
522270,113430151,citrato de fentanila,0219492263,HIPOLABOR FARMACEUTICA LTDA,19570720000110,2026-03-05T16:08:23.000-0300,25351119041200702,2026-09-24T00:00:00.000-0300
522087,101180606,ARPADOL,1588527255,APSEN FARMACEUTICA S/A,62462015000129,2025-12-11T09:59:16.000-0200,25351516262200636,2026-09-24T00:00:00.000-0300
522841,100630221,Sevoflurano,0628442262,INSTITUTO BIOCHIMICO INDÚSTRIA FARMACÊUTICA LTDA,33258401000103,2026-06-25T16:46:37.000-0300,25351126314200767,2026-09-24T00:00:00.000-0300
512556,125680173,PRATIGLÓS,0716875146,PRATI DONADUZZI & CIA LTDA,73856593000166,2014-08-28T15:47:11.000-0300,25351068562200786,2026-09-24T00:00:00.000-0300
490725,100681050,GALVUS,1212187253,NOVARTIS BIOCIENCIAS S.A,56994502000130,2025-09-12T14:53:46.000-0300,25351140327200668,2026-09-24T00:00:00.000-0300
523371,118600078,GUACO EDULITO HERBARIUM,1653975253,HERBARIUM LABORATORIO BOTANICO LTDA,78950011000120,2025-12-29T21:00:54.000-0200,25351002561200779,2026-09-24T00:00:00.000-0300
522892,103920166,digoxina,1769174165,VITAMEDIC INDUSTRIA FARMACEUTICA LTDA,30222814000131,2016-05-18T09:43:53.000-0300,25351134511200750,2026-09-24T00:00:00.000-0300
125000,147610005,DIGEVITA,0728119269,NATIVITA IND. COM. LTDA.,65271900000119,2026-07-22T11:09:24.000-0300,253510284620113,2026-09-24T00:00:00.000-0300
527839,170560015,CAFIASPIRINA,1701251248,BAYER S.A.,18459628000115,2024-12-12T13:54:54.000-0200,25351212383200792,2026-09-24T00:00:00.000-0300
489780,100330135,FAULDVINCRI,1657729257,LIBBS FARMACÊUTICA LTDA,61230314000175,2025-12-30T19:37:51.000-0200,25351192273200616,2026-09-24T00:00:00.000-0300
514482,154230091,NISTRAZIN,0558549268,GEOLAB INDÚSTRIA FARMACÊUTICA S/A,03485572000104,2026-06-08T17:10:46.000-0300,25351030040200621,2026-09-24T00:00:00.000-0300
527534,100470420,GLIMEPIRIDA,0997964251,SANDOZ DO BRASIL INDÚSTRIA FARMACÊUTICA LTDA,61286647000116,2025-08-01T14:23:19.000-0300,25351115466200653,2026-09-24T00:00:00.000-0300
542339,161980005,GRIPPHEEL,1628687258,HEEL DO BRASIL BIOMÉDICA LTDA,05994539000127,2025-12-19T14:21:39.000-0200,25351391327200713,2026-09-24T00:00:00.000-0300
523805,125680172,Secnidazol,0606592261,PRATI DONADUZZI & CIA LTDA,73856593000166,2026-06-19T17:43:31.000-0300,25351079168200773,2026-09-24T00:00:00.000-0300
515710,105830563,BROMIDRATO DE CITALOPRAM,0081206259,GERMED FARMACEUTICA LTDA,45992062000165,2025-01-20T12:40:24.000-0200,25351147980200739,2026-09-24T00:00:00.000-0300
515709,102350864,BROMIDRATO DE CITALOPRAM,1440789258,EMS S/A,57507378000365,2025-10-30T11:35:41.000-0300,25351148349200757,2026-09-24T00:00:00.000-0300
513696,155620031,PROTO-ITECAN,0659643260,ANTIBIÓTICOS DO BRASIL LTDA,05439635000103,2026-07-03T16:43:38.000-0300,25351011120200768,2026-09-24T00:00:00.000-0300
69823,108840294,IQUEGO-CAPTOPRIL,0819829152,INDÚSTRIA QUÍMICA DO ESTADO DE GOIÁS S/A - IQUEGO,01541283000141,2015-09-15T13:40:19.000-0300,250000314419691,2026-09-24T00:00:00.000-0300
526339,154230112,GINO-COLON,1184262250,GEOLAB INDÚSTRIA FARMACÊUTICA S/A,03485572000104,2025-09-05T16:35:12.000-0300,25351119576200775,2026-09-24T00:00:00.000-0300
527870,105730374,NOVOFER,2337412168,ACHÉ LABORATÓRIOS FARMACÊUTICOS S.A,60659463002992,2016-09-29T11:29:11.000-0300,25351174285200740,2026-09-24T00:00:00.000-0300
517158,156510019,hemitartarato de zolpidem,0633090263,ZYDUS NIKKHO FARMACÊUTICA LTDA,05254971000181,2026-06-26T16:03:35.000-0300,25351070448200716,2026-09-24T00:00:00.000-0300
524964,154230106,Cetoconazol + Dipropionato de Betametasona + Sulfato de Neomicina,1306742251,GEOLAB INDÚSTRIA FARMACÊUTICA S/A,03485572000104,2025-09-30T17:55:13.000-0300,25351387362200649,2026-09-24T00:00:00.000-0300
524954,138410033,IBUPROTRAT,1653022256,NATULAB LABORATORIO S.A,02456955000183,2025-12-29T15:10:43.000-0200,25351445805200542,2026-09-24T00:00:00.000-0300
525548,125680178,glibenclamida,0617034265,PRATI DONADUZZI & CIA LTDA,73856593000166,2026-06-23T14:10:14.000-0300,25351152830200747,2026-09-24T00:00:00.000-0300
527108,100430981,DIUPRESS,0253675260,EUROFARMA LABORATORIOS S.A.,61190096000192,2026-03-16T09:18:00.000-0300,25351321430200798,2026-09-24T00:00:00.000-0300
519443,155620026,"CLORETO DE SÓDIO 0,9%",0659500264,ANTIBIÓTICOS DO BRASIL LTDA,05439635000103,2026-07-03T16:10:53.000-0300,25351059138200741,2026-09-24T00:00:00.000-0300
528679,100470431,Amoxicilina + Clavulanato de Potássio,0357792262,SANDOZ DO BRASIL INDÚSTRIA FARMACÊUTICA LTDA,61286647000116,2026-04-13T15:34:48.000-0300,25351115407200685,2026-09-24T00:00:00.000-0300
514963,113430147,nitrato de isoconazol,0904735265,HIPOLABOR FARMACEUTICA LTDA,19570720000110,2026-09-01T14:23:17.000-0300,25351046595200775,2026-09-24T00:00:00.000-0300
529449,106390248,MESACOL,0238227260,TAKEDA PHARMA LTDA.,60397775000174,2026-03-11T13:29:31.000-0300,25351320916200628,2026-09-24T00:00:00.000-0300
402223,103870054,HYPOFARMA MANITOL 20%,1900740210,HYPOFARMA - INSTITUTO DE HYPODERMIA E FARMÁCIA LTDA,17174657000178,2021-05-17T11:59:11.000-0300,25351299709200435,2026-09-24T00:00:00.000-0300
519654,110630124,ARTESUNATO +  MEFLOQUINA FARMANGUINHOS,0741260263,FUNDAÇÃO OSWALDO CRUZ,33781055000135,2026-07-24T14:47:53.000-0300,25351477002200638,2026-09-24T00:00:00.000-0300
429488,104070098,SORO ANTIBOTRÓPICO (PENTAVALENTE) E ANTILAQUÉTICO,0121258262,INSTITUTO VITAL BRAZIL S/A,30064034000100,2026-02-05T15:04:59.000-0200,25351306627200535,2026-09-24T00:00:00.000-0300
525025,154230109,Cetoconazol+Dipropionato de Betametasona+Sulfato de Neomicina,1306410258,GEOLAB INDÚSTRIA FARMACÊUTICA S/A,03485572000104,2025-09-30T16:49:30.000-0300,25351351302200698,2026-09-24T00:00:00.000-0300
519256,100470410,LECTRUM,0799012262,SANDOZ DO BRASIL INDÚSTRIA FARMACÊUTICA LTDA,61286647000116,2026-08-07T09:30:37.000-0300,25351115424200612,2026-09-24T00:00:00.000-0300
524966,113430157,cloridrato de nortriptilina,1364234254,HIPOLABOR FARMACEUTICA LTDA,19570720000110,2025-10-10T15:04:58.000-0300,25351145586200766,2026-09-24T00:00:00.000-0300
520367,113430156,CLORIDRATO DE TRAMADOL (PORTARIA 344/98 - LISTA A2),1455057240,HIPOLABOR FARMACEUTICA LTDA,19570720000110,2024-10-23T08:38:25.000-0300,25351098075200748,2026-09-24T00:00:00.000-0300
520607,151670032,atenolol,2015100194,AUROBINDO PHARMA INDÚSTRIA FARMACÊUTICA LIMITADA,04301884000175,2019-08-20T11:11:58.000-0300,25351400324200699,2026-09-24T00:00:00.000-0300
521266,113430152,diazepam,1557416249,HIPOLABOR FARMACEUTICA LTDA,19570720000110,2024-11-12T14:55:30.000-0200,25351101625200713,2026-09-24T00:00:00.000-0300
523978,105350143,loratadina,0300018266,LABORATÓRIO GLOBO SA,17115437000173,2026-03-27T15:53:18.000-0300,25351143946200795,2026-09-24T00:00:00.000-0300
521489,103700511,Diazepam,4079393211,LABORATÓRIO TEUTO BRASILEIRO S/A,17159229000176,2021-10-15T12:44:35.000-0300,25351103768200760,2026-09-24T00:00:00.000-0300
521560,107150190,ENXAK,0365815268,CAZI QUIMICA FARMACEUTICA INDUSTRIA E COMERCIO LTDA,44010437000181,2026-04-15T08:39:21.000-0300,250000169478903,2026-09-24T00:00:00.000-0300
508531,155730008,TEVACARBO,0333212266,TEVA FARMACÊUTICA LTDA.,05333542000108,2026-04-07T19:07:20.000-0300,25351466780200600,2026-09-24T00:00:00.000-0300
530665,100410131,NEPHROTECT,0651440262,FRESENIUS KABI BRASIL LTDA,49324221000104,2026-07-01T22:13:58.000-0300,25351218262200754,2026-09-24T00:00:00.000-0300
530684,100430996,ZINA,0174276265,EUROFARMA LABORATORIOS S.A.,61190096000192,2026-02-23T11:25:09.000-0300,25351192348200740,2026-09-24T00:00:00.000-0300
522099,143810114,fluconazol,0078950261,CIMED INDUSTRIA S.A,02814497000107,2026-01-26T08:28:58.000-0200,25351117215200794,2026-09-24T00:00:00.000-0300
517069,105830565,DIPROPIONATO DE BETAMETASONA + ÁCIDO SALICÍLICO,0206382260,GERMED FARMACEUTICA LTDA,45992062000165,2026-03-03T09:55:55.000-0300,25351146033200721,2026-09-24T00:00:00.000-0300
528678,170560013,EPHYNAL,1501338242,BAYER S.A.,18459628000115,2024-10-31T13:48:04.000-0300,25351212417200749,2026-09-24T00:00:00.000-0300
531715,101180605,FITOSCAR,1588349250,APSEN FARMACEUTICA S/A,62462015000129,2025-12-11T09:25:01.000-0200,25351172353200736,2026-09-24T00:00:00.000-0300
531716,100410130,BICARBONATO DE SÓDIO,0626667267,FRESENIUS KABI BRASIL LTDA,49324221000104,2026-06-25T13:57:37.000-0300,25351051495200761,2026-09-24T00:00:00.000-0300
526290,102350884,CLORIDRATO DE SIBUTRAMINA,1139542257,EMS S/A,57507378000365,2025-08-25T15:48:29.000-0300,25351248265200712,2026-09-24T00:00:00.000-0300
531821,125680186,Cimetidina,1554581214,PRATI DONADUZZI & CIA LTDA,73856593000166,2021-04-23T10:29:03.000-0300,25351257185200758,2026-09-24T00:00:00.000-0300
522573,154230123,ACEBROFILINA,0534730264,GEOLAB INDÚSTRIA FARMACÊUTICA S/A,03485572000104,2026-06-01T11:20:32.000-0300,25351120208200770,2026-09-24T00:00:00.000-0300
522265,100681053,DIOVAN AMLO FIX,1231327251,NOVARTIS BIOCIENCIAS S.A,56994502000130,2025-09-17T10:24:53.000-0300,25351099203200690,2026-09-24T00:00:00.000-0300
522620,100630222,ISOFLURANO,1640810251,INSTITUTO BIOCHIMICO INDÚSTRIA FARMACÊUTICA LTDA,33258401000103,2025-12-23T09:46:54.000-0200,25351126336200727,2026-09-24T00:00:00.000-0300
56,103920092,DIMENIDRIN,0227704266,VITAMEDIC INDUSTRIA FARMACEUTICA LTDA,30222814000131,2026-03-09T07:24:49.000-0300,250000163829909,2026-09-24T00:00:00.000-0300
522628,113430150,cloridrato de terbinafina,1969212169,HIPOLABOR FARMACEUTICA LTDA,19570720000110,2016-06-23T07:43:27.000-0300,25351118987200743,2026-09-24T00:00:00.000-0300
447522,100410118,SOLUÇÃO P/ DIÁLISE PERITONEAL,0196055195,FRESENIUS KABI BRASIL LTDA,49324221000104,2019-03-01T15:28:38.000-0300,25351058208200662,2026-09-24T00:00:00.000-0300
525018,101430027,PENETRO,1601627254,MEGALABS FARMACEUTICA S.A.,33026055000120,2025-12-15T12:16:33.000-0200,2599200576052,2026-09-24T00:00:00.000-0300
510369,100430972,triancinolona acetonida + sulfato de neomicina + gramicidina + nistatina,4922963227,EUROFARMA LABORATORIOS S.A.,61190096000192,2022-11-09T14:08:38.000-0200,25351010189200774,2026-09-24T00:00:00.000-0300
521520,125680168,CLORIDRATO DE PROPRANOLOL,1187501181,PRATI DONADUZZI & CIA LTDA,73856593000166,2018-12-18T08:44:02.000-0200,25351445891200674,2026-09-24T00:00:00.000-0300
523298,102350874,PARACETAMOL + CLORIDRATO DE PSEUDOEFEDRINA,0944596266,EMS S/A,57507378000365,2026-09-11T11:17:16.000-0300,25351099016200797,2026-09-24T00:00:00.000-0300
516883,102980366,HELLEVA,1484948254,CRISTÁLIA PRODUTOS QUÍMICOS FARMACÊUTICOS LTDA.,44734671000151,2025-11-11T14:14:29.000-0200,25351072860200771,2026-09-24T00:00:00.000-0300
533944,102980365,XYLESTESIN ISOBÁRICO,0591671263,CRISTÁLIA PRODUTOS QUÍMICOS FARMACÊUTICOS LTDA.,44734671000151,2026-06-16T15:26:44.000-0300,2500101321385,2026-09-24T00:00:00.000-0300
534158,105530329,SYNTHROID,0071370251,ABBOTT LABORATÓRIOS DO BRASIL LTDA,56998701000116,2025-01-17T12:28:31.000-0200,25351134832200754,2026-09-24T00:00:00.000-0300
524473,104971345,sulfadiazina de prata,0086319264,UNIÃO QUÍMICA FARMACÊUTICA NACIONAL S/A,60665981000118,2026-01-27T17:27:29.000-0200,25351150119200758,2026-09-24T00:00:00.000-0300
509683,105730371,BIOMAG,0712349251,ACHÉ LABORATÓRIOS FARMACÊUTICOS S.A,60659463002992,2025-05-27T07:13:51.000-0300,25351462625200614,2026-09-24T00:00:00.000-0300
539249,101800392,SPRYCEL,1375000250,BRISTOL-MYERS SQUIBB FARMACÊUTICA LTDA,56998982000107,2025-10-14T12:01:46.000-0300,25351344647200695,2026-09-24T00:00:00.000-0300
529219,102980363,DIMORF,0519956265,CRISTÁLIA PRODUTOS QUÍMICOS FARMACÊUTICOS LTDA.,44734671000151,2026-05-27T11:09:12.000-0300,25351045723200682,2026-09-24T00:00:00.000-0300
4695,104970191,UNI HALOPER,1581615256,UNIÃO QUÍMICA FARMACÊUTICA NACIONAL S/A,60665981000118,2025-12-09T16:16:34.000-0200,250000228809478,2026-09-24T00:00:00.000-0300
528632,100470446,azitromicina,0394960262,SANDOZ DO BRASIL INDÚSTRIA FARMACÊUTICA LTDA,61286647000116,2026-04-23T15:15:53.000-0300,25351192679200607,2026-09-24T00:00:00.000-0300
71003,109170009,TETRAMED,0300093268,MEDQUIMICA INDUSTRIA FARMACEUTICA LTDA.,17875154000120,2026-03-27T16:05:35.000-0300,2599202309875,2026-09-24T00:00:00.000-0300
355811,100410100,ÁGUA PARA INJEÇÃO,0615844260,FRESENIUS KABI BRASIL LTDA,49324221000104,2026-06-23T11:27:26.000-0300,25351010427200407,2026-09-24T00:00:00.000-0300
515704,100430991,CREVAGIN,0897233255,EUROFARMA LABORATORIOS S.A.,61190096000192,2025-07-08T16:14:12.000-0300,25351069251200734,2026-09-24T00:00:00.000-0300
529194,105830583,CLORIDRATO DE BROMEXINA,1137967251,GERMED FARMACEUTICA LTDA,45992062000165,2025-08-25T10:43:15.000-0300,25351304038200784,2026-09-24T00:00:00.000-0300
560021,113430159,HIPOFOL,1667123246,HIPOLABOR FARMACEUTICA LTDA,19570720000110,2024-12-05T16:35:29.000-0200,25351038554200896,2026-09-24T00:00:00.000-0300
526585,154230140,CISTEIL,0473318261,GEOLAB INDÚSTRIA FARMACÊUTICA S/A,03485572000104,2026-05-14T18:29:03.000-0300,25351119258200712,2026-09-24T00:00:00.000-0300
531852,151670030,FINASTERIDA,0946540268,AUROBINDO PHARMA INDÚSTRIA FARMACÊUTICA LIMITADA,04301884000175,2026-09-11T16:03:11.000-0300,25351267433200779,2026-09-24T00:00:00.000-0300
532054,102350885,CLORIDRATO DE AMITRIPTILINA,0338539263,EMS S/A,57507378000365,2026-04-08T14:39:08.000-0300,25351303749200731,2026-09-24T00:00:00.000-0300
174119,103700078,CANDITRAT,1683673247,LABORATÓRIO TEUTO BRASILEIRO S/A,17159229000176,2024-12-10T08:42:03.000-0200,2500001418688,2026-09-24T00:00:00.000-0300
533110,169930002,TYSABRI,0942475267,BIOGEN BRASIL PRODUTOS FARMACEUTICOS LTDA,07986222000174,2026-09-10T20:56:10.000-0300,25351216949200755,2026-09-24T00:00:00.000-0300
536835,101180604,Artane,1583343253,APSEN FARMACEUTICA S/A,62462015000129,2025-12-10T08:42:46.000-0200,25351216592200624,2026-09-24T00:00:00.000-0300
537625,110850036,maleato de dexclorfeniramina,0125526261,FARMACE INDÚSTRIA QUÍMICO-FARMACÊUTICA CEARENSE LTDA,06628333000146,2026-02-06T13:43:23.000-0200,25351373579200752,2026-09-24T00:00:00.000-0300
523103,125680175,benzoilmetronidazol,0230094140,PRATI DONADUZZI & CIA LTDA,73856593000166,2014-03-27T16:53:44.000-0300,25351141020200765,2026-09-24T00:00:00.000-0300
552469,141070064,cetoconazol,0598910263,PHARLAB INDÚSTRIA FARMACÊUTICA S.A.,02501297000102,2026-06-18T09:04:02.000-0300,25351415777200709,2026-09-24T00:00:00.000-0300
467177,100410122,MANITOL 20%,0614586267,FRESENIUS KABI BRASIL LTDA,49324221000104,2026-06-23T09:18:58.000-0300,25351236025200694,2026-09-24T00:00:00.000-0300
499601,108840373,IQUEGO-IBUPROFENO,1385265165,INDÚSTRIA QUÍMICA DO ESTADO DE GOIÁS S/A - IQUEGO,01541283000141,2016-03-21T12:39:52.000-0300,25351238227200671,2026-09-24T00:00:00.000-0300
532593,102980364,AMYTRIL,0540830267,CRISTÁLIA PRODUTOS QUÍMICOS FARMACÊUTICOS LTDA.,44734671000151,2026-06-02T17:00:45.000-0300,25351126499200718,2026-09-24T00:00:00.000-0300
541722,100470450,cefadroxila,0966523253,SANDOZ DO BRASIL INDÚSTRIA FARMACÊUTICA LTDA,61286647000116,2025-07-24T14:54:06.000-0300,25351192415200645,2026-09-24T00:00:00.000-0300
519260,155730005,TEVAOXALI,0274192268,TEVA FARMACÊUTICA LTDA.,05333542000108,2026-03-20T11:24:02.000-0300,25351103201200793,2026-09-24T00:00:00.000-0300
529215,155370001,PANTIUM,1498657214,ACCORD FARMACÊUTICA LTDA,64171697000146,2021-04-19T17:02:21.000-0300,25351187065200786,2026-09-24T00:00:00.000-0300
524068,100410133,AMINOSTERIL N-HEPA 8%,0876669267,FRESENIUS KABI BRASIL LTDA,49324221000104,2026-08-25T15:52:19.000-0300,25351151251200787,2026-09-24T00:00:00.000-0300
528680,100470434,levofloxacino,0456037268,SANDOZ DO BRASIL INDÚSTRIA FARMACÊUTICA LTDA,61286647000116,2026-05-11T16:39:05.000-0300,25351357174200696,2026-09-24T00:00:00.000-0300
531454,147610013,dipirona sódica,4572967229,NATIVITA IND. COM. LTDA.,65271900000119,2022-08-18T15:58:29.000-0300,25351259132200771,2026-09-24T00:00:00.000-0300
527674,125680182,METRONIDAZOL,0574459260,PRATI DONADUZZI & CIA LTDA,73856593000166,2026-06-11T14:00:08.000-0300,25351199836200788,2026-09-24T00:00:00.000-0300
536405,170560016,REDOXON,1600991254,BAYER S.A.,18459628000115,2025-12-15T10:48:41.000-0200,25351211887200795,2026-09-24T00:00:00.000-0300
963,105830003,IMUSSUPREX,0889962251,GERMED FARMACEUTICA LTDA,45992062000165,2025-07-07T12:17:37.000-0300,250000139339522,2026-09-24T00:00:00.000-0300
527072,115600164,NISTATINA,4919687222,CIFARMA CIENTÍFICA FARMACÊUTICA LTDA,17562075000169,2022-11-09T08:11:31.000-0200,25351190487200739,2026-09-24T00:00:00.000-0300
540075,118600082,GINKGO HERBARIUM,0020807261,HERBARIUM LABORATORIO BOTANICO LTDA,78950011000120,2026-01-08T17:02:52.000-0200,25351400903200712,2026-09-24T00:00:00.000-0300
544336,112090129,FUNED METFORMINA,2469332214,FUNDAÇÃO EZEQUIEL DIAS - FUNED,17503475000101,2021-06-25T16:17:50.000-0300,25351323338200762,2026-09-24T00:00:00.000-0300
489711,105250030,MENELAT,0787203262,TORRENT DO BRASIL LTDA,33078528000132,2026-08-05T11:10:05.000-0300,25351269643200611,2026-09-24T00:00:00.000-0300
413070,105730354,TRANSPULMIN XAROPE INFANTIL,1553428251,ACHÉ LABORATÓRIOS FARMACÊUTICOS S.A,60659463002992,2025-12-02T14:25:13.000-0200,25351136928200595,2026-09-24T00:00:00.000-0300
527722,100470462,Mirtazapina,0659725266,SANDOZ DO BRASIL INDÚSTRIA FARMACÊUTICA LTDA,61286647000116,2026-07-03T17:18:14.000-0300,25351115582200672,2026-09-24T00:00:00.000-0300
496274,104971350,GLAUB,1536700258,UNIÃO QUÍMICA FARMACÊUTICA NACIONAL S/A,60665981000118,2025-11-27T08:07:00.000-0200,25351336905200660,2026-09-24T00:00:00.000-0300
527680,125680183,AZITROMICINA,0050858262,PRATI DONADUZZI & CIA LTDA,73856593000166,2026-01-16T15:11:36.000-0200,25351209952200712,2026-09-24T00:00:00.000-0300
534940,105730383,DIOSMIN SDU,0713063254,ACHÉ LABORATÓRIOS FARMACÊUTICOS S.A,60659463002992,2025-05-27T09:30:07.000-0300,25351184518200712,2026-09-24T00:00:00.000-0300
541934,113430175,lidocaina,0342634267,HIPOLABOR FARMACEUTICA LTDA,19570720000110,2026-04-09T10:54:34.000-0300,25351407337200770,2026-09-24T00:00:00.000-0300
500815,102350893,BISURAN,0935582258,EMS S/A,57507378000365,2025-07-18T14:18:28.000-0300,25351400988200658,2026-09-24T00:00:00.000-0300
540498,112363388,INVEGA,1512212253,JANSSEN-CILAG FARMACÊUTICA LTDA,51780468000187,2025-11-19T08:10:27.000-0200,25351389330200688,2026-09-24T00:00:00.000-0300
540605,123520208,cloridrato de donepezila,1641133252,RANBAXY FARMACÊUTICA LTDA,73663650000190,2025-12-23T10:42:02.000-0200,25351457252200732,2026-09-24T00:00:00.000-0300
534934,107150046,STONGEL,2504257162,CAZI QUIMICA FARMACEUTICA INDUSTRIA E COMERCIO LTDA,44010437000181,2016-11-18T13:28:24.000-0200,2599201929471,2026-09-24T00:00:00.000-0300
3981,100430598,SELENE,0174966261,EUROFARMA LABORATORIOS S.A.,61190096000192,2026-02-23T13:22:38.000-0300,250000013229612,2026-09-24T00:00:00.000-0300
544209,170560020,ASPIRINA,0976029260,BAYER S.A.,18459628000115,2026-09-18T14:49:35.000-0300,25351210118200770,2026-09-24T00:00:00.000-0300
535342,132230104,CPHD 24/34,0546725261,FRESENIUS MEDICAL CARE LTDA,01440590000136,2026-06-03T17:16:01.000-0300,25351247958200798,2026-09-24T00:00:00.000-0300
541183,116880014,CPHD - CONCENTRADO ÁCIDO PARA HEMODIÁLISE SEM GLICOSE,0581093267,FARMARIN INDUSTRIA E COMERCIO LTDA,58635830000175,2026-06-12T18:17:09.000-0300,25351423857200720,2026-09-24T00:00:00.000-0300
543170,104730031,ESPINHEIRA SANTA,1548826251,VIDORA FARMACÊUTICA LTDA,92762277000170,2025-12-01T15:00:58.000-0200,25351413143200711,2026-09-24T00:00:00.000-0300
544223,170560105,ASPIRINA C EFERVESCENTE,0976378264,BAYER S.A.,18459628000115,2026-09-18T15:06:46.000-0300,25351212395200717,2026-09-24T00:00:00.000-0300
540615,100431010,brometo de rocurônio,1064019242,EUROFARMA LABORATORIOS S.A.,61190096000192,2024-08-05T11:21:10.000-0300,25351408943200711,2026-09-24T00:00:00.000-0300
504196,100840140,SEKI,0982775253,ZAMBON LABORATÓRIOS FARMACÊUTICOS LTDA.,61100004000136,2025-07-29T16:45:04.000-0300,2500100196787,2026-09-24T00:00:00.000-0300
536086,105350142,MALEATO DE DEXCLORFENIRAMINA + BETAMETASONA,0191437263,LABORATÓRIO GLOBO SA,17115437000173,2026-02-26T13:25:58.000-0300,25351345461200734,2026-09-24T00:00:00.000-0300
536371,132230107,"CPHD BICARBONATO DE SÓDIO 8,4 %",0546680267,FRESENIUS MEDICAL CARE LTDA,01440590000136,2026-06-03T17:28:04.000-0300,25351248259200765,2026-09-24T00:00:00.000-0300
543413,167730029,Nimesulida,0755794257,LEGRAND PHARMA INDÚSTRIA FARMACÊUTICA LTDA,05044984000126,2025-06-04T11:29:52.000-0300,25351456938200714,2026-09-24T00:00:00.000-0300
5534,105830239,MALEATO DE ENALAPRIL,0987882252,GERMED FARMACEUTICA LTDA,45992062000165,2025-07-30T16:06:02.000-0300,253510280850041,2026-09-24T00:00:00.000-0300
70175,103110011,CLORETO DE SÓDIO,0305494261,HALEX ISTAR INDÚSTRIA FARMACÊUTICA SA,01571702000198,2026-03-30T10:54:39.000-0300,2500100821178,2026-09-24T00:00:00.000-0300
532316,113430155,espironolactona,0716177269,HIPOLABOR FARMACEUTICA LTDA,19570720000110,2026-07-20T16:01:03.000-0300,25351285917200708,2026-09-24T00:00:00.000-0300
578974,103700518,dicloridrato de cetirizina,1932364216,LABORATÓRIO TEUTO BRASILEIRO S/A,17159229000176,2021-05-19T10:55:59.000-0300,25351211941200883,2026-09-24T00:00:00.000-0300
535773,107150171,fenitoína,0581089260,CAZI QUIMICA FARMACEUTICA INDUSTRIA E COMERCIO LTDA,44010437000181,2026-06-12T18:15:50.000-0300,25351359337200756,2026-09-24T00:00:00.000-0300
392138,104910020,JP GLICOSE,0737834251,JP INDUSTRIA FARMACEUTICA S/A,55972087000150,2025-05-30T15:22:14.000-0300,2500100531277,2026-09-24T00:00:00.000-0300
398064,104910018,JP FISIOLÓGICO,4478283207,JP INDUSTRIA FARMACEUTICA S/A,55972087000150,2020-12-18T09:22:52.000-0200,2599200469367,2026-09-24T00:00:00.000-0300
565573,104730035,PASSIFLORA KLEIN,1548975257,VIDORA FARMACÊUTICA LTDA,92762277000170,2025-12-01T15:10:18.000-0200,25351650459200784,2026-09-24T00:00:00.000-0300
522845,155370008,micofenolato de mofetila,3279861225,ACCORD FARMACÊUTICA LTDA,64171697000146,2022-05-20T12:29:15.000-0300,25351374902200624,2026-09-24T00:00:00.000-0300
554081,104540175,BENICARANLO,0701982268,DAIICHI SANKYO BRASIL FARMACÊUTICA LTDA,60874187000184,2026-07-15T21:53:27.000-0300,25351243637200714,2026-09-24T00:00:00.000-0300
568520,102350929,DICLOFENACO SÓDICO,0039891267,EMS S/A,57507378000365,2026-01-14T13:57:44.000-0200,25351060544200837,2026-09-24T00:00:00.000-0300
517901,100431004,Amoxicilina + Clavulanato de Potássio,0258563265,EUROFARMA LABORATORIOS S.A.,61190096000192,2026-03-17T08:34:56.000-0300,25351086820200714,2026-09-24T00:00:00.000-0300
549249,103700514,atenolol + clortalidona,0893041254,LABORATÓRIO TEUTO BRASILEIRO S/A,17159229000176,2025-07-08T09:42:04.000-0300,25351494068200773,2026-09-24T00:00:00.000-0300
2262,104910061,SOLUÇÃO DE RINGER COM LACTATO,0737870257,JP INDUSTRIA FARMACEUTICA S/A,55972087000150,2025-05-30T15:29:07.000-0300,2500100619281,2026-09-24T00:00:00.000-0300
553587,156510018,ZYVALPREX,4678237224,ZYDUS NIKKHO FARMACÊUTICA LTDA,05254971000181,2022-09-12T15:06:34.000-0300,25351415638200777,2026-09-24T00:00:00.000-0300
554048,143810121,SULFATO DE NEOMICINA + BACITRACINA ZÍNCICA,0208237267,CIMED INDUSTRIA S.A,02814497000107,2026-03-03T14:41:25.000-0300,25351564505200723,2026-09-24T00:00:00.000-0300
421857,102980023,IMIPRA,0572882262,CRISTÁLIA PRODUTOS QUÍMICOS FARMACÊUTICOS LTDA.,44734671000151,2026-06-11T10:15:18.000-0300,2599200854574,2026-09-24T00:00:00.000-0300
397980,104910019,JP GLICOFISIOLÓGICO,0737758252,JP INDUSTRIA FARMACEUTICA S/A,55972087000150,2025-05-30T15:11:47.000-0300,2599200776167,2026-09-24T00:00:00.000-0300
546076,104971354,cefalexina,0685639240,UNIÃO QUÍMICA FARMACÊUTICA NACIONAL S/A,60665981000118,2024-05-22T17:05:55.000-0300,25351421153200712,2026-09-24T00:00:00.000-0300
547730,103700512,varfarina sódica,0682258253,LABORATÓRIO TEUTO BRASILEIRO S/A,17159229000176,2025-05-21T12:54:07.000-0300,25351438812200750,2026-09-24T00:00:00.000-0300
564035,109740207,VASOPRIL,1506576257,BIOLAB SANUS FARMACÊUTICA LTDA,49475833000106,2025-11-17T18:18:20.000-0200,25351187251200804,2026-09-24T00:00:00.000-0300
532817,100430993,losartana potássica + hidroclorotiazida,0063086263,EUROFARMA LABORATORIOS S.A.,61190096000192,2026-01-21T09:25:49.000-0200,25351353159200679,2026-09-24T00:00:00.000-0300
560564,151670038,MIRTAZAPINA,0073436267,AUROBINDO PHARMA INDÚSTRIA FARMACÊUTICA LIMITADA,04301884000175,2026-01-23T10:28:09.000-0200,25351016790200851,2026-09-24T00:00:00.000-0300
537301,125680191,alopurinol,0722552262,PRATI DONADUZZI & CIA LTDA,73856593000166,2026-07-21T13:37:27.000-0300,25351369211200790,2026-09-24T00:00:00.000-0300
134144,100419940,FRESOFLOX,0617035261,FRESENIUS KABI BRASIL LTDA,49324221000104,2026-06-23T14:10:15.000-0300,25351167227200255,2026-09-24T00:00:00.000-0300
487609,100431002,RISS,1588450252,EUROFARMA LABORATORIOS S.A.,61190096000192,2025-12-11T09:43:39.000-0200,25351111828200637,2026-09-24T00:00:00.000-0300
579013,173330001,Naglazyme,1336000252,BIOMARIN BRASIL FARMACÊUTICA LTDA,08002360000134,2025-10-07T17:14:58.000-0300,25351400371200802,2026-09-24T00:00:00.000-0300
515951,143810042,PEDILETAN,0669891258,CIMED INDUSTRIA S.A,02814497000107,2025-05-19T09:07:52.000-0300,2500101042983,2026-09-24T00:00:00.000-0300
558686,143810024,NARIX,0492435251,CIMED INDUSTRIA S.A,02814497000107,2025-04-10T07:46:05.000-0300,2599201796762,2026-09-24T00:00:00.000-0300
578816,135690516,VENFORIN,0049047264,EMS SIGMA PHARMA LTDA,00923140000131,2026-01-16T10:48:26.000-0200,25351442979200715,2026-09-24T00:00:00.000-0300
547720,143810127,DIPROPIONATO DE BETAMETASONA + SULFATO DE GENTAMICINA,0568820155,CIMED INDUSTRIA S.A,02814497000107,2015-06-29T08:52:36.000-0300,25351442319200734,2026-09-24T00:00:00.000-0300
548416,143810117,DIPROZIL,1346601191,CIMED INDUSTRIA S.A,02814497000107,2019-07-26T14:51:51.000-0300,25351554818200773,2026-09-24T00:00:00.000-0300
169910,115570053,BROMELIN,2594748166,INFAN INDUSTRIA QUIMICA FARMACEUTICA NACIONAL S/A,08939548000103,2023-01-03T15:35:00.000-0200,25351164024200215,2026-09-24T00:00:00.000-0300
565405,154230127,ONCICREM-A,0533155266,GEOLAB INDÚSTRIA FARMACÊUTICA S/A,03485572000104,2026-05-30T17:56:41.000-0300,25351060245200801,2026-09-24T00:00:00.000-0300
516400,100431005,DUOMO,0365886262,EUROFARMA LABORATORIOS S.A.,61190096000192,2026-04-15T08:59:12.000-0300,25351059434200741,2026-09-24T00:00:00.000-0300
542347,125680195,FUROSEMIDA,0630249261,PRATI DONADUZZI & CIA LTDA,73856593000166,2026-06-26T08:47:17.000-0300,25351358607200710,2026-09-24T00:00:00.000-0300
573834,100630223,FLUNEXIL,0867640251,INSTITUTO BIOCHIMICO INDÚSTRIA FARMACÊUTICA LTDA,33258401000103,2025-07-02T14:19:44.000-0300,25351140199200652,2026-09-24T00:00:00.000-0300
2248,104910060,RINGER,0801398258,JP INDUSTRIA FARMACEUTICA S/A,55972087000150,2025-06-16T09:11:56.000-0300,2500100705271,2026-09-24T00:00:00.000-0300
70249,112080031,LQFEX - CLOROQUINA,2848587204,LABORATÓRIO QUÍMICO FARMACÊUTICO DO EXÉRCITO,00394452000103,2020-08-24T16:23:51.000-0300,250000283729944,2026-09-24T00:00:00.000-0300
545676,170560022,ASPIRINA PREVENT,0866786261,BAYER S.A.,18459628000115,2026-08-24T10:03:09.000-0300,25351211644200757,2026-09-24T00:00:00.000-0300
548677,164000002,OLIG-TRAT,1223392236,VASCONCELOS INDUSTRIA FARMACEUTICA E COMERCIO LTDA,05155425000193,2023-11-07T15:29:03.000-0200,25351575208200711,2026-09-24T00:00:00.000-0300
549884,100663393,G500 BALSÂMICO,2668650224,LABORATORIO CATARINENSE LTDA,84684620000187,2022-05-03T16:47:24.000-0300,25351557172200786,2026-09-24T00:00:00.000-0300
538053,100330146,GENLIBBS,0546340261,LIBBS FARMACÊUTICA LTDA,61230314000175,2026-06-03T15:59:31.000-0300,25351233268200751,2026-09-24T00:00:00.000-0300
554248,129160066,CLOB-X,0083057269,GALDERMA BRASIL LTDA,00317372000146,2026-01-26T21:23:33.000-0200,25351029741200706,2026-09-24T00:00:00.000-0300
407330,107150169,SALAZOPRIN,0576610267,CAZI QUIMICA FARMACEUTICA INDUSTRIA E COMERCIO LTDA,44010437000181,2026-06-11T18:50:04.000-0300,250000161879259,2026-09-24T00:00:00.000-0300
548107,156510029,Clonazepam,1498840212,ZYDUS NIKKHO FARMACÊUTICA LTDA,05254971000181,2021-04-19T17:21:44.000-0300,25351493354200711,2026-09-24T00:00:00.000-0300
70177,117720003,SOLUÇÃO RINGER SIMPLES EQUIPLEX,1649266251,EQUIPLEX INDÚSTRIA FARMACÊUTICA LTDA,01784792000103,2025-12-26T17:35:10.000-0200,250000067679292,2026-09-24T00:00:00.000-0300
560240,170560029,NEXAVAR,1388483254,BAYER S.A.,18459628000115,2025-10-17T07:57:56.000-0300,25351212182200795,2026-09-24T00:00:00.000-0300
560819,100580111,CLENIL HFA,1564777251,CHIESI FARMACÊUTICA LTDA,61363032000146,2025-12-04T10:58:41.000-0200,25351011374200603,2026-09-24T00:00:00.000-0300
537678,109170071,CLORIDRATO DE TETRACICLINA,0300034261,MEDQUIMICA INDUSTRIA FARMACEUTICA LTDA.,17875154000120,2026-03-27T15:57:25.000-0300,25351308337200798,2026-09-24T00:00:00.000-0300
365280,100410103,SOLUÇÃO RINGER COM LACTATO,0617244260,FRESENIUS KABI BRASIL LTDA,49324221000104,2026-06-23T14:50:33.000-0300,25351042612200452,2026-09-24T00:00:00.000-0300
571904,154230143,OPTILAR,0096582260,GEOLAB INDÚSTRIA FARMACÊUTICA S/A,03485572000104,2026-01-29T17:15:19.000-0200,25351081513200810,2026-09-24T00:00:00.000-0300
574712,101070276,Priorix Tetra,0230080260,GLAXOSMITHKLINE BRASIL LTDA,33247743000110,2026-03-09T14:23:37.000-0300,25351124866200811,2026-09-24T00:00:00.000-0300
554745,125680196,SULFATO DE NEOMICINA,0806788259,PRATI DONADUZZI & CIA LTDA,73856593000166,2025-06-17T09:52:23.000-0300,25351589576200739,2026-09-24T00:00:00.000-0300
1700,100630138,CEFAZIMA,0556996267,INSTITUTO BIOCHIMICO INDÚSTRIA FARMACÊUTICA LTDA,33258401000103,2026-06-08T13:34:36.000-0300,250000251579611,2026-09-24T00:00:00.000-0300
2196,103460003,CLORETO DE SÓDIO BEKER,0633148261,BEKER PRODUTOS FÁRMACO HOSPITALARES LTDA,47231121000108,2026-06-26T16:17:00.000-0300,250000031239586,2026-09-24T00:00:00.000-0300
567861,125680204,PRATIFOLIN,0400974156,PRATI DONADUZZI & CIA LTDA,73856593000166,2015-05-07T13:30:24.000-0300,25351230315200713,2026-09-24T00:00:00.000-0300
530445,155370010,HYTAS,0491040229,ACCORD FARMACÊUTICA LTDA,64171697000146,2022-02-09T09:45:12.000-0200,25351186783200735,2026-09-24T00:00:00.000-0300
572759,125680199,fluconazol,0444138269,PRATI DONADUZZI & CIA LTDA,73856593000166,2026-05-07T14:16:23.000-0300,25351137285200840,2026-09-24T00:00:00.000-0300
539392,154230126,MALEATO DE DEXCLORFENIRAMINA + BETAMETASONA,0267862261,GEOLAB INDÚSTRIA FARMACÊUTICA S/A,03485572000104,2026-03-18T17:01:14.000-0300,25351388783200778,2026-09-24T00:00:00.000-0300
554437,141070065,CLORIDRATO DE PROPRANOLOL,0589052268,PHARLAB INDÚSTRIA FARMACÊUTICA S.A.,02501297000102,2026-06-16T09:19:00.000-0300,25351568762200734,2026-09-24T00:00:00.000-0300
529427,104971355,cefalexina,0306320258,UNIÃO QUÍMICA FARMACÊUTICA NACIONAL S/A,60665981000118,2025-03-06T15:57:35.000-0300,25351232843200707,2026-09-24T00:00:00.000-0300
562436,109170076,GRIPINEW,0201811260,MEDQUIMICA INDUSTRIA FARMACEUTICA LTDA.,17875154000120,2026-03-02T11:00:41.000-0300,25351031113200863,2026-09-24T00:00:00.000-0300
576126,102980371,HEMOFOL,0643090266,CRISTÁLIA PRODUTOS QUÍMICOS FARMACÊUTICOS LTDA.,44734671000151,2026-06-30T14:54:56.000-0300,25351317406200835,2026-09-24T00:00:00.000-0300
574478,110850039,CLORIDRATO DE AMBROXOL,0152194266,FARMACE INDÚSTRIA QUÍMICO-FARMACÊUTICA CEARENSE LTDA,06628333000146,2026-02-13T16:04:44.000-0200,25351154902200871,2026-09-24T00:00:00.000-0300
514665,151670029,besilato de anlodipino,0494197226,AUROBINDO PHARMA INDÚSTRIA FARMACÊUTICA LIMITADA,04301884000175,2022-02-09T14:20:20.000-0200,25351040782200745,2026-09-24T00:00:00.000-0300
1071783,141070097,aciclovir,0374752265,PHARLAB INDÚSTRIA FARMACÊUTICA S.A.,02501297000102,2026-04-16T16:48:53.000-0300,25351443259201587,2026-09-24T00:00:00.000-0300
3686,103700307,DIPIRONA SODICA,4772557229,LABORATÓRIO TEUTO BRASILEIRO S/A,17159229000176,2022-10-03T11:35:50.000-0300,253510102370078,2026-09-24T00:00:00.000-0300
559612,170560031,AVALOX,0410383261,BAYER S.A.,18459628000115,2026-04-28T10:40:36.000-0300,25351212657200743,2026-09-24T00:00:00.000-0300
1599,104970014,UNI CEFALEXIN,2922960218,UNIÃO QUÍMICA FARMACÊUTICA NACIONAL S/A,60665981000118,2021-07-27T09:18:03.000-0300,2599200444935,2026-09-24T00:00:00.000-0300
545060,104971351,DEXANEURIN,0587120266,UNIÃO QUÍMICA FARMACÊUTICA NACIONAL S/A,60665981000118,2026-06-15T17:59:16.000-0300,25000004753197481,2026-09-24T00:00:00.000-0300
557161,116370073,acetilcisteína,0174857268,BLAU FARMACÊUTICA S.A.,58430828000160,2026-02-23T12:14:47.000-0300,25351607313200719,2026-09-24T00:00:00.000-0300
70176,117720005,SOLUÇÃO RINGER COM LACTATO,1649224257,EQUIPLEX INDÚSTRIA FARMACÊUTICA LTDA,01784792000103,2025-12-26T17:47:56.000-0200,250000067659267,2026-09-24T00:00:00.000-0300
70916,117720008,SOLUCAO DE MANITOL EQUIPLEX,1150856254,EQUIPLEX INDÚSTRIA FARMACÊUTICA LTDA,01784792000103,2025-08-27T17:48:50.000-0300,2500001474894,2026-09-24T00:00:00.000-0300
336439,110850022,FARMACE-GLICOSE 5% SOLUÇÃO ISOTONICA,0649166264,FARMACE INDÚSTRIA QUÍMICO-FARMACÊUTICA CEARENSE LTDA,06628333000146,2026-07-01T14:40:22.000-0300,2500100962083,2026-09-24T00:00:00.000-0300
558010,167730070,BIALUDEX,0875543251,LEGRAND PHARMA INDÚSTRIA FARMACÊUTICA LTDA,05044984000126,2025-07-03T14:43:08.000-0300,25351628163200787,2026-09-24T00:00:00.000-0300
508453,105350140,CLORIDRATO DE CIPROFLOXACINO,0233966269,LABORATÓRIO GLOBO SA,17115437000173,2026-03-10T10:21:38.000-0300,25351516805200615,2026-09-24T00:00:00.000-0300
501464,100470447,DOXURAN,0710080255,SANDOZ DO BRASIL INDÚSTRIA FARMACÊUTICA LTDA,61286647000116,2025-05-26T14:52:11.000-0300,25351389083200610,2026-09-24T00:00:00.000-0300
563549,102980368,ÁGUA PARA INJEÇÃO,0584267266,CRISTÁLIA PRODUTOS QUÍMICOS FARMACÊUTICOS LTDA.,44734671000151,2026-06-15T10:32:42.000-0300,25351001925200884,2026-09-24T00:00:00.000-0300
553390,102350902,lidocaína,0284070262,EMS S/A,57507378000365,2026-03-24T17:37:12.000-0300,25351561385200711,2026-09-24T00:00:00.000-0300
70535,103110080,PLASMIN,0400074265,HALEX ISTAR INDÚSTRIA FARMACÊUTICA SA,01571702000198,2026-04-24T16:57:13.000-0300,253510311620069,2026-09-24T00:00:00.000-0300
572285,100330150,FLUDALIBBS,1186222247,LIBBS FARMACÊUTICA LTDA,61230314000175,2024-08-28T17:53:55.000-0300,25351082000200826,2026-09-24T00:00:00.000-0300
563226,116880013,CPHD FARMARIN,0581119266,FARMARIN INDUSTRIA E COMERCIO LTDA,58635830000175,2026-06-12T18:23:15.000-0300,25351049259200865,2026-09-24T00:00:00.000-0300
540642,101430070,GOTAS BINELLI,0632380268,MEGALABS FARMACEUTICA S.A.,33026055000120,2026-06-26T14:58:42.000-0300,25351290848200746,2026-09-24T00:00:00.000-0300
541429,100431016,Versa,0809976269,EUROFARMA LABORATORIOS S.A.,61190096000192,2026-08-10T08:34:14.000-0300,25351189816200707,2026-09-24T00:00:00.000-0300
408868,100410011,SOLUÇÃO GLICOFISIOLÓGICA,0578863260,FRESENIUS KABI BRASIL LTDA,49324221000104,2026-06-12T12:39:19.000-0300,2599100596079,2026-09-24T00:00:00.000-0300
525665,154230115,TINIDAZOL + NITRATO DE MICONAZOL,1563343258,GEOLAB INDÚSTRIA FARMACÊUTICA S/A,03485572000104,2025-12-04T08:50:48.000-0200,25351067545200721,2026-09-24T00:00:00.000-0300
70679,110850014,NIDAZOFARMA,0647926261,FARMACE INDÚSTRIA QUÍMICO-FARMACÊUTICA CEARENSE LTDA,06628333000146,2026-07-01T10:40:51.000-0300,253510055360008,2026-09-24T00:00:00.000-0300
413295,155840040,Ibuprofeno,0590672266,BRAINFARMA INDÚSTRIA QUÍMICA E FARMACÊUTICA S.A,05161069000110,2026-06-16T13:44:58.000-0300,25351157322200593,2026-09-24T00:00:00.000-0300
414852,123520201,pantoprazol sódico,4577629224,RANBAXY FARMACÊUTICA LTDA,73663650000190,2022-08-19T11:40:32.000-0300,25351216727200571,2026-09-24T00:00:00.000-0300
417183,113430126,HEMITARTARATO DE NOREPINEFRINA,0606093265,HIPOLABOR FARMACEUTICA LTDA,19570720000110,2026-06-19T15:28:09.000-0300,25351250077200592,2026-09-24T00:00:00.000-0300
417309,155620019,meropeném,0625249267,ANTIBIÓTICOS DO BRASIL LTDA,05439635000103,2026-06-25T10:00:14.000-0300,25351226513200511,2026-09-24T00:00:00.000-0300
417310,100330127,CEBRILIN,1683727240,LIBBS FARMACÊUTICA LTDA,61230314000175,2024-12-10T08:54:28.000-0200,25351067073200545,2026-09-24T00:00:00.000-0300
419198,105730357,REMILEV,1637345259,ACHÉ LABORATÓRIOS FARMACÊUTICOS S.A,60659463002992,2025-12-22T15:38:17.000-0200,25351181119200538,2026-09-24T00:00:00.000-0300
5352,104810076,LIDOPASS,2659813221,1FARMA INDUSTRIA FARMACEUTICA LTDA,48113906000149,2022-05-02T16:49:45.000-0300,250000219359937,2026-09-24T00:00:00.000-0300
414546,125680133,CETOCONAZOL+ DIPROPIONATO DE BETAMETASONA+ SULFATO DE NEOMICINA,1142062146,PRATI DONADUZZI & CIA LTDA,73856593000166,2014-12-19T18:37:59.000-0200,25351209086200506,2026-09-24T00:00:00.000-0300
413095,116910007,CPHD 35 BA,0659659263,NIPRO RENAL SOLUTIONS BRASIL LTDA,92832195000154,2026-07-03T16:48:59.000-0300,25351007694200570,2026-09-24T00:00:00.000-0300
414073,106890154,SONOTABS,1622672259,KLEY HERTZ FARMACEUTICA S.A,92695691000103,2025-12-18T16:19:33.000-0200,25351191777200538,2026-09-24T00:00:00.000-0300
414075,103900172,ULTRAFER,1453352252,FARMOQUÍMICA S/A,33349473000158,2025-11-03T15:31:55.000-0200,25351167896200570,2026-09-24T00:00:00.000-0300
414482,102350774,MALEATO DE TIMOLOL,1086044258,EMS S/A,57507378000365,2025-08-15T12:39:55.000-0300,25351175356200560,2026-09-24T00:00:00.000-0300
414913,105830474,LORATADINA,1473789249,GERMED FARMACEUTICA LTDA,45992062000165,2024-10-25T16:06:10.000-0300,25351208877200519,2026-09-24T00:00:00.000-0300
2927,103700261,BENEUM,1210852241,LABORATÓRIO TEUTO BRASILEIRO S/A,17159229000176,2024-09-03T15:51:29.000-0300,250000093079965,2026-09-24T00:00:00.000-0300
419036,105830468,NISTATINA,0269416251,GERMED FARMACEUTICA LTDA,45992062000165,2025-02-26T09:48:58.000-0300,25351254765200521,2026-09-24T00:00:00.000-0300
419488,100430953,letrozol,1467418251,EUROFARMA LABORATORIOS S.A.,61190096000192,2025-11-06T09:30:49.000-0200,25351281230200523,2026-09-24T00:00:00.000-0300
413371,109740008,CRONOBÊ,1564514251,BIOLAB SANUS FARMACÊUTICA LTDA,49475833000106,2025-12-04T10:19:02.000-0200,2599200962873,2026-09-24T00:00:00.000-0300
413380,103700100,BEPEBEN,4604508224,LABORATÓRIO TEUTO BRASILEIRO S/A,17159229000176,2022-08-25T08:40:14.000-0300,250000217879518,2026-09-24T00:00:00.000-0300
414046,110850032,fosfato dissódico de dexametasona,0905663241,FARMACE INDÚSTRIA QUÍMICO-FARMACÊUTICA CEARENSE LTDA,06628333000146,2024-07-03T08:46:48.000-0300,25351181746200579,2026-09-24T00:00:00.000-0300
5557,103700128,CO-PRESSOTEC,4358376223,LABORATÓRIO TEUTO BRASILEIRO S/A,17159229000176,2022-06-29T11:24:05.000-0300,250000261489657,2026-09-24T00:00:00.000-0300
414501,117660003,NOVOLIN R,0377848263,NOVO NORDISK FARMACÊUTICA DO BRASIL LTDA,82277955000155,2026-04-17T10:29:07.000-0300,2500101192587,2026-09-24T00:00:00.000-0300
414767,117170055,HYPERINAT,0220343250,PHARMASCIENCE INDUSTRIA FARMACEUTICA S.A,25773037000183,2025-02-17T11:31:36.000-0300,25351220912200560,2026-09-24T00:00:00.000-0300
413746,156250001,INTERFERON ALFA  2A HUMANO RECOMBINANTE,0608900143,CHRON EPIGEN INDÚSTRIA E COMÉRCIO LTDA,04415365000138,2014-07-28T16:40:03.000-0300,25351173181200475,2026-09-24T00:00:00.000-0300
414164,100410112,SMOFLIPID 20%,0876551266,FRESENIUS KABI BRASIL LTDA,49324221000104,2026-08-25T15:35:38.000-0300,25351138512200510,2026-09-24T00:00:00.000-0300
418624,105830463,valerato de betametasona + sulfato de gentamicina + clioquinol + tolnaftato pomada,0248823264,GERMED FARMACEUTICA LTDA,45992062000165,2026-03-13T12:28:18.000-0300,25351251655200516,2026-09-24T00:00:00.000-0300
407160,136410009,FATOR IX GRIFOLS,0192440250,GRIFOLS BRASIL LTDA,02513899000171,2025-02-11T14:41:03.000-0200,25351292179200402,2026-09-24T00:00:00.000-0300
414545,155620014,cloridrato de cefepima,0310870267,ANTIBIÓTICOS DO BRASIL LTDA,05439635000103,2026-03-31T10:17:24.000-0300,25351177278200538,2026-09-24T00:00:00.000-0300
415000,103700479,Acetato de Dexametasona,0657475254,LABORATÓRIO TEUTO BRASILEIRO S/A,17159229000176,2025-05-15T10:15:55.000-0300,25351226486200578,2026-09-24T00:00:00.000-0300
415468,102350781,cloridrato de ciprofloxacino,1538608251,EMS S/A,57507378000365,2025-11-27T11:20:32.000-0200,25351224104200571,2026-09-24T00:00:00.000-0300
413115,104971317,Acetilcisteina,0019686269,UNIÃO QUÍMICA FARMACÊUTICA NACIONAL S/A,60665981000118,2026-01-08T13:31:57.000-0200,25351082794200585,2026-09-24T00:00:00.000-0300
400212,102980354,OMEPRAZOL,0739575261,CRISTÁLIA PRODUTOS QUÍMICOS FARMACÊUTICOS LTDA.,44734671000151,2026-07-24T09:29:29.000-0300,25351277933200476,2026-09-24T00:00:00.000-0300
414570,113430121,butilbrometo de escopolamina + dipirona monoidratada,1542449243,HIPOLABOR FARMACEUTICA LTDA,19570720000110,2024-11-08T11:33:30.000-0200,25351053562200510,2026-09-24T00:00:00.000-0300
415052,100330131,MUVINLAX,1656917254,LIBBS FARMACÊUTICA LTDA,61230314000175,2025-12-30T16:00:03.000-0200,25351219935200521,2026-09-24T00:00:00.000-0300
2016,117170014,DORTRIRELAX,1502468255,PHARMASCIENCE INDUSTRIA FARMACEUTICA S.A,25773037000183,2025-11-17T08:12:01.000-0200,250000008529913,2026-09-24T00:00:00.000-0300
272403,100330114,TOPISON,0770025269,LIBBS FARMACÊUTICA LTDA,61230314000175,2026-07-31T11:42:25.000-0300,25351217825200282,2026-09-24T00:00:00.000-0300
413586,113430123,CLORIDRATO DE AMBROXOL,0404375260,HIPOLABOR FARMACEUTICA LTDA,19570720000110,2026-04-27T09:01:46.000-0300,25351143029200549,2026-09-24T00:00:00.000-0300
419191,102350782,CLORIDRATO DE OXIMETAZOLINA,0977256251,EMS S/A,57507378000365,2025-07-28T15:18:45.000-0300,25351260833200591,2026-09-24T00:00:00.000-0300
419193,100430952,espironolactona,0962515264,EUROFARMA LABORATORIOS S.A.,61190096000192,2026-09-16T11:10:44.000-0300,25351265688200535,2026-09-24T00:00:00.000-0300
3010,102980110,QUINACRIS,0565881264,CRISTÁLIA PRODUTOS QUÍMICOS FARMACÊUTICOS LTDA.,44734671000151,2026-06-10T08:35:44.000-0300,2500100439286,2026-09-24T00:00:00.000-0300
418689,102350783,ALGESTONA ACETOFENIDA + ENANTATO DE ESTRADIOL,1739761243,EMS S/A,57507378000365,2024-12-19T21:00:04.000-0200,25351260934200562,2026-09-24T00:00:00.000-0300
413495,113430128,CLORIDRATO DE METOCLOPRAMIDA,1438763221,HIPOLABOR FARMACEUTICA LTDA,19570720000110,2022-03-29T15:21:36.000-0300,25351144331200514,2026-09-24T00:00:00.000-0300
414303,156510010,cloridrato de sertralina,1412994250,ZYDUS NIKKHO FARMACÊUTICA LTDA,05254971000181,2025-10-23T11:04:05.000-0300,25351171437200591,2026-09-24T00:00:00.000-0300
418720,102980072,XYLESTESIN,0583630260,CRISTÁLIA PRODUTOS QUÍMICOS FARMACÊUTICOS LTDA.,44734671000151,2026-06-15T08:38:24.000-0300,2500100327683,2026-09-24T00:00:00.000-0300
413123,101550236,VAGI C,1445800214,MARJAN INDÚSTRIA E COMÉRCIO LTDA,60726692000181,2021-04-15T15:14:24.000-0300,25351194479200419,2026-09-24T00:00:00.000-0300
414307,103700477,dipropionato de betametasona + ácido salicílico,0202673260,LABORATÓRIO TEUTO BRASILEIRO S/A,17159229000176,2026-03-02T13:24:04.000-0300,25351196613200505,2026-09-24T00:00:00.000-0300
415151,102350779,OFLOXACINO,0196329264,EMS S/A,57507378000365,2026-02-27T12:07:36.000-0300,25351220952200510,2026-09-24T00:00:00.000-0300
70821,126250065,LFM - PIRAZINAMIDA,0410858251,LABORATÓRIO FARMACÊUTICO DA MARINHA,00394502007157,2025-03-26T09:23:13.000-0300,250000060199902,2026-09-24T00:00:00.000-0300
417613,105830473,MALEATO DE DEXCLORFENIRAMINA + BETAMETASONA,0147851262,GERMED FARMACEUTICA LTDA,45992062000165,2026-02-12T17:22:52.000-0200,25351251469200579,2026-09-24T00:00:00.000-0300
418731,105830461,VALERATO DE BETAMETASONA + SULFATO DE GENTAMICINA + TOLNAFTATO + CLIOQUINOL,0248802267,GERMED FARMACEUTICA LTDA,45992062000165,2026-03-13T12:18:03.000-0300,25351252215200578,2026-09-24T00:00:00.000-0300
419235,154230049,LORATADINA,0592237265,GEOLAB INDÚSTRIA FARMACÊUTICA S/A,03485572000104,2026-06-16T17:03:30.000-0300,25351257046200562,2026-09-24T00:00:00.000-0300
419775,116370040,BLAUBIMAX,1380032253,BLAU FARMACÊUTICA S.A.,58430828000160,2025-10-15T13:32:53.000-0300,250000043319962,2026-09-24T00:00:00.000-0300
418033,125680132,CETOCONAZOL + DIPROPIONATO DE BETAMETASONA + SULFATO DE NEOMICINA,1118322145,PRATI DONADUZZI & CIA LTDA,73856593000166,2014-12-12T19:48:02.000-0200,25351253648200541,2026-09-24T00:00:00.000-0300
419252,123520193,CLONAZEPAM,0081129254,RANBAXY FARMACÊUTICA LTDA,73663650000190,2025-01-20T12:18:32.000-0200,25351260964200579,2026-09-24T00:00:00.000-0300
362394,105830309,norfloxacino,0513859268,GERMED FARMACEUTICA LTDA,45992062000165,2026-05-26T10:35:55.000-0300,25351026236200378,2026-09-24T00:00:00.000-0300
413169,151670020,cefalexina,1704608174,AUROBINDO PHARMA INDÚSTRIA FARMACÊUTICA LIMITADA,04301884000175,2017-08-14T08:58:17.000-0300,25351154454200563,2026-09-24T00:00:00.000-0300
413170,102350764,PARACETAMOL,0777572145,EMS S/A,57507378000365,2014-09-18T12:12:39.000-0300,25351135211200526,2026-09-24T00:00:00.000-0300
416225,104971323,varfarina sódica,0829438254,UNIÃO QUÍMICA FARMACÊUTICA NACIONAL S/A,60665981000118,2025-06-24T10:34:06.000-0300,25351214058200501,2026-09-24T00:00:00.000-0300
413265,113430122,cloridrato de amiodarona,1466419245,HIPOLABOR FARMACEUTICA LTDA,19570720000110,2024-10-24T13:52:15.000-0300,25351181552200573,2026-09-24T00:00:00.000-0300
414336,103700476,"Propionato de clobetasol 0,5mg/g",0809815257,LABORATÓRIO TEUTO BRASILEIRO S/A,17159229000176,2025-06-17T15:44:49.000-0300,25351196549200554,2026-09-24T00:00:00.000-0300
416284,100430945,CLORIDRATO DE CICLOBENZAPRINA,0114682267,EUROFARMA LABORATORIOS S.A.,61190096000192,2026-02-04T10:53:55.000-0200,25351223816200573,2026-09-24T00:00:00.000-0300
1108046,101000663,Esbriet,5076371225,PRODUTOS ROCHE QUÍMICOS E FARMACÊUTICOS S.A.,33009945000123,2022-12-21T09:39:15.000-0200,25351496519201517,2026-09-24T00:00:00.000-0300
3119,101510104,FIBROGAMMIN P,1614720258,CSL BEHRING COMÉRCIO DE PRODUTOS FARMACÊUTICOS LTDA,62969589000198,2025-12-17T14:51:42.000-0200,250000006589404,2026-09-24T00:00:00.000-0300
413208,125680129,fosfato sódico de prednisolona,0120545268,PRATI DONADUZZI & CIA LTDA,73856593000166,2026-02-05T13:20:04.000-0200,25351128516200581,2026-09-24T00:00:00.000-0300
413209,113430143,MIDAZOLAM,1457211246,HIPOLABOR FARMACEUTICA LTDA,19570720000110,2024-10-23T10:42:12.000-0300,25351117387200504,2026-09-24T00:00:00.000-0300
425719,104070097,SORO ANTIESCORPIÔNICO,0121334261,INSTITUTO VITAL BRAZIL S/A,30064034000100,2026-02-05T15:13:37.000-0200,25351306586200587,2026-09-24T00:00:00.000-0300
422713,102350790,FUROATO DE MOMETASONA,0162002262,EMS S/A,57507378000365,2026-02-19T10:10:08.000-0200,25351309180200556,2026-09-24T00:00:00.000-0300
495609,100330138,FAULDCITA,0316864269,LIBBS FARMACÊUTICA LTDA,61230314000175,2026-04-01T13:29:08.000-0300,25351193462200614,2026-09-24T00:00:00.000-0300
422715,106900003,POMADA MINANCORA,0694166251,MINÂNCORA & CIA LTDA,84683382000195,2025-05-23T12:14:21.000-0300,2599200020215,2026-09-24T00:00:00.000-0300
423603,110850007,CLORETO DE SÓDIO + CLORETO DE CÁLCIO + ASSOCIAÇÕES FARMACE,0652995268,FARMACE INDÚSTRIA QUÍMICO-FARMACÊUTICA CEARENSE LTDA,06628333000146,2026-07-02T11:50:27.000-0300,2501600100398,2026-09-24T00:00:00.000-0300
423586,105830493,azitromicina,1620821257,GERMED FARMACEUTICA LTDA,45992062000165,2025-12-18T12:04:32.000-0200,25351293560200561,2026-09-24T00:00:00.000-0300
425826,105830489,dipirona monoidratada,0451062256,GERMED FARMACEUTICA LTDA,45992062000165,2025-04-02T11:09:53.000-0300,25351312155200550,2026-09-24T00:00:00.000-0300
426150,102980357,XYLESTESIN,1554501253,CRISTÁLIA PRODUTOS QUÍMICOS FARMACÊUTICOS LTDA.,44734671000151,2025-12-02T17:15:25.000-0200,2599200750163,2026-09-24T00:00:00.000-0300
421875,161980007,TRAUMEEL S,1628934255,HEEL DO BRASIL BIOMÉDICA LTDA,05994539000127,2025-12-19T14:57:38.000-0200,25351280113200542,2026-09-24T00:00:00.000-0300
423622,102980002,BARIOGEL,1554248256,CRISTÁLIA PRODUTOS QUÍMICOS FARMACÊUTICOS LTDA.,44734671000151,2025-12-02T16:31:08.000-0200,2599100621677,2026-09-24T00:00:00.000-0300
4436,103700343,furosemida,1644006243,LABORATÓRIO TEUTO BRASILEIRO S/A,17159229000176,2024-12-02T10:53:17.000-0200,253510313220033,2026-09-24T00:00:00.000-0300
422253,102350800,dipirona sódica,1462454259,EMS S/A,57507378000365,2025-11-05T10:32:35.000-0200,25351309239200514,2026-09-24T00:00:00.000-0300
422281,100430948,BUP,0529011263,EUROFARMA LABORATORIOS S.A.,61190096000192,2026-05-29T08:08:18.000-0300,25351194979200531,2026-09-24T00:00:00.000-0300
422735,100430938,TEICOPLANINA,0048550264,EUROFARMA LABORATORIOS S.A.,61190096000192,2026-01-16T09:09:42.000-0200,25351326927200531,2026-09-24T00:00:00.000-0300
423692,103700483,norfloxacino,0707393213,LABORATÓRIO TEUTO BRASILEIRO S/A,17159229000176,2021-02-22T13:01:16.000-0300,25351309905200514,2026-09-24T00:00:00.000-0300
125274,105710007,GARGOJUICE,0524203261,BELFAR LTDA,18324343000177,2026-05-28T07:28:35.000-0300,2599100447880,2026-09-24T00:00:00.000-0300
424745,110850033,sulfato de salbutamol,1407439217,FARMACE INDÚSTRIA QUÍMICO-FARMACÊUTICA CEARENSE LTDA,06628333000146,2021-04-13T08:54:52.000-0300,25351329696200517,2026-09-24T00:00:00.000-0300
421521,138410021,EXPECTOFLUI,0603777261,NATULAB LABORATORIO S.A,02456955000183,2026-06-19T09:33:49.000-0300,25351191441200575,2026-09-24T00:00:00.000-0300
427406,154230053,aciclovir,0451182184,GEOLAB INDÚSTRIA FARMACÊUTICA S/A,03485572000104,2018-06-06T10:08:36.000-0300,25351337767200555,2026-09-24T00:00:00.000-0300
421975,103700482,NISTATINA,1745062246,LABORATÓRIO TEUTO BRASILEIRO S/A,17159229000176,2024-12-20T15:52:53.000-0200,25351265645200550,2026-09-24T00:00:00.000-0300
424240,103420050,PASSAJÁ,0210197242,FARMABRAZ BETA ATALAIA FARMACEUTICA LTDA.,33474289000130,2024-02-22T12:51:47.000-0300,25351345833200561,2026-09-24T00:00:00.000-0300
420534,102350785,diclofenaco sódico,1503486257,EMS S/A,57507378000365,2025-11-17T09:21:23.000-0200,25351275819200592,2026-09-24T00:00:00.000-0300
423275,102350791,furoato de mometasona,0573026262,EMS S/A,57507378000365,2026-06-11T10:38:20.000-0300,25351319089200549,2026-09-24T00:00:00.000-0300
423281,105830485,FUROATO DE MOMETASONA,0575492261,GERMED FARMACEUTICA LTDA,45992062000165,2026-06-11T15:55:44.000-0300,25351320146200532,2026-09-24T00:00:00.000-0300
424289,109630054,METRONIDAZOL,0866378185,THEODORO F SOBRAL & CIA LTDA,06597801000162,2018-09-04T16:58:45.000-0300,25351020079200397,2026-09-24T00:00:00.000-0300
422846,138410022,RIFOTRAT,0496886266,NATULAB LABORATORIO S.A,02456955000183,2026-05-21T10:53:05.000-0300,25351191361200510,2026-09-24T00:00:00.000-0300
424342,103700485,Loratadina + sulfato de pseudoefedrina,0843440244,LABORATÓRIO TEUTO BRASILEIRO S/A,17159229000176,2024-06-20T16:39:48.000-0300,25351336787200517,2026-09-24T00:00:00.000-0300
125655,101510113,BERIPLAST P,1628585251,CSL BEHRING COMÉRCIO DE PRODUTOS FARMACÊUTICOS LTDA,62969589000198,2025-12-19T14:06:08.000-0200,250000034599052,2026-09-24T00:00:00.000-0300
421615,154230051,maleato de dexclorfeniramina,0513102264,GEOLAB INDÚSTRIA FARMACÊUTICA S/A,03485572000104,2026-05-26T08:29:21.000-0300,25351267810200516,2026-09-24T00:00:00.000-0300
422872,110390037,FURP-FENOBARBITAL,0631861262,FUNDAÇÃO PARA O REMÉDIO POPULAR - FURP,43640754000119,2026-06-26T13:36:28.000-0300,2599100634381,2026-09-24T00:00:00.000-0300
427585,100430951,atenolol + clortalidona,0899813267,EUROFARMA LABORATORIOS S.A.,61190096000192,2026-08-31T15:59:02.000-0300,25351353317200518,2026-09-24T00:00:00.000-0300
427161,113430125,Butilbrometo de Escopolamina,1494997240,HIPOLABOR FARMACEUTICA LTDA,19570720000110,2024-10-30T13:56:57.000-0300,25351274487200529,2026-09-24T00:00:00.000-0300
427204,102350792,HIDROCLOROTIAZIDA,0276906250,EMS S/A,57507378000365,2025-02-27T08:39:47.000-0300,25351348027200544,2026-09-24T00:00:00.000-0300
426725,161980003,NUX VOMICA HOMACCORD,1628828251,HEEL DO BRASIL BIOMÉDICA LTDA,05994539000127,2025-12-19T14:42:15.000-0200,25351308418200526,2026-09-24T00:00:00.000-0300
272983,125680082,fosfato sódico de prednisolona,1653486252,PRATI DONADUZZI & CIA LTDA,73856593000166,2025-12-29T17:59:14.000-0200,25351219765200232,2026-09-24T00:00:00.000-0300
2183,125680032,IONCLOR,1654685259,PRATI DONADUZZI & CIA LTDA,73856593000166,2025-12-30T05:51:39.000-0200,253510013080112,2026-09-24T00:00:00.000-0300
426372,110850030,DIPIRONA SÓDICA,0153531266,FARMACE INDÚSTRIA QUÍMICO-FARMACÊUTICA CEARENSE LTDA,06628333000146,2026-02-14T08:36:06.000-0200,25351329759200535,2026-09-24T00:00:00.000-0300
421802,161980008,EUPHORBIUM COMPOSITUM SN,0609576267,HEEL DO BRASIL BIOMÉDICA LTDA,05994539000127,2026-06-22T10:25:22.000-0300,25351280033200597,2026-09-24T00:00:00.000-0300
422691,138410028,NISTAMAX,0374871264,NATULAB LABORATORIO S.A,02456955000183,2026-04-16T17:16:24.000-0300,25351268762200575,2026-09-24T00:00:00.000-0300
407346,104971189,DEMEDROX,0754780261,UNIÃO QUÍMICA FARMACÊUTICA NACIONAL S/A,60665981000118,2026-07-28T15:39:55.000-0300,250000189709889,2026-09-24T00:00:00.000-0300
427230,101910295,VITACID PLUS,1536900249,THERASKIN FARMACEUTICA LTDA.,61517397000188,2024-11-07T14:17:31.000-0200,25351248224200564,2026-09-24T00:00:00.000-0300
428320,106890153,ABC,0639840264,KLEY HERTZ FARMACEUTICA S.A,92695691000103,2026-06-29T17:35:04.000-0300,25351141033200572,2026-09-24T00:00:00.000-0300
369639,104810031,MENTALOL,0467644171,1FARMA INDUSTRIA FARMACEUTICA LTDA,48113906000149,2017-03-23T13:25:31.000-0300,250010037508402,2026-09-24T00:00:00.000-0300
432562,104070096,SORO ANTILATRODÉCTICO (Latrodectus curacaviensis),0121378268,INSTITUTO VITAL BRAZIL S/A,30064034000100,2026-02-05T15:19:11.000-0200,25351306536200508,2026-09-24T00:00:00.000-0300
435503,103700487,cloridrato de fluoxetina,0682217255,LABORATÓRIO TEUTO BRASILEIRO S/A,17159229000176,2025-05-21T12:45:42.000-0300,25351372894200509,2026-09-24T00:00:00.000-0300
428959,161980001,VERTIGOHEEL,1628963255,HEEL DO BRASIL BIOMÉDICA LTDA,05994539000127,2025-12-19T15:00:06.000-0200,25351280073200539,2026-09-24T00:00:00.000-0300
141044,116370052,CITARAX,0196063264,BLAU FARMACÊUTICA S.A.,58430828000160,2026-02-27T12:00:13.000-0300,2500000178399,2026-09-24T00:00:00.000-0300
432589,104971331,carbamazepina,0223726265,UNIÃO QUÍMICA FARMACÊUTICA NACIONAL S/A,60665981000118,2026-03-06T14:12:20.000-0300,25351343309200555,2026-09-24T00:00:00.000-0300
429472,156260002,TIORFAN,0493635262,Laboratórios Bagó do Brasil S/A,04748181000947,2026-05-20T16:35:25.000-0300,25351168683200565,2026-09-24T00:00:00.000-0300
429480,103670049,ACTILYSE,1059145251,BOEHRINGER INGELHEIM DO BRASIL QUÍMICA E FARMACÊUTICA LTDA.,60831658000177,2025-08-13T16:56:39.000-0300,2500100300787,2026-09-24T00:00:00.000-0300
6390,100850013,LIPOFUNDIN,0839752261,LABORATORIOS B. BRAUN S/A,31673254000102,2026-08-17T17:07:52.000-0300,2599200939874,2026-09-24T00:00:00.000-0300
436814,117170062,SOYNATI,0988524261,PHARMASCIENCE INDUSTRIA FARMACEUTICA S.A,25773037000183,2026-09-22T13:23:19.000-0300,25351408281200517,2026-09-24T00:00:00.000-0300
432665,112090131,SORO ANTI-RÁBICO,1437346235,FUNDAÇÃO EZEQUIEL DIAS - FUNED,17503475000101,2023-12-18T14:08:38.000-0200,25351362520200577,2026-09-24T00:00:00.000-0300
428506,110850031,BUTILBROMETO DE ESCOPOLAMINA + DIPIRONA SÓDICA,1410602217,FARMACE INDÚSTRIA QUÍMICO-FARMACÊUTICA CEARENSE LTDA,06628333000146,2021-04-13T11:35:26.000-0300,25351344491200561,2026-09-24T00:00:00.000-0300
428484,105830481,clotrimazol + acetato de dexametasona,0810326256,GERMED FARMACEUTICA LTDA,45992062000165,2025-06-17T17:00:55.000-0300,25351321313200562,2026-09-24T00:00:00.000-0300
609930,100431031,FOLINATO DE CÁLCIO,0267052260,EUROFARMA LABORATORIOS S.A.,61190096000192,2026-03-18T14:38:09.000-0300,25351464376200855,2026-09-24T00:00:00.000-0300
173329,143810087,AMBROXMEL,0258560266,CIMED INDUSTRIA S.A,02814497000107,2026-03-17T08:31:50.000-0300,25351010850200318,2026-09-24T00:00:00.000-0300
432198,126750095,Maleato de dexclorfeniramina + Betametasona,0147745268,NOVA QUIMICA FARMACÊUTICA S/A,72593791000111,2026-02-12T16:53:26.000-0200,25351338274200532,2026-09-24T00:00:00.000-0300
429662,126750091,MALEATO DE DEXCLORFENIRAMINA + BETAMETASONA,0147654262,NOVA QUIMICA FARMACÊUTICA S/A,72593791000111,2026-02-12T16:26:03.000-0200,25351359193200576,2026-09-24T00:00:00.000-0300
134283,102350577,leverctin,0071359257,EMS S/A,57507378000365,2025-01-17T12:21:12.000-0200,25351165323200269,2026-09-24T00:00:00.000-0300
435166,102350808,HIDROCORTISONA,1525811258,EMS S/A,57507378000365,2025-11-24T17:05:25.000-0200,25351408429200513,2026-09-24T00:00:00.000-0300
429684,103420051,CASTANHA DA ÍNDIA ATALAIA,0210249242,FARMABRAZ BETA ATALAIA FARMACEUTICA LTDA.,33474289000130,2024-02-22T12:43:16.000-0300,25351362276200542,2026-09-24T00:00:00.000-0300
3777,102980078,DROPERDAL,0464931266,CRISTÁLIA PRODUTOS QUÍMICOS FARMACÊUTICOS LTDA.,44734671000151,2026-05-13T13:32:26.000-0300,2500100421386,2026-09-24T00:00:00.000-0300
433954,123520184,amoxicilina,0222824176,RANBAXY FARMACÊUTICA LTDA,73663650000190,2017-02-09T15:37:10.000-0200,25351389826200571,2026-09-24T00:00:00.000-0300
432836,125680138,PRATIDERM,1651902259,PRATI DONADUZZI & CIA LTDA,73856593000166,2025-12-29T10:19:38.000-0200,25351384991200536,2026-09-24T00:00:00.000-0300
432828,123520188,cloridrato de diltiazem,2400783168,RANBAXY FARMACÊUTICA LTDA,73663650000190,2016-10-18T15:42:48.000-0200,25351252703200585,2026-09-24T00:00:00.000-0300
337880,100430036,NOEX,0757129269,EUROFARMA LABORATORIOS S.A.,61190096000192,2026-07-29T08:50:37.000-0300,25351037254200385,2026-09-24T00:00:00.000-0300
342383,102350673,CLORIDRATO DE CLOMIPRAMINA,0516392263,EMS S/A,57507378000365,2026-05-26T15:13:45.000-0300,25351042445200369,2026-09-24T00:00:00.000-0300
342369,105830354,CLORIDRATO DE CLOMIPRAMINA,0516479261,GERMED FARMACEUTICA LTDA,45992062000165,2026-05-26T15:25:01.000-0300,25351042703200315,2026-09-24T00:00:00.000-0300
432325,104070099,SORO ANTIBOTRÓPICO (PENTAVALENTE) E ANTICROTÁLICO,0121029263,INSTITUTO VITAL BRAZIL S/A,30064034000100,2026-02-05T14:58:11.000-0200,25351306664200543,2026-09-24T00:00:00.000-0300
445825,113430130,BROMOPRIDA,1448354242,HIPOLABOR FARMACEUTICA LTDA,19570720000110,2024-10-22T09:05:11.000-0300,25351000953200612,2026-09-24T00:00:00.000-0300
445854,112600181,HUMULIN R,0039806260,ELI LILLY DO BRASIL LTDA,43940618000144,2026-01-14T13:39:16.000-0200,25351369723200594,2026-09-24T00:00:00.000-0300
437445,155840043,CLORIDRATO DE CICLOBENZAPRINA,0567204260,BRAINFARMA INDÚSTRIA QUÍMICA E FARMACÊUTICA S.A,05161069000110,2026-06-10T11:22:50.000-0300,25351426020200571,2026-09-24T00:00:00.000-0300
443386,110130237,OXALIPLATINA,0455115249,GLENMARK FARMACÊUTICA LTDA,44363661000157,2024-04-10T15:33:10.000-0300,25351460921200591,2026-09-24T00:00:00.000-0300
447730,163070005,Tegeline,1517246165,LFB - HEMODERIVADOS E BIOTECNOLOGIA LTDA,07207572000195,2016-04-07T15:02:30.000-0300,25351010608200697,2026-09-24T00:00:00.000-0300
447776,163070001,BETAFACT,0679746156,LFB - HEMODERIVADOS E BIOTECNOLOGIA LTDA,07207572000195,2015-07-31T16:28:35.000-0300,25351018356200644,2026-09-24T00:00:00.000-0300
447795,163070002,FACTANE,0679716154,LFB - HEMODERIVADOS E BIOTECNOLOGIA LTDA,07207572000195,2015-07-31T16:18:50.000-0300,25351010760200670,2026-09-24T00:00:00.000-0300
447387,104971332,CLORIDRATO DE CLINDAMICINA,0169745261,UNIÃO QUÍMICA FARMACÊUTICA NACIONAL S/A,60665981000118,2026-02-20T13:46:45.000-0200,25351041905200684,2026-09-24T00:00:00.000-0300
446999,113430141,SULFATO DE AMICACINA,1524934259,HIPOLABOR FARMACEUTICA LTDA,19570720000110,2025-11-24T14:54:56.000-0200,25351482726200512,2026-09-24T00:00:00.000-0300
447372,154230058,METRONIDAZOL,0615939261,GEOLAB INDÚSTRIA FARMACÊUTICA S/A,03485572000104,2026-06-23T11:47:09.000-0300,25351025888200638,2026-09-24T00:00:00.000-0300
401592,105730349,TRANSPULMIN XAROPE ADULTO,1568021259,ACHÉ LABORATÓRIOS FARMACÊUTICOS S.A,60659463002992,2025-12-05T08:19:35.000-0200,25351030328200514,2026-09-24T00:00:00.000-0300
141116,102350174,PREDMICIN,1615607251,EMS S/A,57507378000365,2025-12-17T15:06:42.000-0200,2599100033978,2026-09-24T00:00:00.000-0300
438800,125680155,PIROXICAM,2298279175,PRATI DONADUZZI & CIA LTDA,73856593000166,2017-12-18T14:52:58.000-0200,25351427951200596,2026-09-24T00:00:00.000-0300
438847,141070056,LABCAÍNA,0417448261,PHARLAB INDÚSTRIA FARMACÊUTICA S.A.,02501297000102,2026-04-29T14:13:46.000-0300,25351392200200541,2026-09-24T00:00:00.000-0300
440377,104971326,flumazenil,0618118268,UNIÃO QUÍMICA FARMACÊUTICA NACIONAL S/A,60665981000118,2026-06-23T16:31:22.000-0300,25351450651200519,2026-09-24T00:00:00.000-0300
348746,104970004,ARTRINID,0169804267,UNIÃO QUÍMICA FARMACÊUTICA NACIONAL S/A,60665981000118,2026-02-20T13:50:39.000-0200,2599201511376,2026-09-24T00:00:00.000-0300
435494,116370071,Enoxalow,1657068251,BLAU FARMACÊUTICA S.A.,58430828000160,2025-12-30T16:48:40.000-0200,25351367708200510,2026-09-24T00:00:00.000-0300
2013,103700179,SEDALEX,0267575262,LABORATÓRIO TEUTO BRASILEIRO S/A,17159229000176,2026-03-18T15:51:48.000-0300,250000215259571,2026-09-24T00:00:00.000-0300
70624,143810058,ENALAMED,1019253240,CIMED INDUSTRIA S.A,02814497000107,2024-07-25T14:54:42.000-0300,253510278930009,2026-09-24T00:00:00.000-0300
440625,106890155,HEPATILON,1606035258,KLEY HERTZ FARMACEUTICA S.A,92695691000103,2025-12-16T09:50:12.000-0200,25351430200200557,2026-09-24T00:00:00.000-0300
172926,154000043,GASTRINON,0890150231,LABORATÓRIO VITALAB LTDA,56646953000186,2023-08-23T14:25:14.000-0300,25351000557200342,2026-09-24T00:00:00.000-0300
437576,123520186,amoxicilina,0222714172,RANBAXY FARMACÊUTICA LTDA,73663650000190,2017-02-09T15:15:11.000-0200,25351369789200584,2026-09-24T00:00:00.000-0300
442133,138410029,OSTEOFIX,4443637222,NATULAB LABORATORIO S.A,02456955000183,2022-07-19T10:02:56.000-0300,25351445734200588,2026-09-24T00:00:00.000-0300
441216,100410115,RINGER,0617211264,FRESENIUS KABI BRASIL LTDA,49324221000104,2026-06-23T14:41:46.000-0300,25351478410200526,2026-09-24T00:00:00.000-0300
441849,143810099,maleato de dexclorfeniramina + betametasona,0230962262,CIMED INDUSTRIA S.A,02814497000107,2026-03-09T16:43:44.000-0300,25351429210200540,2026-09-24T00:00:00.000-0300
439396,100470405,TOPIRAMATO,0185253261,SANDOZ DO BRASIL INDÚSTRIA FARMACÊUTICA LTDA,61286647000116,2026-02-25T09:15:53.000-0300,25351448398200525,2026-09-24T00:00:00.000-0300
443129,155620023,cefalexina,0594761263,ANTIBIÓTICOS DO BRASIL LTDA,05439635000103,2026-06-17T10:26:47.000-0300,25351000220200688,2026-09-24T00:00:00.000-0300
539583,101470171,GANFORT,1566025257,ALLERGAN PRODUTOS FARMACÊUTICOS LTDA,43426626000177,2025-12-04T15:24:24.000-0200,25351312372200621,2026-09-24T00:00:00.000-0300
442013,105710138,CASTANHA DA ÍNDIA,1318361257,BELFAR LTDA,18324343000177,2025-10-02T16:18:33.000-0300,25351465322200564,2026-09-24T00:00:00.000-0300
446036,113430135,Furosemida,1597961248,HIPOLABOR FARMACEUTICA LTDA,19570720000110,2024-11-22T07:57:43.000-0200,25351467421200581,2026-09-24T00:00:00.000-0300
443336,102980359,Maleato de Dexclorfeniramina,2100937166,CRISTÁLIA PRODUTOS QUÍMICOS FARMACÊUTICOS LTDA.,44734671000151,2016-07-20T18:41:49.000-0300,25351302882200517,2026-09-24T00:00:00.000-0300
443361,113430129,ESKAVIT,1598027247,HIPOLABOR FARMACEUTICA LTDA,19570720000110,2024-11-22T08:23:55.000-0200,25351000979200661,2026-09-24T00:00:00.000-0300
443921,100330128,LIBIAM,0773342257,LIBBS FARMACÊUTICA LTDA,61230314000175,2025-06-09T11:42:58.000-0300,25351475329200594,2026-09-24T00:00:00.000-0300
438680,123520189,cloridrato de amiodarona,0233170260,RANBAXY FARMACÊUTICA LTDA,73663650000190,2026-03-10T08:00:44.000-0300,25351428031200595,2026-09-24T00:00:00.000-0300
443741,103700490,AZITROMICINA,0051373262,LABORATÓRIO TEUTO BRASILEIRO S/A,17159229000176,2026-01-16T17:39:21.000-0200,25351463835200531,2026-09-24T00:00:00.000-0300
444796,123520196,CLORIDRATO DE TIZANIDINA,0631947264,RANBAXY FARMACÊUTICA LTDA,73663650000190,2026-06-26T13:31:52.000-0300,25351005737200663,2026-09-24T00:00:00.000-0300
445421,123520199,lamotrigina,0691803269,RANBAXY FARMACÊUTICA LTDA,73663650000190,2026-07-14T10:29:42.000-0300,25351019217200638,2026-09-24T00:00:00.000-0300
591443,102350953,TOBRALOX,1557774251,EMS S/A,57507378000365,2025-12-03T09:45:45.000-0200,25351386419200854,2026-09-24T00:00:00.000-0300
444063,100850006,"GLICOSE A 5% + CLORETO DE SÓDIO A 0,9%",1523796251,LABORATORIOS B. BRAUN S/A,31673254000102,2025-11-24T10:49:09.000-0200,2599200042564,2026-09-24T00:00:00.000-0300
445387,118190058,CEFAGEL,0040901262,MULTILAB INDUSTRIA E COMERCIO DE PRODUTOS FARMACEUTICOS LTDA,92265552000905,2026-01-14T16:18:12.000-0200,25351396453200594,2026-09-24T00:00:00.000-0300
69928,135690020,SIGMACALCIDOL,1554734215,EMS SIGMA PHARMA LTDA,00923140000131,2021-04-23T10:38:04.000-0300,253510146960148,2026-09-24T00:00:00.000-0300
445357,101180595,COLCHIS,1583551255,APSEN FARMACEUTICA S/A,62462015000129,2025-12-10T09:33:15.000-0200,25351410945200508,2026-09-24T00:00:00.000-0300
445772,100430947,PONDERA,1490837256,EUROFARMA LABORATORIOS S.A.,61190096000192,2025-11-12T16:46:24.000-0200,25351050349200556,2026-09-24T00:00:00.000-0300
451582,154230062,NISTATINA,0561245266,GEOLAB INDÚSTRIA FARMACÊUTICA S/A,03485572000104,2026-06-09T10:07:07.000-0300,25351025636200617,2026-09-24T00:00:00.000-0300
449,102350372,FOLIFOLIN,0248199269,EMS S/A,57507378000365,2026-03-13T10:58:10.000-0300,250000046509274,2026-09-24T00:00:00.000-0300
450920,154230060,DICLOFENACO DIETILAMÔNIO,0480389182,GEOLAB INDÚSTRIA FARMACÊUTICA S/A,03485572000104,2018-06-15T09:47:30.000-0300,25351044015200624,2026-09-24T00:00:00.000-0300
446646,113430138,DICLOFENACO SÓDICO,1466762241,HIPOLABOR FARMACEUTICA LTDA,19570720000110,2024-10-24T15:00:20.000-0300,25351466909200591,2026-09-24T00:00:00.000-0300
452337,112600179,Humalog Mix,1495908259,ELI LILLY DO BRASIL LTDA,43940618000144,2025-11-13T17:57:57.000-0200,25351480087200551,2026-09-24T00:00:00.000-0300
453611,141070059,Digoxina,0596082266,PHARLAB INDÚSTRIA FARMACÊUTICA S.A.,02501297000102,2026-06-17T14:18:44.000-0300,25351066435200661,2026-09-24T00:00:00.000-0300
451991,125680140,nistatina + óxido de zinco,0087976269,PRATI DONADUZZI & CIA LTDA,73856593000166,2026-01-28T08:12:38.000-0200,25351353848200501,2026-09-24T00:00:00.000-0300
452995,154230067,cloridrato de ambroxol,0480613181,GEOLAB INDÚSTRIA FARMACÊUTICA S/A,03485572000104,2018-06-15T10:27:23.000-0300,25351030152200681,2026-09-24T00:00:00.000-0300
4442,104810051,DIURIT,4077995205,1FARMA INDUSTRIA FARMACEUTICA LTDA,48113906000149,2020-11-19T09:51:58.000-0200,250000116769521,2026-09-24T00:00:00.000-0300
456187,103870057,cloridrato de dobutamina,1515404211,HYPOFARMA - INSTITUTO DE HYPODERMIA E FARMÁCIA LTDA,17174657000178,2021-04-20T16:16:05.000-0300,25351072824200626,2026-09-24T00:00:00.000-0300
447695,163070004,Vialebex,1516594169,LFB - HEMODERIVADOS E BIOTECNOLOGIA LTDA,07207572000195,2016-04-07T14:08:38.000-0300,25351010724200614,2026-09-24T00:00:00.000-0300
495729,103870058,CLORIDRATO DE ONDANSETRONA,0062410245,HYPOFARMA - INSTITUTO DE HYPODERMIA E FARMÁCIA LTDA,17174657000178,2024-01-17T14:38:48.000-0200,25351370795200665,2026-09-24T00:00:00.000-0300
450269,103700493,MALEATO DE TIMOLOL,1189818256,LABORATÓRIO TEUTO BRASILEIRO S/A,17159229000176,2025-09-08T16:08:22.000-0300,25351064369200695,2026-09-24T00:00:00.000-0300
450272,103700494,"LORAZEPAM (PORT.344/98, LISTA B1)",0656891262,LABORATÓRIO TEUTO BRASILEIRO S/A,17159229000176,2026-07-03T08:07:04.000-0300,25351048634200698,2026-09-24T00:00:00.000-0300
331201,112780003,DAFLON,1653425253,LABORATÓRIOS SERVIER DO BRASIL LTDA,42374207000176,2025-12-29T17:14:32.000-0200,250000101308832,2026-09-24T00:00:00.000-0300
448433,103700492,ALBENDAZOL,0224014242,LABORATÓRIO TEUTO BRASILEIRO S/A,17159229000176,2024-02-26T11:14:15.000-0300,25351048548200685,2026-09-24T00:00:00.000-0300
452833,103700497,cetoconazol+ dipropionato de betametasona,0928409236,LABORATÓRIO TEUTO BRASILEIRO S/A,17159229000176,2023-08-31T13:36:20.000-0300,25351096395200682,2026-09-24T00:00:00.000-0300
452886,103700496,cetoconazol + dipropionato de betametasona,0928492231,LABORATÓRIO TEUTO BRASILEIRO S/A,17159229000176,2023-08-31T13:46:46.000-0300,25351096330200637,2026-09-24T00:00:00.000-0300
450277,103700495,BROMAZEPAM,0653425261,LABORATÓRIO TEUTO BRASILEIRO S/A,17159229000176,2026-07-02T12:07:30.000-0300,25351048150200649,2026-09-24T00:00:00.000-0300
441226,104971344,carbamazepina,0223732265,UNIÃO QUÍMICA FARMACÊUTICA NACIONAL S/A,60665981000118,2026-03-06T14:15:12.000-0300,25351464390200514,2026-09-24T00:00:00.000-0300
231,128760006,GLYPRESSIN,0652093264,LABORATÓRIOS FERRING LTDA,74232034000148,2026-07-02T09:00:56.000-0300,250000083679790,2026-09-24T00:00:00.000-0300
2056,102350482,claritromicina,0243153261,EMS S/A,57507378000365,2026-03-12T13:42:09.000-0300,253510235740071,2026-09-24T00:00:00.000-0300
449142,155620022,cefalexina,0618356266,ANTIBIÓTICOS DO BRASIL LTDA,05439635000103,2026-06-23T17:28:45.000-0300,25351434257200525,2026-09-24T00:00:00.000-0300
444240,113430134,SULFATO DE SALBUTAMOL,1455265241,HIPOLABOR FARMACEUTICA LTDA,19570720000110,2024-10-23T09:21:52.000-0300,25351481585200511,2026-09-24T00:00:00.000-0300
444432,104971330,fenobarbital,0827935251,UNIÃO QUÍMICA FARMACÊUTICA NACIONAL S/A,60665981000118,2025-06-24T08:59:55.000-0300,25351006042200607,2026-09-24T00:00:00.000-0300
455469,104971334,ACETATO DE DEXAMETASONA,1474212255,UNIÃO QUÍMICA FARMACÊUTICA NACIONAL S/A,60665981000118,2025-11-07T13:45:43.000-0200,25351072733200691,2026-09-24T00:00:00.000-0300
454912,104971333,acetato de hidrocortisona,1628396253,UNIÃO QUÍMICA FARMACÊUTICA NACIONAL S/A,60665981000118,2025-12-19T13:39:40.000-0200,25351070308200667,2026-09-24T00:00:00.000-0300
444700,112780071,PROCORALAN,1469375257,LABORATÓRIOS SERVIER DO BRASIL LTDA,42374207000176,2025-11-06T14:35:14.000-0200,25351466110200502,2026-09-24T00:00:00.000-0300
444723,156510015,losartana potássica,1445688215,ZYDUS NIKKHO FARMACÊUTICA LTDA,05254971000181,2021-04-15T15:04:55.000-0300,25351460848200558,2026-09-24T00:00:00.000-0300
450259,154230066,Sulfato de Salbutamol,1138713181,GEOLAB INDÚSTRIA FARMACÊUTICA S/A,03485572000104,2018-12-03T17:37:39.000-0200,25351026200200637,2026-09-24T00:00:00.000-0300
282152,125680086,TIOCONAZOL + TINIDAZOL,0799854263,PRATI DONADUZZI & CIA LTDA,73856593000166,2026-08-07T11:18:09.000-0300,25351006765200355,2026-09-24T00:00:00.000-0300
460014,105730368,SINTOCALMY,1637283253,ACHÉ LABORATÓRIOS FARMACÊUTICOS S.A,60659463002992,2025-12-22T15:27:59.000-0200,25351155028200628,2026-09-24T00:00:00.000-0300
459521,154230089,DIPIRONA SÓDICA,0270974261,GEOLAB INDÚSTRIA FARMACÊUTICA S/A,03485572000104,2026-03-19T12:32:55.000-0300,25351086739200645,2026-09-24T00:00:00.000-0300
369831,121100054,CLUSIVOL COMPOSTO,1407243162,PFIZER BRASIL LTDA,61072393000133,2016-03-24T18:30:50.000-0300,2599200692453,2026-09-24T00:00:00.000-0300
456600,106890158,GALENOGAL ELIXIR,1627666257,KLEY HERTZ FARMACEUTICA S.A,92695691000103,2025-12-19T12:03:08.000-0200,25351123083200659,2026-09-24T00:00:00.000-0300
456748,132230102,CPHD COM GLICOSE,0546674267,FRESENIUS MEDICAL CARE LTDA,01440590000136,2026-06-03T17:26:05.000-0300,25351096927200681,2026-09-24T00:00:00.000-0300
456757,117170063,VALERINATI,1031106243,PHARMASCIENCE INDUSTRIA FARMACEUTICA S.A,25773037000183,2024-07-29T11:00:36.000-0300,25351127977200618,2026-09-24T00:00:00.000-0300
5940,125680044,metronidazol + nistatina,1657006255,PRATI DONADUZZI & CIA LTDA,73856593000166,2025-12-30T16:29:29.000-0200,253510377400105,2026-09-24T00:00:00.000-0300
417858,143810095,FRENOTOSSE,0208056262,CIMED INDUSTRIA S.A,02814497000107,2026-03-03T14:14:15.000-0300,25351016439200518,2026-09-24T00:00:00.000-0300
457067,101830145,LAFEPE BENZNIDAZOL,1629714259,LABORATORIO FARMACEUTICO DO ESTADO DE PERNAMBUCO GOVERNADOR MIGUEL ARRAES S/A - LAFEPE,10877926000113,2025-12-19T15:28:21.000-0200,25351111801200644,2026-09-24T00:00:00.000-0300
270283,154230038,CELETIL,0267621264,GEOLAB INDÚSTRIA FARMACÊUTICA S/A,03485572000104,2026-03-18T16:00:01.000-0300,25351011289200394,2026-09-24T00:00:00.000-0300
461288,104971342,Bromoprida,0609519255,UNIÃO QUÍMICA FARMACÊUTICA NACIONAL S/A,60665981000118,2025-05-06T14:07:52.000-0300,25351103753200611,2026-09-24T00:00:00.000-0300
459021,132230101,CPHD SEM GLICOSE 1:44,0546740260,FRESENIUS MEDICAL CARE LTDA,01440590000136,2026-06-03T17:23:23.000-0300,25351096871200665,2026-09-24T00:00:00.000-0300
274531,103700442,maleato de enalapril,1374964247,LABORATÓRIO TEUTO BRASILEIRO S/A,17159229000176,2024-10-07T11:40:17.000-0300,25351209014200216,2026-09-24T00:00:00.000-0300
461118,102350810,LOSARTANA POTÁSSICA,0085218260,EMS S/A,57507378000365,2026-01-27T14:18:28.000-0200,25351143800200669,2026-09-24T00:00:00.000-0300
465341,103900176,IXIUM,0357897269,FARMOQUÍMICA S/A,33349473000158,2026-04-13T15:58:57.000-0300,25351070485200562,2026-09-24T00:00:00.000-0300
471666,102350818,cloridrato de fluoxetina,0499668260,EMS S/A,57507378000365,2026-05-21T16:54:44.000-0300,25351190086200606,2026-09-24T00:00:00.000-0300
472526,125680150,CLORIDRATO DE CIPROFLOXACINO,0327977264,PRATI DONADUZZI & CIA LTDA,73856593000166,2026-04-06T15:24:18.000-0300,25351155195200679,2026-09-24T00:00:00.000-0300
472557,154230070,CONACORT,1535387254,GEOLAB INDÚSTRIA FARMACÊUTICA S/A,03485572000104,2025-11-26T16:04:05.000-0200,25351029814200671,2026-09-24T00:00:00.000-0300
472238,106460174,acetato de ciproterona,0307852261,LABORATORIO QUIMICO FARMACEUTICO BERGAMO LTDA,61282661000141,2026-03-30T17:11:21.000-0300,25351189367200616,2026-09-24T00:00:00.000-0300
468184,102350845,AMOXICILINA + CLAVULANATO DE POTÁSSIO,1589588258,EMS S/A,57507378000365,2025-12-11T13:21:19.000-0200,25351189327200666,2026-09-24T00:00:00.000-0300
472282,101180601,DONAREN RETARD,1514036258,APSEN FARMACEUTICA S/A,62462015000129,2025-11-19T11:33:37.000-0200,25351153254200674,2026-09-24T00:00:00.000-0300
471879,125680146,atenolol,0093126263,PRATI DONADUZZI & CIA LTDA,73856593000166,2026-01-29T07:42:55.000-0200,25351107626200691,2026-09-24T00:00:00.000-0300
465950,125680156,Amoxicilina,0111168261,PRATI DONADUZZI & CIA LTDA,73856593000166,2026-02-03T14:57:37.000-0200,25351112705200613,2026-09-24T00:00:00.000-0300
472625,155620025,claritromicina,0563155264,ANTIBIÓTICOS DO BRASIL LTDA,05439635000103,2026-06-09T15:34:48.000-0300,25351127392200606,2026-09-24T00:00:00.000-0300
472232,112330050,LAQFA - IODETO DE POTÁSSIO,1658375254,LABORATORIO QUIMICO FARMACEUTICO DA AERONAUTICA,00394429009914,2025-12-31T02:27:04.000-0200,25351067150200648,2026-09-24T00:00:00.000-0300
270186,154000035,BRONQUIVITA,3925280219,LABORATÓRIO VITALAB LTDA,56646953000186,2021-10-05T09:07:08.000-0300,25351015284200331,2026-09-24T00:00:00.000-0300
473858,125680151,cloridrato de metformina,0546661262,PRATI DONADUZZI & CIA LTDA,73856593000166,2026-06-03T17:03:41.000-0300,25351106762200663,2026-09-24T00:00:00.000-0300
469537,101070253,ZOVIRAX,1008414255,GLAXOSMITHKLINE BRASIL LTDA,33247743000110,2025-08-05T17:15:28.000-0300,25351263374200689,2026-09-24T00:00:00.000-0300
462528,118190061,BUPROVIL,0170926265,MULTILAB INDUSTRIA E COMERCIO DE PRODUTOS FARMACEUTICOS LTDA,92265552000905,2026-02-20T15:13:02.000-0200,25025022547200200,2026-09-24T00:00:00.000-0300
1378,102350454,CAPTOPRIL,0436529262,EMS S/A,57507378000365,2026-05-05T15:55:38.000-0300,253510142630020,2026-09-24T00:00:00.000-0300
470462,151670025,LISINOPRIL,2499146195,AUROBINDO PHARMA INDÚSTRIA FARMACÊUTICA LIMITADA,04301884000175,2019-10-15T17:38:49.000-0300,25351193355200688,2026-09-24T00:00:00.000-0300
474022,151670027,cloridrato de sertralina,1517266246,AUROBINDO PHARMA INDÚSTRIA FARMACÊUTICA LIMITADA,04301884000175,2024-11-04T17:04:04.000-0200,25351184046200617,2026-09-24T00:00:00.000-0300
473609,125680148,NIMESULIDA,0810910149,PRATI DONADUZZI & CIA LTDA,73856593000166,2014-09-29T19:27:05.000-0300,25351196477200626,2026-09-24T00:00:00.000-0300
466912,154230069,MEBENDAZOL,0920095149,GEOLAB INDÚSTRIA FARMACÊUTICA S/A,03485572000104,2014-10-14T11:28:44.000-0300,25351065931200606,2026-09-24T00:00:00.000-0300
446343,100610084,ERYSIDORON-1,1195827253,WELEDA DO BRASIL LABORATÓRIO E FARMÁCIA LTDA,56992217000180,2025-09-09T14:51:18.000-0300,2599201071475,2026-09-24T00:00:00.000-0300
468633,103700500,VALERATO DE BETAMETASONA + SULFATO DE GENTAMICINA + TOLNAFTATO + CLIOQUINOL,1530060249,LABORATÓRIO TEUTO BRASILEIRO S/A,17159229000176,2024-11-06T14:17:49.000-0200,25351224073200630,2026-09-24T00:00:00.000-0300
462451,104300008,LONCORD,1576769259,DIFFUCAP - CHEMOBRÁS QUÍMICA E FARMACÊUTICA LTDA,42457796000156,2025-12-08T13:28:20.000-0200,250000086049207,2026-09-24T00:00:00.000-0300
466706,104970009,SCALID,0462359255,UNIÃO QUÍMICA FARMACÊUTICA NACIONAL S/A,60665981000118,2025-04-03T18:28:04.000-0300,2599200807372,2026-09-24T00:00:00.000-0300
468739,113430137,dipirona sódica,1417265256,HIPOLABOR FARMACEUTICA LTDA,19570720000110,2025-10-23T16:45:16.000-0300,25351458172200532,2026-09-24T00:00:00.000-0300
468655,103700502,CLORIDRATO DE TRAMADOL (PORT 344/98 - LISTA A2),0001129252,LABORATÓRIO TEUTO BRASILEIRO S/A,17159229000176,2025-01-02T09:49:24.000-0200,25351224002200637,2026-09-24T00:00:00.000-0300
468623,103700499,VALERATO DE BETAMETASONA + SULFATO DE GENTAMICINA + TOLNAFTATO + CLIOQUINOL,0440351243,LABORATÓRIO TEUTO BRASILEIRO S/A,17159229000176,2024-04-08T11:35:38.000-0300,25351223927200661,2026-09-24T00:00:00.000-0300
466757,154230073,Dexametasona,0585346267,GEOLAB INDÚSTRIA FARMACÊUTICA S/A,03485572000104,2026-06-15T12:46:06.000-0300,25351065870200679,2026-09-24T00:00:00.000-0300
471183,125680144,ampicilina,1328894216,PRATI DONADUZZI & CIA LTDA,73856593000166,2021-04-07T12:42:01.000-0300,25351108822200682,2026-09-24T00:00:00.000-0300
469376,106890161,HEPATILON,1622689259,KLEY HERTZ FARMACEUTICA S.A,92695691000103,2025-12-18T16:24:22.000-0200,25351237045200682,2026-09-24T00:00:00.000-0300
469871,155620027,teicoplanina,0311154263,ANTIBIÓTICOS DO BRASIL LTDA,05439635000103,2026-03-31T10:52:50.000-0300,25351112570200696,2026-09-24T00:00:00.000-0300
470233,103700504,AMOXICILINA,1581853254,LABORATÓRIO TEUTO BRASILEIRO S/A,17159229000176,2025-12-09T17:08:13.000-0200,25351244706200626,2026-09-24T00:00:00.000-0300
462554,122140075,PYRIDIUM,1620342251,ADIUM S.A.,55980684000127,2025-12-18T11:49:09.000-0200,25351274364200598,2026-09-24T00:00:00.000-0300
538022,100470456,Pantoprazol,1200088255,SANDOZ DO BRASIL INDÚSTRIA FARMACÊUTICA LTDA,61286647000116,2025-09-10T09:34:04.000-0300,25351360916200741,2026-09-24T00:00:00.000-0300
471639,154230075,Acetato de Dexametasona,1421632250,GEOLAB INDÚSTRIA FARMACÊUTICA S/A,03485572000104,2025-10-24T16:38:24.000-0300,25351188182200686,2026-09-24T00:00:00.000-0300
470250,103700505,losartana potássica,0937827258,LABORATÓRIO TEUTO BRASILEIRO S/A,17159229000176,2025-07-21T08:23:28.000-0300,25351244777200629,2026-09-24T00:00:00.000-0300
472634,110630123,"VACINA POLIOMIELITE 1, 2 E 3 (ATENUADA)",0507514149,FUNDAÇÃO OSWALDO CRUZ,33781055000135,2014-06-27T10:47:58.000-0300,25351220837200618,2026-09-24T00:00:00.000-0300
471717,105830518,cloridrato de fluoxetina,0499749260,GERMED FARMACEUTICA LTDA,45992062000165,2026-05-21T17:13:58.000-0300,25351190569200601,2026-09-24T00:00:00.000-0300
473570,125680147,amoxicilina,0499568265,PRATI DONADUZZI & CIA LTDA,73856593000166,2026-05-21T16:42:41.000-0300,25351107067200619,2026-09-24T00:00:00.000-0300
449750,116370068,cloridrato de lidocaína,1609670256,BLAU FARMACÊUTICA S.A.,58430828000160,2025-12-16T16:43:35.000-0200,25351015254200677,2026-09-24T00:00:00.000-0300
475939,113430142,valproato de sódio,0545548268,HIPOLABOR FARMACEUTICA LTDA,19570720000110,2026-06-03T14:17:12.000-0300,25351262629200696,2026-09-24T00:00:00.000-0300
476372,105830519,Clotrimazol,1739707249,GERMED FARMACEUTICA LTDA,45992062000165,2024-12-19T19:50:02.000-0200,25351314280200685,2026-09-24T00:00:00.000-0300
473775,154230080,DIPIRONA SODICA,0270246266,GEOLAB INDÚSTRIA FARMACÊUTICA S/A,03485572000104,2026-03-19T10:56:40.000-0300,25351161403200679,2026-09-24T00:00:00.000-0300
482125,151670028,amoxicilina,1138936212,AUROBINDO PHARMA INDÚSTRIA FARMACÊUTICA LIMITADA,04301884000175,2021-03-24T17:36:59.000-0300,25351253115200640,2026-09-24T00:00:00.000-0300
477948,103700506,cloridrato de metformina,0415861268,LABORATÓRIO TEUTO BRASILEIRO S/A,17159229000176,2026-04-29T09:43:59.000-0300,25351325713200628,2026-09-24T00:00:00.000-0300
475893,143810104,ácido acetilsalicílico,3928936202,CIMED INDUSTRIA S.A,02814497000107,2020-11-09T10:34:52.000-0200,25351141852200609,2026-09-24T00:00:00.000-0300
474971,105830520,TINIDAZOL,0189915269,GERMED FARMACEUTICA LTDA,45992062000165,2026-02-26T10:03:08.000-0300,25351304380200601,2026-09-24T00:00:00.000-0300
474755,105830521,CLORIDRATO DE TERBINAFINA,0891442260,GERMED FARMACEUTICA LTDA,45992062000165,2026-08-28T11:23:33.000-0300,25351304418200638,2026-09-24T00:00:00.000-0300
474845,143810110,AMOXICILINA,0982030258,CIMED INDUSTRIA S.A,02814497000107,2025-07-29T15:10:36.000-0300,25351189277200617,2026-09-24T00:00:00.000-0300
468660,103700503,"CLORIDRATO DE TRAMADOL (PORT. 344/98, L-A2)",0617671257,LABORATÓRIO TEUTO BRASILEIRO S/A,17159229000176,2025-05-07T15:50:25.000-0300,25351223619200635,2026-09-24T00:00:00.000-0300
471563,101430068,MALVONA,1601630255,MEGALABS FARMACEUTICA S.A.,33026055000120,2025-12-15T12:17:28.000-0200,25351287439200681,2026-09-24T00:00:00.000-0300
486157,105730367,COMBIRON FÓLICO,0193453258,ACHÉ LABORATÓRIOS FARMACÊUTICOS S.A,60659463002992,2025-02-11T16:35:31.000-0200,25351314694200612,2026-09-24T00:00:00.000-0300
486160,102980385,Xylestesin Pesada,0596474261,CRISTÁLIA PRODUTOS QUÍMICOS FARMACÊUTICOS LTDA.,44734671000151,2026-06-17T15:10:43.000-0300,25351358180200580,2026-09-24T00:00:00.000-0300
485514,103870059,AMINOFILINA,1713759214,HYPOFARMA - INSTITUTO DE HYPODERMIA E FARMÁCIA LTDA,17174657000178,2021-05-04T13:26:21.000-0300,25351287094200666,2026-09-24T00:00:00.000-0300
483084,100430685,PEN-VE-ORAL,0253872260,EUROFARMA LABORATORIOS S.A.,61190096000192,2026-03-16T09:34:32.000-0300,2599201215655,2026-09-24T00:00:00.000-0300
466454,100430959,AMATO,1567133258,EUROFARMA LABORATORIOS S.A.,61190096000192,2025-12-04T18:05:25.000-0200,25351299730200511,2026-09-24T00:00:00.000-0300
487008,104971340,CEFAZOLINA SÓDICA,2523190214,UNIÃO QUÍMICA FARMACÊUTICA NACIONAL S/A,60665981000118,2021-06-29T16:38:42.000-0300,25351300002200641,2026-09-24T00:00:00.000-0300
487709,155370005,CITARABINA,0600727262,ACCORD FARMACÊUTICA LTDA,64171697000146,2026-06-18T14:16:14.000-0300,25351313767200641,2026-09-24T00:00:00.000-0300
1144106,105830872,bimatoprosta,0545490260,GERMED FARMACEUTICA LTDA,45992062000165,2026-06-03T14:03:51.000-0300,25351531695201693,2026-09-24T00:00:00.000-0300
1176660,137040001,PROPOTIL,1316085211,Midfarma Produtos Farmaceuticos Ltda,13863381000184,2021-04-06T14:52:37.000-0300,25351129795201781,2026-09-24T00:00:00.000-0300
1119588,167730432,pantoprazol sódico sesqui-hidratado,0503623261,LEGRAND PHARMA INDÚSTRIA FARMACÊUTICA LTDA,05044984000126,2026-05-22T14:24:24.000-0300,25351117813201654,2026-09-24T00:00:00.000-0300
1166359,173900007,NALDECON NOITE,0048940267,RECKITT BENCKISER (BRASIL) LTDA,59557124000115,2026-01-16T10:32:05.000-0200,25351012238201708,2026-09-24T00:00:00.000-0300
1175857,121100385,DALACIN C,0040089266,PFIZER BRASIL LTDA,61072393000133,2026-01-14T14:33:56.000-0200,25351098038201701,2026-09-24T00:00:00.000-0300
1192051,137640168,TRACRIUM,4590014220,ASPEN PHARMA INDÚSTRIA FARMACÊUTICA LTDA,02433631000120,2022-08-23T10:48:28.000-0300,25351364492201705,2026-09-24T00:00:00.000-0300
7978,102350328,APEVITIN BC,1548268259,EMS S/A,57507378000365,2025-12-01T12:28:03.000-0200,2500102002084,2026-09-24T00:00:00.000-0300
1183588,103720279,ANDES,0963690264,SUPERA FARMA LABORATÓRIOS S.A,43312503000105,2026-09-16T14:24:29.000-0300,25351363320201775,2026-09-24T00:00:00.000-0300
1208057,104971412,risperidona,0070842256,UNIÃO QUÍMICA FARMACÊUTICA NACIONAL S/A,60665981000118,2025-01-17T11:18:40.000-0200,25351245659201791,2026-09-24T00:00:00.000-0300
1141625,100681130,hemitartarato de zolpidem,1637552246,NOVARTIS BIOCIENCIAS S.A,56994502000130,2024-11-29T11:23:13.000-0200,25351409018201690,2026-09-24T00:00:00.000-0300
1145616,154230257,CLIOQDERM,0141170185,GEOLAB INDÚSTRIA FARMACÊUTICA S/A,03485572000104,2018-02-23T10:47:45.000-0300,25351518484201665,2026-09-24T00:00:00.000-0300
1204747,134800108,NIQUITIN,4501341220,MAPPEL INDÚSTRIA DE EMBALAGENS S.A.,01233103000164,2022-08-03T11:53:26.000-0300,25351345192201792,2026-09-24T00:00:00.000-0300
3582984,154230363,rivaroxabana,0974852261,GEOLAB INDÚSTRIA FARMACÊUTICA S/A,03485572000104,2026-09-18T11:14:49.000-0300,25351600401202229,2026-09-24T00:00:00.000-0300
1131865,110390216,bromidrato de galantamina,0618064265,FUNDAÇÃO PARA O REMÉDIO POPULAR - FURP,43640754000119,2026-06-23T16:25:59.000-0300,25351329415201689,2026-09-24T00:00:00.000-0300
1173904,137640157,NAROPIN,1609661257,ASPEN PHARMA INDÚSTRIA FARMACÊUTICA LTDA,02433631000120,2025-12-16T16:38:50.000-0200,25351022569201706,2026-09-24T00:00:00.000-0300
1182364,137640162,OMCILON A,0720905257,ASPEN PHARMA INDÚSTRIA FARMACÊUTICA LTDA,02433631000120,2025-05-28T08:21:39.000-0300,25351177261201721,2026-09-24T00:00:00.000-0300
1192344,109740245,COR-SELECT,0288760263,BIOLAB SANUS FARMACÊUTICA LTDA,49475833000106,2026-03-25T16:28:39.000-0300,25351375580201721,2026-09-24T00:00:00.000-0300
1132419,135690685,OSTEOFORM,0480219265,EMS SIGMA PHARMA LTDA,00923140000131,2026-05-18T10:34:00.000-0300,25351487806201536,2026-09-24T00:00:00.000-0300
847286,104971413,CLORIDRATO DE BUPROPIONA,0493959262,UNIÃO QUÍMICA FARMACÊUTICA NACIONAL S/A,60665981000118,2026-05-20T17:42:35.000-0300,25351462206201297,2026-09-24T00:00:00.000-0300
1180950,167730562,MONOZOL,0178030261,LEGRAND PHARMA INDÚSTRIA FARMACÊUTICA LTDA,05044984000126,2026-02-24T09:55:03.000-0300,25351348279201715,2026-09-24T00:00:00.000-0300
1190474,121100432,ZINFORO,1338555251,PFIZER BRASIL LTDA,61072393000133,2025-10-08T11:19:38.000-0300,25351334846201784,2026-09-24T00:00:00.000-0300
827819,135170035,valsartana,1256313254,ALTHAIA S.A. INDUSTRIA FARMACEUTICA,48344725000719,2025-09-22T10:47:47.000-0300,25351266596201211,2026-09-24T00:00:00.000-0300
1220132,105350215,cloridrato de ciclobenzaprina,0339331267,LABORATÓRIO GLOBO SA,17115437000173,2026-04-08T16:15:38.000-0300,25351507020201286,2026-09-24T00:00:00.000-0300
1213730,133480002,AFREZZA,0793546257,BIOMM SA,04752991000110,2025-06-12T15:19:21.000-0300,25351600824201781,2026-09-24T00:00:00.000-0300
880925,125680297,GLIMEPIRIDA,0630652261,PRATI DONADUZZI & CIA LTDA,73856593000166,2026-06-26T09:47:07.000-0300,25351115781201317,2026-09-24T00:00:00.000-0300
852617,125680275,LAMOTRIGINA,1652301259,PRATI DONADUZZI & CIA LTDA,73856593000166,2025-12-29T11:55:37.000-0200,25351518169201203,2026-09-24T00:00:00.000-0300
864534,125680285,aciclovir,0056326262,PRATI DONADUZZI & CIA LTDA,73856593000166,2026-01-19T16:40:04.000-0200,25351654448201225,2026-09-24T00:00:00.000-0300
874310,125680276,mesalazina,0632921269,PRATI DONADUZZI & CIA LTDA,73856593000166,2026-06-26T15:33:02.000-0300,25351034111201321,2026-09-24T00:00:00.000-0300
805664,143810213,citrato de sildenafila,0202980260,CIMED INDUSTRIA S.A,02814497000107,2026-03-02T14:12:59.000-0300,25351000248201247,2026-09-24T00:00:00.000-0300
880928,125680320,ibuprofeno,1653372257,PRATI DONADUZZI & CIA LTDA,73856593000166,2025-12-29T17:08:04.000-0200,25351115757201310,2026-09-24T00:00:00.000-0300
1018082,155840583,paracetamol + fosfato de codeina,0594679265,BRAINFARMA INDÚSTRIA QUÍMICA E FARMACÊUTICA S.A,05161069000110,2026-06-17T10:15:55.000-0300,25351015583201593,2026-09-24T00:00:00.000-0300
1220476,100681144,rosuvastatina cálcica,0327272261,NOVARTIS BIOCIENCIAS S.A,56994502000130,2026-04-06T14:05:48.000-0300,25351597851201760,2026-09-24T00:00:00.000-0300
1144491,105830916,tacrolimo,1195261250,GERMED FARMACEUTICA LTDA,45992062000165,2025-09-09T14:05:33.000-0300,25351593957201604,2026-09-24T00:00:00.000-0300
1144643,137640148,LEUKERAN,1323522255,ASPEN PHARMA INDÚSTRIA FARMACÊUTICA LTDA,02433631000120,2025-10-03T14:35:06.000-0300,25351594696201603,2026-09-24T00:00:00.000-0300
1201440,105830914,valsartana + hidroclorotiazida,0787319261,GERMED FARMACEUTICA LTDA,45992062000165,2026-08-05T11:39:26.000-0300,25351132681201771,2026-09-24T00:00:00.000-0300
1212170,102351238,ESMOG,1576220257,EMS S/A,57507378000365,2025-12-08T11:30:45.000-0200,25351365693201781,2026-09-24T00:00:00.000-0300
1110602,100431189,PERGO,0096613262,EUROFARMA LABORATORIOS S.A.,61190096000192,2026-01-29T17:14:14.000-0200,25351022274201676,2026-09-24T00:00:00.000-0300
1133089,154230250,cloridrato de venlafaxina,0135041261,GEOLAB INDÚSTRIA FARMACÊUTICA S/A,03485572000104,2026-02-10T09:09:14.000-0200,25351339970201619,2026-09-24T00:00:00.000-0300
1134219,135690690,LUMIDERM,0283000261,EMS SIGMA PHARMA LTDA,00923140000131,2026-03-24T13:57:51.000-0300,25351547648201581,2026-09-24T00:00:00.000-0300
1164903,105830895,amoxicilina,0013584260,GERMED FARMACEUTICA LTDA,45992062000165,2026-01-07T10:33:16.000-0200,25351142178201724,2026-09-24T00:00:00.000-0300
792687,154230288,Diclofenaco potássico,0058415262,GEOLAB INDÚSTRIA FARMACÊUTICA S/A,03485572000104,2026-01-20T08:25:06.000-0200,25351667444201129,2026-09-24T00:00:00.000-0300
820875,125680273,olanzapina,0581758269,PRATI DONADUZZI & CIA LTDA,73856593000166,2026-06-13T09:46:49.000-0300,25351202754201265,2026-09-24T00:00:00.000-0300
1220137,100410159,Aminoven 10% Infant,0876467265,FRESENIUS KABI BRASIL LTDA,49324221000104,2026-08-25T15:17:53.000-0300,25351030155201709,2026-09-24T00:00:00.000-0300
1152512,156260027,AKINETON,1628873256,Laboratórios Bagó do Brasil S/A,04748181000947,2025-12-19T14:48:07.000-0200,25351110150201485,2026-09-24T00:00:00.000-0300
1167748,167730556,algestona acetofenida + enantato de estradiol,0122922247,LEGRAND PHARMA INDÚSTRIA FARMACÊUTICA LTDA,05044984000126,2024-01-31T17:23:18.000-0200,25351460935201668,2026-09-24T00:00:00.000-0300
1134356,122140100,DUTASTERIDA + CLORIDRATO DE TANSULOSINA,0413214265,ADIUM S.A.,55980684000127,2026-04-28T16:27:28.000-0300,25351459399201606,2026-09-24T00:00:00.000-0300
1156210,103900194,TRACOX,0296840262,FARMOQUÍMICA S/A,33349473000158,2026-03-27T08:14:40.000-0300,25351567971201651,2026-09-24T00:00:00.000-0300
1182108,109740237,STELE,0099882264,BIOLAB SANUS FARMACÊUTICA LTDA,49475833000106,2026-01-30T12:04:37.000-0200,25351195778201765,2026-09-24T00:00:00.000-0300
1122635,155840526,mesilato de doxazosina,0594680263,BRAINFARMA INDÚSTRIA QUÍMICA E FARMACÊUTICA S.A,05161069000110,2026-06-17T10:09:46.000-0300,25351005044201642,2026-09-24T00:00:00.000-0300
1181106,121100424,ZOLTEC,1435473256,PFIZER BRASIL LTDA,61072393000133,2025-10-29T10:48:20.000-0300,25351097591201709,2026-09-24T00:00:00.000-0300
1173074,116180263,DAXAS,1151004251,ASTRAZENECA DO BRASIL LTDA,60318797000100,2025-08-27T18:45:14.000-0300,25351036764201701,2026-09-24T00:00:00.000-0300
1179584,105350196,acebrofilina,0618371265,LABORATÓRIO GLOBO SA,17115437000173,2026-06-23T17:34:21.000-0300,25351348186201782,2026-09-24T00:00:00.000-0300
1182104,104400189,DERMOSALIC,0195866266,CELLERA FARMACEUTICA S.A.,33173097000274,2026-02-27T11:16:42.000-0300,25351126106201701,2026-09-24T00:00:00.000-0300
1173270,137640158,XYLOCAINA,0215276264,ASPEN PHARMA INDÚSTRIA FARMACÊUTICA LTDA,02433631000120,2026-03-04T21:11:44.000-0300,25351022761201709,2026-09-24T00:00:00.000-0300
1189860,137640164,DURATESTON,1571620257,ASPEN PHARMA INDÚSTRIA FARMACÊUTICA LTDA,02433631000120,2025-12-05T16:06:17.000-0200,25351243619201703,2026-09-24T00:00:00.000-0300
1179291,121100412,DOSTINEX,1490367250,PFIZER BRASIL LTDA,61072393000133,2025-11-12T15:05:44.000-0200,25351097400201704,2026-09-24T00:00:00.000-0300
876720,151670053,citrato de sildenafila,3765036218,AUROBINDO PHARMA INDÚSTRIA FARMACÊUTICA LIMITADA,04301884000175,2021-09-23T15:07:19.000-0300,25351061247201323,2026-09-24T00:00:00.000-0300
1182087,104400192,MESTINON,1624554253,CELLERA FARMACEUTICA S.A.,33173097000274,2025-12-18T18:09:34.000-0200,25351131665201719,2026-09-24T00:00:00.000-0300
1152868,102351202,PLAQUEVIX,0140984267,EMS S/A,57507378000365,2026-02-11T11:51:40.000-0200,25351072023201713,2026-09-24T00:00:00.000-0300
1151311,102351194,AMOX-EMS,0244404267,EMS S/A,57507378000365,2026-03-12T16:20:20.000-0300,25351068925201755,2026-09-24T00:00:00.000-0300
1185817,100890403,BAVENCIO,0688856268,MERCK S/A,33069212000184,2026-07-13T16:36:07.000-0300,25351423162201735,2026-09-24T00:00:00.000-0300
1174611,121100386,FELDENE,1464821259,PFIZER BRASIL LTDA,61072393000133,2025-11-05T16:12:11.000-0200,25351099825201710,2026-09-24T00:00:00.000-0300
1210971,156510066,ZYPAROX,0768880254,ZYDUS NIKKHO FARMACÊUTICA LTDA,05254971000181,2025-06-06T16:24:36.000-0300,25351352552201617,2026-09-24T00:00:00.000-0300
2794063,115600242,SOROZINC,1515874257,CIFARMA CIENTÍFICA FARMACÊUTICA LTDA,17562075000169,2025-11-19T17:24:14.000-0200,25351582444202053,2026-09-24T00:00:00.000-0300
1111916,167730420,ácido  mefenâmico,1623684251,LEGRAND PHARMA INDÚSTRIA FARMACÊUTICA LTDA,05044984000126,2025-12-18T18:07:22.000-0200,25351097588201541,2026-09-24T00:00:00.000-0300
1210646,104810155,desloratadina,2668423193,1FARMA INDUSTRIA FARMACEUTICA LTDA,48113906000149,2019-11-01T16:18:54.000-0300,25351573708201708,2026-09-24T00:00:00.000-0300
1250594,116880030,ÁGUA PARA INJETÁVEIS,0521934265,FARMARIN INDUSTRIA E COMERCIO LTDA,58635830000175,2026-05-27T16:34:07.000-0300,25351581779201759,2026-09-24T00:00:00.000-0300
1274016,183260294,cloridrato de amiodarona,0007882262,SANOFI MEDLEY FARMACÊUTICA LTDA.,10588595001092,2026-01-06T07:55:40.000-0200,25351110114201845,2026-09-24T00:00:00.000-0300
1297970,141070643,tadalafila,0074528262,PHARLAB INDÚSTRIA FARMACÊUTICA S.A.,02501297000102,2026-01-23T13:23:19.000-0200,25351845793201877,2026-09-24T00:00:00.000-0300
1301054,105730623,rosuvastatina cálcica,0292142269,ACHÉ LABORATÓRIOS FARMACÊUTICOS S.A,60659463002992,2026-03-26T10:32:19.000-0300,25351850837201881,2026-09-24T00:00:00.000-0300
1303359,105730661,ARIPIPRAZOL,0223154261,ACHÉ LABORATÓRIOS FARMACÊUTICOS S.A,60659463002992,2026-03-06T12:26:41.000-0300,25351860665201853,2026-09-24T00:00:00.000-0300
1303360,135690737,KOLI D3,1601158254,EMS SIGMA PHARMA LTDA,00923140000131,2025-12-15T11:13:44.000-0200,25351510768201611,2026-09-24T00:00:00.000-0300
1227638,116880015,EVOPOSDO,0497096269,FARMARIN INDUSTRIA E COMERCIO LTDA,58635830000175,2026-05-21T11:23:10.000-0300,25351720476201768,2026-09-24T00:00:00.000-0300
1273581,103110158,ISOFARMA - AGUA PARA INJEÇÃO,7088334216,HALEX ISTAR INDÚSTRIA FARMACÊUTICA SA,01571702000198,2021-12-15T16:40:53.000-0200,25351170011201834,2026-09-24T00:00:00.000-0300
1227626,156510089,apixabana,0274122260,ZYDUS NIKKHO FARMACÊUTICA LTDA,05254971000181,2026-03-20T11:04:04.000-0300,25351722753201777,2026-09-24T00:00:00.000-0300
1274837,104810142,AMOXICILINA TRIHIDRATADA,2140415191,1FARMA INDUSTRIA FARMACEUTICA LTDA,48113906000149,2019-09-10T14:07:18.000-0300,25351363352201851,2026-09-24T00:00:00.000-0300
1274279,138230002,KALYDECO,0963805258,VERTEX FARMACEUTICA DO BRASIL LTDA.,21798065000102,2025-07-23T21:48:03.000-0300,25351656612201759,2026-09-24T00:00:00.000-0300
1290733,183260297,sulfato de hidroxicloroquina,1610349253,SANOFI MEDLEY FARMACÊUTICA LTDA.,10588595001092,2025-12-16T18:02:24.000-0200,25351692715201863,2026-09-24T00:00:00.000-0300
1258261,100410165,ADDAVEN,1343401241,FRESENIUS KABI BRASIL LTDA,49324221000104,2024-09-30T19:32:36.000-0300,25351325190201853,2026-09-24T00:00:00.000-0300
1278366,100431258,desloratadina,0707348269,EUROFARMA LABORATORIOS S.A.,61190096000192,2026-07-17T08:00:54.000-0300,25351931757201663,2026-09-24T00:00:00.000-0300
1281067,102980483,FLUTINOL,0614666261,CRISTÁLIA PRODUTOS QUÍMICOS FARMACÊUTICOS LTDA.,44734671000151,2026-06-23T09:26:47.000-0300,25351653903201876,2026-09-24T00:00:00.000-0300
1283259,167730607,DERMOSTATIN,1186617225,LEGRAND PHARMA INDÚSTRIA FARMACÊUTICA LTDA,05044984000126,2022-03-18T10:47:38.000-0300,25351274282201868,2026-09-24T00:00:00.000-0300
1290710,105830947,secnidazol,0257613251,GERMED FARMACEUTICA LTDA,45992062000165,2025-02-24T11:50:08.000-0300,25351690675201815,2026-09-24T00:00:00.000-0300
1331367,183260360,PROFENID,1412923255,SANOFI MEDLEY FARMACÊUTICA LTDA.,10588595001092,2025-10-23T10:58:13.000-0300,25351190145201952,2026-09-24T00:00:00.000-0300
1331636,183260363,ROVAMICINA,1624651259,SANOFI MEDLEY FARMACÊUTICA LTDA.,10588595001092,2025-12-18T18:09:49.000-0200,25351190540201935,2026-09-24T00:00:00.000-0300
1221342,125680284,cloridrato de moxifloxacino,0632384263,PRATI DONADUZZI & CIA LTDA,73856593000166,2026-06-26T14:59:23.000-0300,25351479629201463,2026-09-24T00:00:00.000-0300
1231780,167730592,RISEDRONEL,0544594266,LEGRAND PHARMA INDÚSTRIA FARMACÊUTICA LTDA,05044984000126,2026-06-03T11:37:11.000-0300,25351675027201758,2026-09-24T00:00:00.000-0300
1225002,102351279,hemifumarato de alisquireno,1024048189,EMS S/A,57507378000365,2018-10-23T15:41:20.000-0300,25351714065201733,2026-09-24T00:00:00.000-0300
1294752,105730578,CLORIDRATO DE DORZOLAMIDA,0620112263,ACHÉ LABORATÓRIOS FARMACÊUTICOS S.A,60659463002992,2026-06-24T08:50:01.000-0300,25351691135201859,2026-09-24T00:00:00.000-0300
1227643,154230307,ibuprofeno,0227178262,GEOLAB INDÚSTRIA FARMACÊUTICA S/A,03485572000104,2026-03-07T15:44:17.000-0300,25351000653201877,2026-09-24T00:00:00.000-0300
1297980,105730594,CARVEDILOL,1254084240,ACHÉ LABORATÓRIOS FARMACÊUTICOS S.A,60659463002992,2024-09-12T09:15:06.000-0300,25351693795201874,2026-09-24T00:00:00.000-0300
1299018,105730576,PROSTAVASIN,0568793269,ACHÉ LABORATÓRIOS FARMACÊUTICOS S.A,60659463002992,2026-06-10T15:09:37.000-0300,25351689347201876,2026-09-24T00:00:00.000-0300
1271726,109740270,ALOZEX,0834121221,BIOLAB SANUS FARMACÊUTICA LTDA,49475833000106,2022-03-04T14:11:25.000-0300,25351318349201883,2026-09-24T00:00:00.000-0300
1303150,105730658,dienogeste,0544414268,ACHÉ LABORATÓRIOS FARMACÊUTICOS S.A,60659463002992,2026-06-03T11:04:03.000-0300,25351860596201888,2026-09-24T00:00:00.000-0300
1303153,105730659,risedronato sódico,0620949261,ACHÉ LABORATÓRIOS FARMACÊUTICOS S.A,60659463002992,2026-06-24T11:15:17.000-0300,25351860607201820,2026-09-24T00:00:00.000-0300
792998,151670063,hemitartarato de zolpidem,1476342237,AUROBINDO PHARMA INDÚSTRIA FARMACÊUTICA LIMITADA,04301884000175,2023-12-27T13:41:42.000-0200,25351667318201175,2026-09-24T00:00:00.000-0300
1228910,186100010,ZOMIG,0461557266,GRÜNENTHAL DO BRASIL FARMACÊUTICA LTDA.,10555143000113,2026-05-12T18:06:39.000-0300,25351705252201726,2026-09-24T00:00:00.000-0300
1300875,118190191,cefalexina,0217549268,MULTILAB INDUSTRIA E COMERCIO DE PRODUTOS FARMACEUTICOS LTDA,92265552000905,2026-03-05T10:49:54.000-0300,25351847431201811,2026-09-24T00:00:00.000-0300
1114482,105730722,cloridrato de nebivolol,0185701264,ACHÉ LABORATÓRIOS FARMACÊUTICOS S.A,60659463002992,2026-02-25T11:34:25.000-0300,25351200231201650,2026-09-24T00:00:00.000-0300
947178,102351333,olmesartana medoxomila+hidroclorotiazida,0277654262,EMS S/A,57507378000365,2026-03-23T09:36:47.000-0300,25351118760201414,2026-09-24T00:00:00.000-0300
1285167,102980520,Clopam,0633815268,CRISTÁLIA PRODUTOS QUÍMICOS FARMACÊUTICOS LTDA.,44734671000151,2026-06-26T18:11:13.000-0300,25351690674201871,2026-09-24T00:00:00.000-0300
2648416,100431467,levetiracetam,0331545268,EUROFARMA LABORATORIOS S.A.,61190096000192,2026-04-07T09:41:27.000-0300,25351449430202118,2026-09-24T00:00:00.000-0300
2034225,183260482,NEXVIAZYME,0315190264,SANOFI MEDLEY FARMACÊUTICA LTDA.,10588595001092,2026-04-01T08:39:11.000-0300,25351006101202178,2026-09-24T00:00:00.000-0300
3577468,192900007,Advil 12h,1609429257,PF Consumer Healthcare Brazil Importadora e Distribuidora de Medicamentos Ltda,30872270000153,2025-12-16T15:57:50.000-0200,25351400604202217,2026-09-24T00:00:00.000-0300
2682472,100431357,PERMESE,0333781261,EUROFARMA LABORATORIOS S.A.,61190096000192,2026-04-07T15:17:33.000-0300,25351843818202101,2026-09-24T00:00:00.000-0300
2683444,100431359,MEDATO,0666475261,EUROFARMA LABORATORIOS S.A.,61190096000192,2026-07-06T20:19:01.000-0300,25351843852202178,2026-09-24T00:00:00.000-0300
2456085,141070649,nitazoxanida,0151255261,PHARLAB INDÚSTRIA FARMACÊUTICA S.A.,02501297000102,2026-02-13T12:48:55.000-0200,25351825337202114,2026-09-24T00:00:00.000-0300
2245919,155370098,FULVY,1055047255,ACCORD FARMACÊUTICA LTDA,64171697000146,2025-08-13T12:18:14.000-0300,25351424029202167,2026-09-24T00:00:00.000-0300
2688803,100431365,OLSAR H,0734140266,EUROFARMA LABORATORIOS S.A.,61190096000192,2026-07-23T11:18:42.000-0300,25351049335202118,2026-09-24T00:00:00.000-0300
2547640,151430063,NIBISNU,0297548263,DR. REDDYS FARMACÊUTICA DO BRASIL LTDA,03978166000175,2026-03-27T10:09:35.000-0300,25351920109202149,2026-09-24T00:00:00.000-0300
2630732,109740342,CLORIDRATO DE TANSULOSINA,1539520251,BIOLAB SANUS FARMACÊUTICA LTDA,49475833000106,2025-11-27T14:38:16.000-0200,25351206315202142,2026-09-24T00:00:00.000-0300
1904535,102980579,CERMAZ,1586242253,CRISTÁLIA PRODUTOS QUÍMICOS FARMACÊUTICOS LTDA.,44734671000151,2025-12-10T17:07:07.000-0200,25351973607202194,2026-09-24T00:00:00.000-0300
2511242,104971470,SLOW-K,0974594261,UNIÃO QUÍMICA FARMACÊUTICA NACIONAL S/A,60665981000118,2026-09-18T10:31:10.000-0300,25351088564202140,2026-09-24T00:00:00.000-0300
2320291,115240011,RIVOTRIL,0325504261,BLANVER FARMOQUIMICA E FARMACEUTICA S.A.,53359824000119,2026-04-05T15:39:43.000-0300,25351537388202183,2026-09-24T00:00:00.000-0300
2533439,138400001,PEGASYS,1053318243,INNOVATIVE MEDICINES BRASIL SP DISTRIBUICAO DE MEDICAMENTOS LTDA,21810980000168,2024-08-01T15:02:11.000-0300,25351089090202153,2026-09-24T00:00:00.000-0300
2755727,109740345,hemitartarato de zolpidem,1601033257,BIOLAB SANUS FARMACÊUTICA LTDA,49475833000106,2025-12-15T10:51:48.000-0200,25351824356202115,2026-09-24T00:00:00.000-0300
2755838,154230324,cloridrato de moxifloxacino,1097195252,GEOLAB INDÚSTRIA FARMACÊUTICA S/A,03485572000104,2025-08-16T14:07:41.000-0300,25351822461202110,2026-09-24T00:00:00.000-0300
2505433,100431349,MONAX,0703266268,EUROFARMA LABORATORIOS S.A.,61190096000192,2026-07-16T10:36:27.000-0300,25351670150201944,2026-09-24T00:00:00.000-0300
2505434,100431344,VENTUS,0703761269,EUROFARMA LABORATORIOS S.A.,61190096000192,2026-07-16T11:49:25.000-0300,25351867803202121,2026-09-24T00:00:00.000-0300
2149115,116180286,SYNAGIS,0764553259,ASTRAZENECA DO BRASIL LTDA,60318797000100,2025-06-06T07:09:09.000-0300,25351189139202177,2026-09-24T00:00:00.000-0300
2389492,105730766,dienogeste,4556229219,ACHÉ LABORATÓRIOS FARMACÊUTICOS S.A,60659463002992,2021-11-17T18:48:44.000-0200,25351552525202118,2026-09-24T00:00:00.000-0300
2808387,100431403,INDOSSO,0733771262,EUROFARMA LABORATORIOS S.A.,61190096000192,2026-07-23T10:19:53.000-0300,25351218203202134,2026-09-24T00:00:00.000-0300
3607662,143810295,NEVRALGEX DIP,0530222256,CIMED INDUSTRIA S.A,02814497000107,2025-04-17T17:00:15.000-0300,25351131911202323,2026-09-24T00:00:00.000-0300
3554783,109740360,ATIVB,0121652262,BIOLAB SANUS FARMACÊUTICA LTDA,49475833000106,2026-02-05T16:04:48.000-0200,25351294743202114,2026-09-24T00:00:00.000-0300
2687741,100431364,ROX,0338810269,EUROFARMA LABORATORIOS S.A.,61190096000192,2026-04-08T15:02:07.000-0300,25351049097202132,2026-09-24T00:00:00.000-0300
2743217,167730671,cloridrato de ciclobenzaprina,0174138261,LEGRAND PHARMA INDÚSTRIA FARMACÊUTICA LTDA,05044984000126,2026-02-23T10:50:26.000-0300,25351552018202176,2026-09-24T00:00:00.000-0300
3171053,104971482,nimesulida,0455757259,UNIÃO QUÍMICA FARMACÊUTICA NACIONAL S/A,60665981000118,2025-04-03T09:49:10.000-0300,25351344664202161,2026-09-24T00:00:00.000-0300
2581228,105350223,TRANQUIL,1512286257,LABORATÓRIO GLOBO SA,17115437000173,2025-11-19T08:40:41.000-0200,25351035129202112,2026-09-24T00:00:00.000-0300
3501233,189770002,LANEXAT,0687573246,BIOPAS BRASIL PRODUTOS FARMACEUTICOS LTDA,31327287000192,2024-05-23T09:48:03.000-0300,25351147394202223,2026-09-24T00:00:00.000-0300
3503633,105730085,TORXIS,0996975250,ACHÉ LABORATÓRIOS FARMACÊUTICOS S.A,60659463002992,2025-08-01T11:02:07.000-0300,25351147541202265,2026-09-24T00:00:00.000-0300
2470940,104971483,TYG,0159236266,UNIÃO QUÍMICA FARMACÊUTICA NACIONAL S/A,60665981000118,2026-02-18T17:30:53.000-0200,25351866795202103,2026-09-24T00:00:00.000-0300
2617795,109740334,DOZOITO,0283131268,BIOLAB SANUS FARMACÊUTICA LTDA,49475833000106,2026-03-24T14:32:16.000-0300,25351752460202109,2026-09-24T00:00:00.000-0300
2476766,102351384,ácido ursodesoxicólico,0175491267,EMS S/A,57507378000365,2026-02-23T15:04:09.000-0300,25351143014202109,2026-09-24T00:00:00.000-0300
3466235,118190290,alprazolam,0905931262,MULTILAB INDUSTRIA E COMERCIO DE PRODUTOS FARMACEUTICOS LTDA,92265552000905,2026-09-01T16:26:12.000-0300,25351063006202252,2026-09-24T00:00:00.000-0300
2928712,100431415,PERCOIDE,4257739223,EUROFARMA LABORATORIOS S.A.,61190096000192,2022-06-06T09:24:08.000-0300,25351160573202175,2026-09-24T00:00:00.000-0300
3595588,100431464,CITOBÊ-DEXA,1392203236,EUROFARMA LABORATORIOS S.A.,61190096000192,2023-12-07T12:38:06.000-0200,25351094454202389,2026-09-24T00:00:00.000-0300
2743206,103900218,VARICELL,1383594252,FARMOQUÍMICA S/A,33349473000158,2025-10-16T08:50:24.000-0300,25351303293202168,2026-09-24T00:00:00.000-0300
2179646,100431332,TURNO,0842761268,EUROFARMA LABORATORIOS S.A.,61190096000192,2026-08-18T09:20:25.000-0300,25351110011202181,2026-09-24T00:00:00.000-0300
3604525,145310001,PEGTIMA,0366191268,BIONOVIS S.A. - COMPANHIA BRASILEIRA DE BIOTECNOLOGIA FARMACEUTICA,12320079000117,2026-04-15T09:30:55.000-0300,25351135325202358,2026-09-24T00:00:00.000-0300
2196380,115600236,TRONVAZ,4250312216,CIFARMA CIENTÍFICA FARMACÊUTICA LTDA,17562075000169,2021-10-27T12:22:36.000-0300,25351087770202132,2026-09-24T00:00:00.000-0300
2309955,114620047,BENFIBE,0684496259,MYRALIS INDÚSTRIA FARMACÊUTICA LTDA,17440261000125,2025-05-21T17:29:04.000-0300,25351633805202118,2026-09-24T00:00:00.000-0300
2035253,110390232,sofosbuvir,1827320213,FUNDAÇÃO PARA O REMÉDIO POPULAR - FURP,43640754000119,2021-05-12T09:34:47.000-0300,25351875083202177,2026-09-24T00:00:00.000-0300
2407174,101830154,dolutegravir sódico,0599689269,LABORATORIO FARMACEUTICO DO ESTADO DE PERNAMBUCO GOVERNADOR MIGUEL ARRAES S/A - LAFEPE,10877926000113,2026-06-18T11:34:51.000-0300,25351424331202115,2026-09-24T00:00:00.000-0300
2270135,104971467,XANTINON,1312379251,UNIÃO QUÍMICA FARMACÊUTICA NACIONAL S/A,60665981000118,2025-10-01T16:55:12.000-0300,25351194416202163,2026-09-24T00:00:00.000-0300
3508931,100431470,ANTARA,0331617269,EUROFARMA LABORATORIOS S.A.,61190096000192,2026-04-07T09:49:01.000-0300,25351779216202185,2026-09-24T00:00:00.000-0300
3508932,100431478,SPARK,0331653265,EUROFARMA LABORATORIOS S.A.,61190096000192,2026-04-07T09:55:11.000-0300,25351779217202120,2026-09-24T00:00:00.000-0300
1228126,102351249,loratadina + sulfato de pseudoefedrina,0789583241,EMS S/A,57507378000365,2024-06-12T17:39:23.000-0300,25351723502201718,2026-09-24T00:00:00.000-0300
1232159,104400207,cetoconazol + dipropionato de betametasona + sulfato de neomicina,0189762268,CELLERA FARMACEUTICA S.A.,33173097000274,2026-02-26T09:27:18.000-0300,25351018333201873,2026-09-24T00:00:00.000-0300
1352492,155840591,minoxidil,0584389264,BRAINFARMA INDÚSTRIA QUÍMICA E FARMACÊUTICA S.A,05161069000110,2026-06-15T10:59:53.000-0300,25351518449201999,2026-09-24T00:00:00.000-0300
1243301,102351258,IMPERE,0217273262,EMS S/A,57507378000365,2026-03-05T10:12:55.000-0300,25351720277201750,2026-09-24T00:00:00.000-0300
1226598,141070610,AZITROMICINA,0243124261,PHARLAB INDÚSTRIA FARMACÊUTICA S.A.,02501297000102,2026-03-12T13:33:21.000-0300,25351680607201767,2026-09-24T00:00:00.000-0300
1240976,105730514,BRAVAN HCT,0326104267,ACHÉ LABORATÓRIOS FARMACÊUTICOS S.A,60659463002992,2026-04-06T09:42:13.000-0300,25351338376201113,2026-09-24T00:00:00.000-0300
1253185,167730587,citrato de tamoxifeno,1345252251,LEGRAND PHARMA INDÚSTRIA FARMACÊUTICA LTDA,05044984000126,2025-10-09T15:12:42.000-0300,25351212789201828,2026-09-24T00:00:00.000-0300
1251719,102351264,NEULOX,4755609224,EMS S/A,57507378000365,2022-09-28T17:07:09.000-0300,25351166683201845,2026-09-24T00:00:00.000-0300
1259310,105830928,gliclazida,0235969265,GERMED FARMACEUTICA LTDA,45992062000165,2026-03-10T17:11:23.000-0300,25351097585201516,2026-09-24T00:00:00.000-0300
1234931,159210003,ONTRUZANT,0261554263,Samsung Bioepis br Pharmaceutical ltda.,24563776000188,2026-03-17T17:00:37.000-0300,25351083624201832,2026-09-24T00:00:00.000-0300
3595511,155370111,NINDAXEF,0480725268,ACCORD FARMACÊUTICA LTDA,64171697000146,2026-05-18T12:01:44.000-0300,25351061176202383,2026-09-24T00:00:00.000-0300
1249417,188300049,AGIOLAX,0758212232,VIATRIS FARMACEUTICA DO BRASIL LTDA,11643096000122,2023-07-21T10:25:34.000-0300,25351067920201896,2026-09-24T00:00:00.000-0300
1249419,188300050,LEGALON,1604622253,VIATRIS FARMACEUTICA DO BRASIL LTDA,11643096000122,2025-12-15T18:50:40.000-0200,25351067927201816,2026-09-24T00:00:00.000-0300
1257191,155370091,apixabana,1455147249,ACCORD FARMACÊUTICA LTDA,64171697000146,2024-10-23T09:17:33.000-0300,25351327141201855,2026-09-24T00:00:00.000-0300
1226797,156260030,BONVIVA,0645527246,Laboratórios Bagó do Brasil S/A,04748181000947,2024-05-15T10:28:52.000-0300,25351714006201765,2026-09-24T00:00:00.000-0300
1230984,102351255,SINVALIP,0993008267,EMS S/A,57507378000365,2026-09-23T11:13:31.000-0300,25351730721201745,2026-09-24T00:00:00.000-0300
3579532,192900010,SONRIDOR,0438882237,PF Consumer Healthcare Brazil Importadora e Distribuidora de Medicamentos Ltda,30872270000153,2023-05-02T16:21:18.000-0300,25351400997202269,2026-09-24T00:00:00.000-0300
1228313,116880017,EVODAZIN,0531690261,FARMARIN INDUSTRIA E COMERCIO LTDA,58635830000175,2026-05-29T17:21:03.000-0300,25351720524201718,2026-09-24T00:00:00.000-0300
1226183,167730572,tacrolimo,1194370250,LEGRAND PHARMA INDÚSTRIA FARMACÊUTICA LTDA,05044984000126,2025-09-09T11:55:08.000-0300,25351077323201799,2026-09-24T00:00:00.000-0300
1258596,106890198,PROTEFIGAN SM,1629861251,KLEY HERTZ FARMACEUTICA S.A,92695691000103,2025-12-19T15:45:13.000-0200,25351097164201709,2026-09-24T00:00:00.000-0300
1231279,104971442,alendronato de sódio,4701075213,UNIÃO QUÍMICA FARMACÊUTICA NACIONAL S/A,60665981000118,2021-11-29T16:30:12.000-0200,25351056417201813,2026-09-24T00:00:00.000-0300
1228292,100681150,atorvastatina cálcica,0584665237,NOVARTIS BIOCIENCIAS S.A,56994502000130,2023-06-07T16:27:00.000-0300,25351693938201767,2026-09-24T00:00:00.000-0300
1223908,103670177,SPIOLTO,0058428259,BOEHRINGER INGELHEIM DO BRASIL QUÍMICA E FARMACÊUTICA LTDA.,60831658000177,2025-01-15T10:48:13.000-0200,25351781502201461,2026-09-24T00:00:00.000-0300
1248638,143810210,hidroclorotiazida,0596564261,CIMED INDUSTRIA S.A,02814497000107,2026-06-17T15:31:08.000-0300,25351066727201838,2026-09-24T00:00:00.000-0300
1239388,102351286,FLUITEÍNA,0637431260,EMS S/A,57507378000365,2026-06-29T10:09:16.000-0300,25351235399201583,2026-09-24T00:00:00.000-0300
1259549,173590001,RPHOSTEO,1343488249,MJM PRODUTOS FARMACEUTICOS E DE RADIOPROTECAO S.A.,04891262000144,2024-09-30T20:52:08.000-0300,25351217456201895,2026-09-24T00:00:00.000-0300
1259834,105730518,VALPI,0657392235,ACHÉ LABORATÓRIOS FARMACÊUTICOS S.A,60659463002992,2023-06-27T15:11:14.000-0300,25351715041201700,2026-09-24T00:00:00.000-0300
1146584,158190019,Minel,1585898252,ARESE PHARMA LTDA.,07670111000154,2025-12-10T15:55:19.000-0200,25351423791201424,2026-09-24T00:00:00.000-0300
1421158,154230310,cloridrato de paroxetina,1593115253,GEOLAB INDÚSTRIA FARMACÊUTICA S/A,03485572000104,2025-12-12T10:30:07.000-0200,25351193257201612,2026-09-24T00:00:00.000-0300
1361553,100431347,RIVAXA,0975934261,EUROFARMA LABORATORIOS S.A.,61190096000192,2026-09-18T14:38:27.000-0300,25351600420201906,2026-09-24T00:00:00.000-0300
1428098,110130290,MOMATE,0906738253,GLENMARK FARMACÊUTICA LTDA,44363661000157,2025-07-10T17:02:10.000-0300,25351376496202092,2026-09-24T00:00:00.000-0300
3389387,155840639,PEPSAMAR,1586189255,BRAINFARMA INDÚSTRIA QUÍMICA E FARMACÊUTICA S.A,05161069000110,2025-12-10T16:47:29.000-0200,25351497195202263,2026-09-24T00:00:00.000-0300
1459055,104971459,UNIREZ,0927376261,UNIÃO QUÍMICA FARMACÊUTICA NACIONAL S/A,60665981000118,2026-09-08T08:54:45.000-0300,25351878395202051,2026-09-24T00:00:00.000-0300
1378315,103920209,BIOVARIXON,0767825250,VITAMEDIC INDUSTRIA FARMACEUTICA LTDA,30222814000131,2025-06-06T14:20:42.000-0300,25351718314201921,2026-09-24T00:00:00.000-0300
1394242,104730044,GINKGO VIDORA,1548927252,VIDORA FARMACÊUTICA LTDA,92762277000170,2025-12-01T15:04:31.000-0200,25351120871202041,2026-09-24T00:00:00.000-0300
612535,169770002,SOMATULINE AUTOGEL,0015547264,BEAUFOUR IPSEN FARMACÊUTICA LTDA,07718721000180,2026-01-07T15:34:38.000-0200,25351128844200821,2026-09-24T00:00:00.000-0300
963490,102351347,RUDITE,0095828265,EMS S/A,57507378000365,2026-01-29T15:02:04.000-0200,25351322378201466,2026-09-24T00:00:00.000-0300
1411111,105730738,SANCOL,0949269247,ACHÉ LABORATÓRIOS FARMACÊUTICOS S.A,60659463002992,2024-07-11T16:09:03.000-0300,25351361381202001,2026-09-24T00:00:00.000-0300
1350652,102980561,AZENTEX,0600871266,CRISTÁLIA PRODUTOS QUÍMICOS FARMACÊUTICOS LTDA.,44734671000151,2026-06-18T14:33:46.000-0300,25351503616201905,2026-09-24T00:00:00.000-0300
1448624,102980539,AGUA PARA INJEÇAO,0037290211,CRISTÁLIA PRODUTOS QUÍMICOS FARMACÊUTICOS LTDA.,44734671000151,2021-01-04T14:46:58.000-0200,25351606944202098,2026-09-24T00:00:00.000-0300
1424272,100431427,ciprofloxacino,0358245265,EUROFARMA LABORATORIOS S.A.,61190096000192,2026-04-13T17:31:37.000-0300,25351651463202037,2026-09-24T00:00:00.000-0300
1423153,102351353,PASSARE,1577394259,EMS S/A,57507378000365,2025-12-08T15:04:30.000-0200,25351415552202011,2026-09-24T00:00:00.000-0300
1073441,102980526,QUERA,0632777265,CRISTÁLIA PRODUTOS QUÍMICOS FARMACÊUTICOS LTDA.,44734671000151,2026-06-26T15:05:17.000-0300,25351548519201518,2026-09-24T00:00:00.000-0300
1375979,135170057,cloridrato de metilfenidato,0474666263,ALTHAIA S.A. INDUSTRIA FARMACEUTICA,48344725000719,2026-05-15T10:16:41.000-0300,25351705380201931,2026-09-24T00:00:00.000-0300
1064523,101070335,NUCALA,0733583261,GLAXOSMITHKLINE BRASIL LTDA,33247743000110,2026-07-23T09:40:12.000-0300,25351486953201534,2026-09-24T00:00:00.000-0300
1635365,122140117,levetiracetam,0639749267,ADIUM S.A.,55980684000127,2026-06-29T17:05:02.000-0300,25351315257202066,2026-09-24T00:00:00.000-0300
1400289,155370102,rivaroxabana,4734857229,ACCORD FARMACÊUTICA LTDA,64171697000146,2022-09-23T15:59:22.000-0300,25351187559202038,2026-09-24T00:00:00.000-0300
1388592,104971469,TESS,0612913261,UNIÃO QUÍMICA FARMACÊUTICA NACIONAL S/A,60665981000118,2026-06-22T18:07:56.000-0300,25351071968202013,2026-09-24T00:00:00.000-0300
1406448,100431307,aceclofenaco,1222682231,EUROFARMA LABORATORIOS S.A.,61190096000192,2023-11-07T12:22:59.000-0200,25351156587202011,2026-09-24T00:00:00.000-0300
1355661,118190197,KNORTEX,0106369261,MULTILAB INDUSTRIA E COMERCIO DE PRODUTOS FARMACEUTICOS LTDA,92265552000905,2026-02-02T14:13:39.000-0200,25351854337201818,2026-09-24T00:00:00.000-0300
1416184,105730739,SABINE,0584296266,ACHÉ LABORATÓRIOS FARMACÊUTICOS S.A,60659463002992,2026-06-15T10:43:46.000-0300,25351086149202071,2026-09-24T00:00:00.000-0300
1382837,116950039,AORTT,1556067208,LABORATÓRIO FARMACÊUTICO VITAMED LTDA,29346301000153,2020-05-18T12:18:59.000-0300,25351481427201966,2026-09-24T00:00:00.000-0300
1360345,193610001,ONPATTRO,1465109251,SPECIALTY PHARMA GOIAS LTDA,31731807000128,2025-11-05T17:23:24.000-0200,25351586390201961,2026-09-24T00:00:00.000-0300
1007131,102351348,OLMEDIX,0222244267,EMS S/A,57507378000365,2026-03-06T09:52:21.000-0300,25351451090201458,2026-09-24T00:00:00.000-0300
1007119,167730645,OLMEGRAN,0222320265,LEGRAND PHARMA INDÚSTRIA FARMACÊUTICA LTDA,05044984000126,2026-03-06T10:10:34.000-0300,25351451089201423,2026-09-24T00:00:00.000-0300
1355331,104540187,LUTAB,0675619262,DAIICHI SANKYO BRASIL FARMACÊUTICA LTDA,60874187000184,2026-07-08T16:37:44.000-0300,25351846261201857,2026-09-24T00:00:00.000-0300
1405011,105710158,maleato de enalapril,0747721262,BELFAR LTDA,18324343000177,2026-07-27T14:44:31.000-0300,25351111856202011,2026-09-24T00:00:00.000-0300
1393424,182610004,EXHER,0635626268,NATCOFARMA DO BRASIL LTDA,08157293000127,2026-06-28T01:38:15.000-0300,25351447908201942,2026-09-24T00:00:00.000-0300
1377248,165070019,GEFIB,0331220261,Camber Farmaceutica Ltda,24633934000129,2026-04-07T08:20:21.000-0300,25351712368201983,2026-09-24T00:00:00.000-0300
1404550,105830974,PIOTAZ,1196933251,GERMED FARMACEUTICA LTDA,45992062000165,2025-09-09T16:07:54.000-0300,25351709358201961,2026-09-24T00:00:00.000-0300
1384053,105830968,cloridrato de pioglitazona,1196309256,GERMED FARMACEUTICA LTDA,45992062000165,2025-09-09T15:23:32.000-0300,25351709357201916,2026-09-24T00:00:00.000-0300
1402386,123520264,dicloridrato de pramipexol,0939627264,RANBAXY FARMACÊUTICA LTDA,73663650000190,2026-09-10T14:12:02.000-0300,25351261723201942,2026-09-24T00:00:00.000-0300
1402465,141070632,losartana potássica,4819477226,PHARLAB INDÚSTRIA FARMACÊUTICA S.A.,02501297000102,2022-10-14T09:44:37.000-0300,25351023934202012,2026-09-24T00:00:00.000-0300
1402619,105250083,mirtazapina,0788010263,TORRENT DO BRASIL LTDA,33078528000132,2026-08-05T13:15:16.000-0300,25351097316202017,2026-09-24T00:00:00.000-0300
1007116,135690740,OLMY,0222253266,EMS SIGMA PHARMA LTDA,00923140000131,2026-03-06T09:59:26.000-0300,25351451086201490,2026-09-24T00:00:00.000-0300
1007109,167730646,olmesartana medoxomila,0222349263,LEGRAND PHARMA INDÚSTRIA FARMACÊUTICA LTDA,05044984000126,2026-03-06T10:18:17.000-0300,25351451083201456,2026-09-24T00:00:00.000-0300
1364473,105730729,NEBITAH,0561035261,ACHÉ LABORATÓRIOS FARMACÊUTICOS S.A,60659463002992,2026-06-09T09:33:52.000-0300,25351703505201816,2026-09-24T00:00:00.000-0300
1392296,112363439,IMBRUVICA,0640668267,JANSSEN-CILAG FARMACÊUTICA LTDA,51780468000187,2026-06-30T08:01:27.000-0300,25351114441202091,2026-09-24T00:00:00.000-0300
1352928,102351314,FEMMESIL,0275059260,EMS S/A,57507378000365,2026-03-20T15:04:17.000-0300,25351720415201709,2026-09-24T00:00:00.000-0300
1357291,104971436,NEXT,0381373258,UNIÃO QUÍMICA FARMACÊUTICA NACIONAL S/A,60665981000118,2025-03-20T18:44:15.000-0300,25351771903201857,2026-09-24T00:00:00.000-0300
1347268,105730725,DESOGESTREL,0405696256,ACHÉ LABORATÓRIOS FARMACÊUTICOS S.A,60659463002992,2025-03-25T16:55:24.000-0300,25351466980201302,2026-09-24T00:00:00.000-0300
1369193,102351323,CLOPE,1425138250,EMS S/A,57507378000365,2025-10-27T11:29:39.000-0300,25351454056201940,2026-09-24T00:00:00.000-0300
1381700,103900224,DENPRYX,0421467266,FARMOQUÍMICA S/A,33349473000158,2026-04-30T10:41:34.000-0300,25351010535202091,2026-09-24T00:00:00.000-0300
1341732,105710153,BETACORTAZOL,0569428262,BELFAR LTDA,18324343000177,2026-06-10T17:02:52.000-0300,25351082563201977,2026-09-24T00:00:00.000-0300
1370122,193610002,GIVLAARI,1374389251,SPECIALTY PHARMA GOIAS LTDA,31731807000128,2025-10-14T10:13:08.000-0300,25351662774201998,2026-09-24T00:00:00.000-0300
2004714,178170905,NENE DENT N,0631672265,COSMED INDUSTRIA DE COSMETICOS E MEDICAMENTOS S.A.,61082426000207,2026-06-26T12:08:54.000-0300,25351110144202157,2026-09-24T00:00:00.000-0300
3171080,182610013,XPREZA,0635016265,NATCOFARMA DO BRASIL LTDA,08157293000127,2026-06-27T15:02:47.000-0300,25351398206202142,2026-09-24T00:00:00.000-0300
3493079,102351409,cloridrato de ondansetrona dihidratado,0150358261,EMS S/A,57507378000365,2026-02-13T10:07:37.000-0200,25351115380202241,2026-09-24T00:00:00.000-0300
3275372,109740357,CRONOBE COMPLEX  IM,1363948253,BIOLAB SANUS FARMACÊUTICA LTDA,49475833000106,2025-10-10T12:50:57.000-0300,25351097446202211,2026-09-24T00:00:00.000-0300
3115463,123520293,vildagliptina,1576803252,RANBAXY FARMACÊUTICA LTDA,73663650000190,2025-12-08T13:39:33.000-0200,25351110918202221,2026-09-24T00:00:00.000-0300
2755792,100431385,ATAK CLAV,0258929260,EUROFARMA LABORATORIOS S.A.,61190096000192,2026-03-17T09:22:24.000-0300,25351111765202158,2026-09-24T00:00:00.000-0300
3200729,101710235,VAXNEUVANCE,0317024264,MERCK SHARP & DOHME FARMACEUTICA LTDA.,03560974000118,2026-04-01T14:09:09.000-0300,25351235141202214,2026-09-24T00:00:00.000-0300
3309541,167730680,PERLUMES,1739627245,LEGRAND PHARMA INDÚSTRIA FARMACÊUTICA LTDA,05044984000126,2024-12-19T19:16:37.000-0200,25351014201202178,2026-09-24T00:00:00.000-0300
3311890,105250101,TELD HCT,0285776266,TORRENT DO BRASIL LTDA,33078528000132,2026-03-25T09:53:22.000-0300,25351255786202265,2026-09-24T00:00:00.000-0300
3318404,102980605,DIMORF BOLSA,0621833266,CRISTÁLIA PRODUTOS QUÍMICOS FARMACÊUTICOS LTDA.,44734671000151,2026-06-24T12:35:35.000-0300,25351522650202276,2026-09-24T00:00:00.000-0300
3370610,113430212,acetato de dexametasona,1601984251,HIPOLABOR FARMACEUTICA LTDA,19570720000110,2025-12-15T14:01:31.000-0200,25351125806202274,2026-09-24T00:00:00.000-0300
3340185,118190333,cetoconazol + dipropionato de betametasona + sulfato de neomicina,0106821261,MULTILAB INDUSTRIA E COMERCIO DE PRODUTOS FARMACEUTICOS LTDA,92265552000905,2026-02-02T15:28:54.000-0200,25351062963202261,2026-09-24T00:00:00.000-0300
3337650,100431465,MOTRAZ,0089556267,EUROFARMA LABORATORIOS S.A.,61190096000192,2026-01-28T12:18:15.000-0200,25351027161202043,2026-09-24T00:00:00.000-0300
3641819,198600019,BOTOX,0004110269,ABBVIE FARMACÊUTICA LTDA.,15800545000150,2026-01-05T10:32:21.000-0200,25351429171202362,2026-09-24T00:00:00.000-0300
3641834,186200009,DORFLEX UNO,0148603254,OPELLA HEALTHCARE BRAZIL LTDA,38391432000143,2025-02-03T14:04:43.000-0200,25351381281202336,2026-09-24T00:00:00.000-0300
3209232,105250113,NEBLOCK,0885428269,TORRENT DO BRASIL LTDA,33078528000132,2026-08-27T08:19:58.000-0300,25351258483202202,2026-09-24T00:00:00.000-0300
3210552,151430080,LENANGIO,0568350260,DR. REDDYS FARMACÊUTICA DO BRASIL LTDA,03978166000175,2026-06-10T14:07:55.000-0300,25351250348202219,2026-09-24T00:00:00.000-0300
2808135,105730060,ETIRA INJETÁVEL,0462984265,ACHÉ LABORATÓRIOS FARMACÊUTICOS S.A,60659463002992,2026-05-13T08:26:32.000-0300,25351869250202141,2026-09-24T00:00:00.000-0300
3264909,116370222,mesilato de imatinibe,0945485263,BLAU FARMACÊUTICA S.A.,58430828000160,2026-09-11T14:27:20.000-0300,25351500199202236,2026-09-24T00:00:00.000-0300
3471613,125680326,RALZIN,0579866262,PRATI DONADUZZI & CIA LTDA,73856593000166,2026-06-12T15:53:47.000-0300,25351098320202256,2026-09-24T00:00:00.000-0300
1948602,118190215,losartana potássica,0084867264,MULTILAB INDUSTRIA E COMERCIO DE PRODUTOS FARMACEUTICOS LTDA,92265552000905,2026-01-27T12:24:05.000-0200,25351046172202022,2026-09-24T00:00:00.000-0300
3733569,135170090,maleato de fluvoxamina,0205773265,ALTHAIA S.A. INDUSTRIA FARMACEUTICA,48344725000719,2026-03-03T08:07:31.000-0300,25351386542202495,2026-09-24T00:00:00.000-0300
3720397,167730690,trometamol cetorolaco,0244386269,LEGRAND PHARMA INDÚSTRIA FARMACÊUTICA LTDA,05044984000126,2026-03-12T16:14:12.000-0300,25351057984202427,2026-09-24T00:00:00.000-0300
3668265,100431529,bromidrato de vortioxetina,0339425261,EUROFARMA LABORATORIOS S.A.,61190096000192,2026-04-08T16:44:42.000-0300,25351769396202359,2026-09-24T00:00:00.000-0300
3728541,116370221,RYVKA,0953819264,BLAU FARMACÊUTICA S.A.,58430828000160,2026-09-14T16:12:36.000-0300,25351314227202466,2026-09-24T00:00:00.000-0300
3727038,126800002,"cloreto de sódio 0,9%",1438262248,COPERMED COMERCIAL IMPORTADORA LTDA,09029404000182,2024-10-18T16:52:30.000-0300,25351364392202469,2026-09-24T00:00:00.000-0300
3731715,102351442,DIMESILATO DE LISDEXANFETAMINA,0502013265,EMS S/A,57507378000365,2026-05-22T09:36:19.000-0300,25351318583202459,2026-09-24T00:00:00.000-0300
3738678,109170148,dapagliflozina,0237935261,MEDQUIMICA INDUSTRIA FARMACEUTICA LTDA.,17875154000120,2026-03-11T12:06:57.000-0300,25351393968202403,2026-09-24T00:00:00.000-0300
3735283,151430086,CYDIKRIZ,0298638266,DR. REDDYS FARMACÊUTICA DO BRASIL LTDA,03978166000175,2026-03-27T12:28:49.000-0300,25351266812202442,2026-09-24T00:00:00.000-0300
3704146,100630297,fosfato de codeína,0610904264,INSTITUTO BIOCHIMICO INDÚSTRIA FARMACÊUTICA LTDA,33258401000103,2026-06-22T14:29:11.000-0300,25351058092202443,2026-09-24T00:00:00.000-0300
3735272,106890214,RESFEFITO,0310727260,KLEY HERTZ FARMACEUTICA S.A,92695691000103,2026-03-31T09:45:17.000-0300,25351381876202472,2026-09-24T00:00:00.000-0300
3735268,116640012,VEVZUO,0904629261,BIOCON BIOLOGICS DO BRASIL LTDA,38108988000180,2026-09-01T14:11:53.000-0300,25351385736202473,2026-09-24T00:00:00.000-0300
3695942,136410019,INTRATECT,0752236253,GRIFOLS BRASIL LTDA,02513899000171,2025-06-03T17:30:06.000-0300,25351126124202441,2026-09-24T00:00:00.000-0300
3678020,105730117,NAUTEX GOTAS,1509290257,ACHÉ LABORATÓRIOS FARMACÊUTICOS S.A,60659463002992,2025-11-18T12:24:29.000-0200,25351885079202389,2026-09-24T00:00:00.000-0300
3719598,105730082,BUSONID,0247834262,ACHÉ LABORATÓRIOS FARMACÊUTICOS S.A,60659463002992,2026-03-13T10:03:36.000-0300,25351070300201596,2026-09-24T00:00:00.000-0300
3706597,103900228,MOTIX,1549021257,FARMOQUÍMICA S/A,33349473000158,2025-12-01T15:25:21.000-0200,25351203839202424,2026-09-24T00:00:00.000-0300
3732071,122140137,LUSANDA,0943672261,ADIUM S.A.,55980684000127,2026-09-11T08:11:03.000-0300,25351562746202358,2026-09-24T00:00:00.000-0300
3736063,100850246,Nutriflex Lipid,0659897253,LABORATORIOS B. BRAUN S/A,31673254000102,2025-05-15T16:14:58.000-0300,25351517993202308,2026-09-24T00:00:00.000-0300
3694363,118190489,cloridrato de ondansetrona,0150502265,MULTILAB INDUSTRIA E COMERCIO DE PRODUTOS FARMACEUTICOS LTDA,92265552000905,2026-02-13T10:39:59.000-0200,25351955850202473,2026-09-24T00:00:00.000-0300
3734016,192160008,QOYVOLMA,0852949260,CELLTRION HEALTHCARE DISTRIBUICAO DE PRODUTOS FARMACEUTICOS DOS BRASIL LTDA,05452889000161,2026-08-20T04:04:19.000-0300,25351381612202419,2026-09-24T00:00:00.000-0300
3727830,116180304,SOLIRIS,1406643254,ASTRAZENECA DO BRASIL LTDA,60318797000100,2025-10-22T15:46:26.000-0300,25351357388202444,2026-09-24T00:00:00.000-0300
3707032,106890213,STILGRIP CHÁ,0220482268,KLEY HERTZ FARMACEUTICA S.A,92695691000103,2026-03-05T18:20:31.000-0300,25351208509202425,2026-09-24T00:00:00.000-0300
3743886,122140136,VEGAPALI,0584439261,ADIUM S.A.,55980684000127,2026-06-15T11:00:25.000-0300,25351102186202467,2026-09-24T00:00:00.000-0300
3743948,198600022,ELAHERE,0642880263,ABBVIE FARMACÊUTICA LTDA.,15800545000150,2026-06-30T14:23:57.000-0300,25351399542202455,2026-09-24T00:00:00.000-0300
3714011,135170091,tosilato de edoxabana,0256954267,ALTHAIA S.A. INDUSTRIA FARMACEUTICA,48344725000719,2026-03-16T16:59:19.000-0300,25351310312202455,2026-09-24T00:00:00.000-0300
3693981,151430104,Zytorvi,0964638266,DR. REDDYS FARMACÊUTICA DO BRASIL LTDA,03978166000175,2026-09-16T16:24:44.000-0300,25351007182202476,2026-09-24T00:00:00.000-0300
3726991,141070656,ibuprofeno,0610985264,PHARLAB INDÚSTRIA FARMACÊUTICA S.A.,02501297000102,2026-06-22T14:41:32.000-0300,25351284618202449,2026-09-24T00:00:00.000-0300
3658414,198600020,OZURDEX,1592442251,ABBVIE FARMACÊUTICA LTDA.,15800545000150,2025-12-12T08:17:19.000-0200,25351631564202334,2026-09-24T00:00:00.000-0300
3718822,183260510,VAXIGRIP ®,0211400262,SANOFI MEDLEY FARMACÊUTICA LTDA.,10588595001092,2026-03-04T09:22:14.000-0300,25351355963202474,2026-09-24T00:00:00.000-0300
3672581,116370218,CYTOVINEX,0612922251,BLAU FARMACÊUTICA S.A.,58430828000160,2025-05-07T09:00:32.000-0300,25351782896202386,2026-09-24T00:00:00.000-0300
3693580,101710238,WINREVAIR,0697242269,MERCK SHARP & DOHME FARMACEUTICA LTDA.,03560974000118,2026-07-15T09:59:43.000-0300,25351801380202348,2026-09-24T00:00:00.000-0300
3716002,103720315,KETALGI,0855496266,SUPERA FARMA LABORATÓRIOS S.A,43312503000105,2026-08-20T14:30:34.000-0300,25351251421202423,2026-09-24T00:00:00.000-0300
3734457,116640010,BOSAYA,0741035260,BIOCON BIOLOGICS DO BRASIL LTDA,38108988000180,2026-07-24T14:00:44.000-0300,25351385735202429,2026-09-24T00:00:00.000-0300
3720060,135170079,isotretinoína,0282974261,ALTHAIA S.A. INDUSTRIA FARMACEUTICA,48344725000719,2026-03-24T13:41:02.000-0300,25351288214202424,2026-09-24T00:00:00.000-0300
3729333,138450008,MAYCOURI,0782785263,SANUSPHAR PESQUISA E DESENVOVIMENTO LTDA,36130126000128,2026-08-04T14:33:33.000-0300,25351367174202486,2026-09-24T00:00:00.000-0300
3717255,103700797,NORTRY,0259606260,LABORATÓRIO TEUTO BRASILEIRO S/A,17159229000176,2026-03-17T11:45:22.000-0300,25351013937202391,2026-09-24T00:00:00.000-0300
3734015,105530403,RESYNIV,0916494268,ABBOTT LABORATÓRIOS DO BRASIL LTDA,56998701000116,2026-09-03T12:33:07.000-0300,25351379296202415,2026-09-24T00:00:00.000-0300
3671130,178170957,BENEDESC PLUS,0297679261,COSMED INDUSTRIA DE COSMETICOS E MEDICAMENTOS S.A.,61082426000207,2026-03-27T10:29:06.000-0300,25351347348202311,2026-09-24T00:00:00.000-0300
3689323,116370233,micafungina sódica,0672450267,BLAU FARMACÊUTICA S.A.,58430828000160,2026-07-08T08:26:16.000-0300,25351061779202466,2026-09-24T00:00:00.000-0300
3731654,105730104,DECONLERG,0923134255,ACHÉ LABORATÓRIOS FARMACÊUTICOS S.A,60659463002992,2025-07-16T09:21:17.000-0300,25351374026202418,2026-09-24T00:00:00.000-0300
3702501,100850247,NUTRIFLEX,0658344251,LABORATORIOS B. BRAUN S/A,31673254000102,2025-05-15T11:49:22.000-0300,25351581966202381,2026-09-24T00:00:00.000-0300
3726571,117660043,EXTENSIOR,0378477269,NOVO NORDISK FARMACÊUTICA DO BRASIL LTDA,82277955000155,2026-04-17T11:52:13.000-0300,25351359096202446,2026-09-24T00:00:00.000-0300
3716076,110630167,"vacina DTPa-HB-IPV-Hib adsorvida difteria, tétano, pertussis (acelular), hepatite B (recombinante), poliomielite 1, 2 e 3 (inativada) e Haemophilus influenzae B (conjugada)",0844246263,FUNDAÇÃO OSWALDO CRUZ,33781055000135,2026-08-18T12:10:54.000-0300,25351319150202411,2026-09-24T00:00:00.000-0300
3676948,101180663,cloridrato de lurasidona,0449097269,APSEN FARMACEUTICA S/A,62462015000129,2026-05-08T11:37:49.000-0300,25351864554202383,2026-09-24T00:00:00.000-0300
3729693,164250011,DIACOMIT,0491897260,MOKSHA8 BRASIL INDUSTRIA E COMERCIO DE MEDICAMENTOS LTDA,07591326000180,2026-05-20T11:25:25.000-0300,25351370917202403,2026-09-24T00:00:00.000-0300
3744303,155840682,pregabalina,0591851261,BRAINFARMA INDÚSTRIA QUÍMICA E FARMACÊUTICA S.A,05161069000110,2026-06-16T15:55:09.000-0300,25351386465202473,2026-09-24T00:00:00.000-0300
3745027,102980610,SOLLUID,0397853262,CRISTÁLIA PRODUTOS QUÍMICOS FARMACÊUTICOS LTDA.,44734671000151,2026-04-24T10:44:53.000-0300,25351313683202499,2026-09-24T00:00:00.000-0300
2691154,100431366,ALGICOD,0529945266,EUROFARMA LABORATORIOS S.A.,61190096000192,2026-05-29T11:33:17.000-0300,25351049634202144,2026-09-24T00:00:00.000-0300
3608019,104971516,DEPZEL,0009421262,UNIÃO QUÍMICA FARMACÊUTICA NACIONAL S/A,60665981000118,2026-01-06T14:15:28.000-0200,25351167999202311,2026-09-24T00:00:00.000-0300
3651455,157211208,TYLENOL SINUS,0839362269,KENVUE LTDA.,59748988000114,2026-08-17T15:44:12.000-0300,25351464493202358,2026-09-24T00:00:00.000-0300
3614874,174200006,ampicilina sódica,0917512260,EUGIA PHARMA INDUSTRIA FARMACEUTICA LTDA,44639493000180,2026-09-03T15:09:37.000-0300,25351274926202385,2026-09-24T00:00:00.000-0300
3622074,105831031,atenolol + clortalidona,0889961255,GERMED FARMACEUTICA LTDA,45992062000165,2025-07-07T12:17:30.000-0300,25351287085202376,2026-09-24T00:00:00.000-0300
3647051,186200006,ANADOR,0135818257,OPELLA HEALTHCARE BRAZIL LTDA,38391432000143,2025-01-30T16:26:53.000-0200,25351461350202394,2026-09-24T00:00:00.000-0300
3612546,165070025,ERLOK,0740068261,Camber Farmaceutica Ltda,24633934000129,2026-07-24T10:53:00.000-0300,25351227829202301,2026-09-24T00:00:00.000-0300
3591173,154230365,OLOP,0519117263,GEOLAB INDÚSTRIA FARMACÊUTICA S/A,03485572000104,2026-05-27T08:41:07.000-0300,25351673260202263,2026-09-24T00:00:00.000-0300
3584097,112600206,OMVOH,0934137269,ELI LILLY DO BRASIL LTDA,43940618000144,2026-09-09T14:07:43.000-0300,25351636062202219,2026-09-24T00:00:00.000-0300
3647765,123520295,ticagrelor,1435409256,RANBAXY FARMACÊUTICA LTDA,73663650000190,2025-10-29T10:40:07.000-0300,25351590559202364,2026-09-24T00:00:00.000-0300
3556565,118190376,FENBIP,1318733251,MULTILAB INDUSTRIA E COMERCIO DE PRODUTOS FARMACEUTICOS LTDA,92265552000905,2025-10-02T17:15:58.000-0300,25351065430202231,2026-09-24T00:00:00.000-0300
3471799,105350233,TRANQUIL,1635459257,LABORATÓRIO GLOBO SA,17115437000173,2025-12-22T10:29:34.000-0200,25351880651202151,2026-09-24T00:00:00.000-0300
3589473,198600021,EPKINLY,1609394259,ABBVIE FARMACÊUTICA LTDA.,15800545000150,2025-12-16T15:52:49.000-0200,25351009611202369,2026-09-24T00:00:00.000-0300
3631730,105730065,ALGILIVE,0611790246,ACHÉ LABORATÓRIOS FARMACÊUTICOS S.A,60659463002992,2024-05-08T11:38:58.000-0300,25351441704202384,2026-09-24T00:00:00.000-0300
3600743,112090142,VACINA MENINGOCÓCICA ACWY (CONJUGADA),0243004257,FUNDAÇÃO EZEQUIEL DIAS - FUNED,17503475000101,2025-02-20T12:17:06.000-0300,25351094880202312,2026-09-24T00:00:00.000-0300
3589679,105350231,IBUGLOBO,0088792269,LABORATÓRIO GLOBO SA,17115437000173,2026-01-28T10:33:54.000-0200,25351001516202317,2026-09-24T00:00:00.000-0300
3653329,102980590,HPROZ,0329299255,CRISTÁLIA PRODUTOS QUÍMICOS FARMACÊUTICOS LTDA.,44734671000151,2025-03-11T14:39:32.000-0300,25351549586202351,2026-09-24T00:00:00.000-0300
3592910,102351422,MIOGESIC LIS,1620935252,EMS S/A,57507378000365,2025-12-18T12:26:34.000-0200,25351052246202311,2026-09-24T00:00:00.000-0300
3591539,100431583,KADIZ,0651900263,EUROFARMA LABORATORIOS S.A.,61190096000192,2026-07-02T07:18:28.000-0300,25351001435202317,2026-09-24T00:00:00.000-0300
3641838,120090039,RITAPEELS,1484185251,BIONATUS LABORATÓRIO BOTÂNICO LTDA,68032192000151,2025-11-11T11:18:43.000-0200,25351232162202351,2026-09-24T00:00:00.000-0300
3648390,105350239,rivaroxabana,0630242267,LABORATÓRIO GLOBO SA,17115437000173,2026-06-26T08:45:46.000-0300,25351572566202384,2026-09-24T00:00:00.000-0300
3492924,125680341,HISMERID,1609663250,PRATI DONADUZZI & CIA LTDA,73856593000166,2025-12-16T16:40:09.000-0200,25351171636202208,2026-09-24T00:00:00.000-0300
3645735,100470658,FORASEQ,0663684269,SANDOZ DO BRASIL INDÚSTRIA FARMACÊUTICA LTDA,61286647000116,2026-07-06T13:11:06.000-0300,25351415977202373,2026-09-24T00:00:00.000-0300
3525840,118190311,DEFLAZACORTE,0385003242,MULTILAB INDUSTRIA E COMERCIO DE PRODUTOS FARMACEUTICOS LTDA,92265552000905,2024-03-27T11:38:14.000-0300,25351063049202238,2026-09-24T00:00:00.000-0300
3544653,178170934,ATURGYL,0848972261,COSMED INDUSTRIA DE COSMETICOS E MEDICAMENTOS S.A.,61082426000207,2026-08-19T10:29:58.000-0300,25351497386202225,2026-09-24T00:00:00.000-0300
3576508,192900005,ADVIL,1609395255,PF Consumer Healthcare Brazil Importadora e Distribuidora de Medicamentos Ltda,30872270000153,2025-12-16T15:53:14.000-0200,25351400358202201,2026-09-24T00:00:00.000-0300
3606241,144930065,cloridrato de nafazolina,1309879257,AIRELA INDÚSTRIA FARMACÊUTICA LTDA.,01858973000129,2025-10-01T11:14:07.000-0300,25351106487202389,2026-09-24T00:00:00.000-0300
3557276,118190384,nimesulida,0756064252,MULTILAB INDUSTRIA E COMERCIO DE PRODUTOS FARMACEUTICOS LTDA,92265552000905,2025-06-04T12:11:27.000-0300,25351065435202264,2026-09-24T00:00:00.000-0300
3565894,118190465,ARACOR HCT,0787442267,MULTILAB INDUSTRIA E COMERCIO DE PRODUTOS FARMACEUTICOS LTDA,92265552000905,2026-08-05T11:55:23.000-0300,25351068294202231,2026-09-24T00:00:00.000-0300
3589674,105730081,DECONTOSSE,0141757264,ACHÉ LABORATÓRIOS FARMACÊUTICOS S.A,60659463002992,2026-02-11T13:47:04.000-0200,25351670734202215,2026-09-24T00:00:00.000-0300
3608391,104971521,cloridrato de ondansetrona,1729532241,UNIÃO QUÍMICA FARMACÊUTICA NACIONAL S/A,60665981000118,2024-12-18T13:41:01.000-0200,25351035603202114,2026-09-24T00:00:00.000-0300
3562322,118190410,OSBANT,1079435247,MULTILAB INDUSTRIA E COMERCIO DE PRODUTOS FARMACEUTICOS LTDA,92265552000905,2024-08-07T16:11:58.000-0300,25351065533202200,2026-09-24T00:00:00.000-0300
3613677,105730046,COMFECT DUO,0291446264,ACHÉ LABORATÓRIOS FARMACÊUTICOS S.A,60659463002992,2026-03-26T09:01:40.000-0300,25351239086202312,2026-09-24T00:00:00.000-0300
3559146,122140128,cloridrato de tramadol + diclofenaco sódico,1514052253,ADIUM S.A.,55980684000127,2025-11-19T11:44:48.000-0200,25351382176202233,2026-09-24T00:00:00.000-0300
3560145,154230335,TEARFILM,0455513252,GEOLAB INDÚSTRIA FARMACÊUTICA S/A,03485572000104,2025-04-03T09:17:30.000-0300,25351364327202271,2026-09-24T00:00:00.000-0300
3558216,118190391,ZOXYLAB,0099415267,MULTILAB INDUSTRIA E COMERCIO DE PRODUTOS FARMACEUTICOS LTDA,92265552000905,2026-01-30T10:50:21.000-0200,25351065447202299,2026-09-24T00:00:00.000-0300
3568488,117660040,SOGROYA,0540734268,NOVO NORDISK FARMACÊUTICA DO BRASIL LTDA,82277955000155,2026-06-02T16:29:39.000-0300,25351428089202230,2026-09-24T00:00:00.000-0300
3638575,171260008,Qarziba,0586452265,RECORDATI RARE DISEASES COMÉRCIO DE MEDICAMENTOS LTDA - ME,53056057000179,2026-06-15T15:24:38.000-0300,25351350102202319,2026-09-24T00:00:00.000-0300
3600744,110130304,RYALTRIS,0471229261,GLENMARK FARMACÊUTICA LTDA,44363661000157,2026-05-14T14:58:27.000-0300,25351118781202333,2026-09-24T00:00:00.000-0300
3565885,110630163,BIO-MANGUINHOS ADALIMUMABE,0928949265,FUNDAÇÃO OSWALDO CRUZ,33781055000135,2026-09-08T13:49:46.000-0300,25351362783202287,2026-09-24T00:00:00.000-0300
3563375,118190446,MEFLAGIN,0096641266,MULTILAB INDUSTRIA E COMERCIO DE PRODUTOS FARMACEUTICOS LTDA,92265552000905,2026-01-29T17:22:21.000-0200,25351065523202266,2026-09-24T00:00:00.000-0300
3572047,101830155,LAFEPE fumarato de tenofovir desoproxila + lamivudina,1628293250,LABORATORIO FARMACEUTICO DO ESTADO DE PERNAMBUCO GOVERNADOR MIGUEL ARRAES S/A - LAFEPE,10877926000113,2025-12-19T13:17:43.000-0200,25351493024202265,2026-09-24T00:00:00.000-0300
3568494,125760039,MINJUVI,0688751261,UNITED MEDICAL LTDA,68949239000146,2026-07-13T16:11:18.000-0300,25351428102202251,2026-09-24T00:00:00.000-0300
3625629,100431474,DIGESAN,0788357263,EUROFARMA LABORATORIOS S.A.,61190096000192,2026-08-05T14:31:08.000-0300,25351323212202316,2026-09-24T00:00:00.000-0300
3589895,102351421,LEFOR,0228793262,EMS S/A,57507378000365,2026-03-09T11:01:39.000-0300,25351037963202312,2026-09-24T00:00:00.000-0300
3575671,121100497,LITFULO,0616906269,PFIZER BRASIL LTDA,61072393000133,2026-06-23T13:41:13.000-0300,25351469547202291,2026-09-24T00:00:00.000-0300
1496888,105710162,clotrimazol,0580224261,BELFAR LTDA,18324343000177,2026-06-12T17:26:20.000-0300,25351425766202004,2026-09-24T00:00:00.000-0300
1356335,100681167,alendronato de sódio,1333376213,NOVARTIS BIOCIENCIAS S.A,56994502000130,2021-04-07T19:12:14.000-0300,25351172800201991,2026-09-24T00:00:00.000-0300
1450516,100470633,COMTAN,0658633261,SANDOZ DO BRASIL INDÚSTRIA FARMACÊUTICA LTDA,61286647000116,2026-07-03T14:32:48.000-0300,25351602870202011,2026-09-24T00:00:00.000-0300
3564077,109290013,YESCARTA,0194796264,GILEAD SCIENCES FARMACEUTICA DO BRASIL LTDA,15670288000189,2026-02-27T07:25:30.000-0300,25351068316202263,2026-09-24T00:00:00.000-0300
1423454,100663398,FITOVITAL,0782886256,LABORATORIO CATARINENSE LTDA,84684620000187,2025-06-10T16:32:21.000-0300,25351270103201902,2026-09-24T00:00:00.000-0300
1381079,103920226,cloridrato de ciclobenzaprina,0227923260,VITAMEDIC INDUSTRIA FARMACEUTICA LTDA,30222814000131,2026-03-09T08:44:12.000-0300,25351003296202013,2026-09-24T00:00:00.000-0300
1351189,121100465,XELJANZ,0844577260,PFIZER BRASIL LTDA,61072393000133,2026-08-18T12:49:12.000-0300,25351421879201999,2026-09-24T00:00:00.000-0300
1656892,167730659,STILRAM SL,0265103266,LEGRAND PHARMA INDÚSTRIA FARMACÊUTICA LTDA,05044984000126,2026-03-18T10:40:15.000-0300,25351833435202036,2026-09-24T00:00:00.000-0300
1662855,118190206,FORMYN,0321039262,MULTILAB INDUSTRIA E COMERCIO DE PRODUTOS FARMACEUTICOS LTDA,92265552000905,2026-04-02T10:20:36.000-0300,25351391886202092,2026-09-24T00:00:00.000-0300
1574043,103870082,HYFREN,0558529259,HYPOFARMA - INSTITUTO DE HYPODERMIA E FARMÁCIA LTDA,17174657000178,2025-04-25T14:00:26.000-0300,25351560065202011,2026-09-24T00:00:00.000-0300
1494256,106390292,HEMOFIL,0340005211,TAKEDA PHARMA LTDA.,60397775000174,2021-01-26T17:22:18.000-0200,25351778799202046,2026-09-24T00:00:00.000-0300
1347701,183260400,ADACEL,0853533261,SANOFI MEDLEY FARMACÊUTICA LTDA.,10588595001092,2026-08-20T09:16:39.000-0300,25351412010201953,2026-09-24T00:00:00.000-0300
1381071,156510101,cloridrato de erlotinibe,1015280234,ZYDUS NIKKHO FARMACÊUTICA LTDA,05254971000181,2023-09-25T09:53:49.000-0300,25351000620202041,2026-09-24T00:00:00.000-0300
1384626,106460224,BRYST,0815049251,LABORATORIO QUIMICO FARMACEUTICO BERGAMO LTDA,61282661000141,2025-06-18T15:33:03.000-0300,25351045046202051,2026-09-24T00:00:00.000-0300
1400287,102980585,FLUCAZOL,0430154267,CRISTÁLIA PRODUTOS QUÍMICOS FARMACÊUTICOS LTDA.,44734671000151,2026-05-04T14:55:32.000-0300,25351187552202016,2026-09-24T00:00:00.000-0300
1406269,102980555,ROPI® BOLSA,0644981261,CRISTÁLIA PRODUTOS QUÍMICOS FARMACÊUTICOS LTDA.,44734671000151,2026-06-30T16:47:57.000-0300,25351261897202049,2026-09-24T00:00:00.000-0300
1463753,111040001,HC-EsqueleRad,4125387214,HOSPITAL DAS CLINICAS DA FACULDADE DE MEDICINA DA USP,60448040000122,2021-10-19T09:36:54.000-0300,25351763780202003,2026-09-24T00:00:00.000-0300
1385914,183260422,ciprofibrato,0018454267,SANOFI MEDLEY FARMACÊUTICA LTDA.,10588595001092,2026-01-08T08:22:35.000-0200,25351627021201936,2026-09-24T00:00:00.000-0300
1426935,102351356,POMAGLÓS TRATAMENTO,1185310223,EMS S/A,57507378000365,2022-03-18T09:41:34.000-0300,25351716947201814,2026-09-24T00:00:00.000-0300
1653593,167730658,CIPROCILIN,0705226263,LEGRAND PHARMA INDÚSTRIA FARMACÊUTICA LTDA,05044984000126,2026-07-16T15:15:10.000-0300,25351097596201598,2026-09-24T00:00:00.000-0300
3641837,120090038,PLASMOVE,1489468251,BIONATUS LABORATÓRIO BOTÂNICO LTDA,68032192000151,2025-11-12T12:18:48.000-0200,25351231056202350,2026-09-24T00:00:00.000-0300
1419980,115600223,PREGNOLAN,1627054243,CIFARMA CIENTÍFICA FARMACÊUTICA LTDA,17562075000169,2024-11-28T08:22:14.000-0200,25351144003202057,2026-09-24T00:00:00.000-0300
1400275,143810254,LORATAMED,1394195257,CIMED INDUSTRIA S.A,02814497000107,2025-10-20T09:31:01.000-0300,25351646030201926,2026-09-24T00:00:00.000-0300
1743826,100330217,LAKOS,0800029267,LIBBS FARMACÊUTICA LTDA,61230314000175,2026-08-07T11:51:37.000-0300,25351618069202097,2026-09-24T00:00:00.000-0300
1439467,104971458,REMISTESI,0780277261,UNIÃO QUÍMICA FARMACÊUTICA NACIONAL S/A,60665981000118,2026-08-04T08:37:28.000-0300,25351827804202051,2026-09-24T00:00:00.000-0300
1363610,155840576,NEO LORATADIN,0592444261,BRAINFARMA INDÚSTRIA QUÍMICA E FARMACÊUTICA S.A,05161069000110,2026-06-16T17:39:13.000-0300,25351223361201991,2026-09-24T00:00:00.000-0300
1365427,103110184,NALBLI,1375691252,HALEX ISTAR INDÚSTRIA FARMACÊUTICA SA,01571702000198,2025-10-14T14:43:41.000-0300,25351632032201938,2026-09-24T00:00:00.000-0300
1435516,133480003,GHEMAXAN,0093727267,BIOMM SA,04752991000110,2026-01-29T09:30:40.000-0200,25351698373202018,2026-09-24T00:00:00.000-0300
3589737,135170077,bromidrato de vortioxetina,0110676262,ALTHAIA S.A. INDUSTRIA FARMACEUTICA,48344725000719,2026-02-03T12:38:41.000-0200,25351615916202223,2026-09-24T00:00:00.000-0300
3602224,155840684,DORALGINA MAX,0239600266,BRAINFARMA INDÚSTRIA QUÍMICA E FARMACÊUTICA S.A,05161069000110,2026-03-11T16:39:22.000-0300,25351166285202396,2026-09-24T00:00:00.000-0300
1452148,154230333,ibuprofeno,1427313253,GEOLAB INDÚSTRIA FARMACÊUTICA S/A,03485572000104,2025-10-27T16:40:58.000-0300,25351767269202072,2026-09-24T00:00:00.000-0300
458503,100430971,CLONAZEPAM,0496984268,EUROFARMA LABORATORIOS S.A.,61190096000192,2026-05-21T11:06:29.000-0300,25351100440200619,2026-09-24T00:00:00.000-0300
1405258,154230308,atorvastatina cálcica,0271407263,GEOLAB INDÚSTRIA FARMACÊUTICA S/A,03485572000104,2026-03-19T14:53:41.000-0300,25351116606202069,2026-09-24T00:00:00.000-0300
1459790,104971446,ISON,0333812263,UNIÃO QUÍMICA FARMACÊUTICA NACIONAL S/A,60665981000118,2026-04-07T15:25:54.000-0300,25351564496202048,2026-09-24T00:00:00.000-0300
1377232,117660037,Rybelsus,0967397260,NOVO NORDISK FARMACÊUTICA DO BRASIL LTDA,82277955000155,2026-09-17T08:59:28.000-0300,25351690887201983,2026-09-24T00:00:00.000-0300
1384042,167250015,teste vencimento,0246983221,EMPRESA DE TESTE LTDA. (VS01),11111111000191,2022-01-19T15:29:32.000-0200,25351042489202090,2026-09-24T00:00:00.000-0300
1343701,188020001,Xeomin,0569044260,MERZ FARMACÊUTICA COMERCIAL LTDA,11681446000145,2026-06-10T15:50:59.000-0300,25351330699201907,2026-09-24T00:00:00.000-0300
1423186,103720295,HEZO,0139555269,SUPERA FARMA LABORATÓRIOS S.A,43312503000105,2026-02-11T07:23:50.000-0200,25351042888202051,2026-09-24T00:00:00.000-0300
1384407,183960004,CLARISCAN,0185416268,GE HEALTHCARE DO BRASIL COMÉRCIO E SERVIÇOS PARA EQUIPAMENTOS MEDICO-HOSPITALARES LTDA,00029372000140,2026-02-25T10:22:51.000-0300,25351042308202025,2026-09-24T00:00:00.000-0300
1344122,125680292,PERLID,0581682262,PRATI DONADUZZI & CIA LTDA,73856593000166,2026-06-13T08:21:36.000-0300,25351277008201921,2026-09-24T00:00:00.000-0300
1878807,192900002,SAL DE ANDREWS,1581834250,PF Consumer Healthcare Brazil Importadora e Distribuidora de Medicamentos Ltda,30872270000153,2025-12-09T17:04:02.000-0200,25351416137202085,2026-09-24T00:00:00.000-0300
1494290,102980541,SOLUCAO FISIOLOGICA DE RINGER COM LACTATO DE SODIO,0078503212,CRISTÁLIA PRODUTOS QUÍMICOS FARMACÊUTICOS LTDA.,44734671000151,2021-01-07T11:45:23.000-0200,25351606893202002,2026-09-24T00:00:00.000-0300
1380223,183260491,cloridrato de trazodona,0006130267,SANOFI MEDLEY FARMACÊUTICA LTDA.,10588595001092,2026-01-05T17:05:55.000-0200,25351738966201904,2026-09-24T00:00:00.000-0300
1388596,183260470,MenQuadfi,0987064266,SANOFI MEDLEY FARMACÊUTICA LTDA.,10588595001092,2026-09-22T09:33:08.000-0300,25351073894202050,2026-09-24T00:00:00.000-0300
1387086,104971489,UNI HALOPER,1018871241,UNIÃO QUÍMICA FARMACÊUTICA NACIONAL S/A,60665981000118,2024-07-25T14:18:01.000-0300,25351065645202091,2026-09-24T00:00:00.000-0300
1341349,103900204,DORMONID,0297300261,FARMOQUÍMICA S/A,33349473000158,2026-03-27T09:18:08.000-0300,25351396336201926,2026-09-24T00:00:00.000-0300
2804399,100431399,DIACQUA,0962544264,EUROFARMA LABORATORIOS S.A.,61190096000192,2026-09-16T11:16:28.000-0300,25351218170202122,2026-09-24T00:00:00.000-0300
3525934,118190327,metronidazol,1427490252,MULTILAB INDUSTRIA E COMERCIO DE PRODUTOS FARMACEUTICOS LTDA,92265552000905,2025-10-27T17:11:25.000-0300,25351065380202292,2026-09-24T00:00:00.000-0300
3529192,178170931,AAS PROTECT,0545822262,COSMED INDUSTRIA DE COSMETICOS E MEDICAMENTOS S.A.,61082426000207,2026-06-03T14:59:53.000-0300,25351497237202266,2026-09-24T00:00:00.000-0300
3531833,178170977,NEOSALDINA MUSCULAR,0578119269,COSMED INDUSTRIA DE COSMETICOS E MEDICAMENTOS S.A.,61082426000207,2026-06-12T10:57:15.000-0300,25351173288202203,2026-09-24T00:00:00.000-0300
2859346,141070652,hemifumarato de bisoprolol,0110715268,PHARLAB INDÚSTRIA FARMACÊUTICA S.A.,02501297000102,2026-02-03T13:01:29.000-0200,25351061031202111,2026-09-24T00:00:00.000-0300
1785202,101710233,PRIVYMTRA,1133029256,MERCK SHARP & DOHME FARMACEUTICA LTDA.,03560974000118,2025-08-22T11:14:38.000-0300,25351688411202016,2026-09-24T00:00:00.000-0300
3286083,132230112,CALRECIA,0625220269,FRESENIUS MEDICAL CARE LTDA,01440590000136,2026-06-25T09:51:59.000-0300,25351243631202286,2026-09-24T00:00:00.000-0300
3297024,105250099,telmisartana + hidroclorotiazida,0637224264,TORRENT DO BRASIL LTDA,33078528000132,2026-06-29T09:17:00.000-0300,25351255796202209,2026-09-24T00:00:00.000-0300
3301449,118190265,amoxicilina,0244604266,MULTILAB INDUSTRIA E COMERCIO DE PRODUTOS FARMACEUTICOS LTDA,92265552000905,2026-03-12T16:53:06.000-0300,25351557746202174,2026-09-24T00:00:00.000-0300
3196334,156510096,HARTERYA,0030524237,ZYDUS NIKKHO FARMACÊUTICA LTDA,05254971000181,2023-01-11T14:16:57.000-0200,25351357383202179,2026-09-24T00:00:00.000-0300
3337651,100431450,cloridrato de trazodona,0089483260,EUROFARMA LABORATORIOS S.A.,61190096000192,2026-01-28T12:11:22.000-0200,25351425746202025,2026-09-24T00:00:00.000-0300
3337652,103720309,AZOD,0967327261,SUPERA FARMA LABORATÓRIOS S.A,43312503000105,2026-09-17T08:04:08.000-0300,25351848725202165,2026-09-24T00:00:00.000-0300
2651049,156510108,lacosamida,0244594261,ZYDUS NIKKHO FARMACÊUTICA LTDA,05254971000181,2026-03-12T16:54:00.000-0300,25351433042202115,2026-09-24T00:00:00.000-0300
2897863,105730054,FEMINIQUE 20,0546184260,ACHÉ LABORATÓRIOS FARMACÊUTICOS S.A,60659463002992,2026-06-03T15:26:55.000-0300,25351076143202176,2026-09-24T00:00:00.000-0300
3595590,112363441,TALVEY,1472292251,JANSSEN-CILAG FARMACÊUTICA LTDA,51780468000187,2025-11-07T08:57:29.000-0200,25351062335202367,2026-09-24T00:00:00.000-0300
2668930,100431354,drospirenona + etinilestradiol,0342152262,EUROFARMA LABORATORIOS S.A.,61190096000192,2026-04-09T09:44:39.000-0300,25351833275202114,2026-09-24T00:00:00.000-0300
3304691,100431469,ibuprofeno + paracetamol,0181021269,EUROFARMA LABORATORIOS S.A.,61190096000192,2026-02-24T17:06:42.000-0300,25351522641202285,2026-09-24T00:00:00.000-0300
2972200,155370107,bussulfano,1480725251,ACCORD FARMACÊUTICA LTDA,64171697000146,2025-11-10T16:23:59.000-0200,25351057350202211,2026-09-24T00:00:00.000-0300
2791398,109740347,carbonato de lítio,1237728258,BIOLAB SANUS FARMACÊUTICA LTDA,49475833000106,2025-09-18T15:58:30.000-0300,25351206303202118,2026-09-24T00:00:00.000-0300
3765134,155730071,MONITUM,0856891266,TEVA FARMACÊUTICA LTDA.,05333542000108,2026-08-20T16:11:29.000-0300,25351427678202462,2026-09-24T00:00:00.000-0300
2806418,101710219,VAQTA,1441668250,MERCK SHARP & DOHME FARMACEUTICA LTDA.,03560974000118,2025-10-30T14:49:19.000-0300,25351362063202131,2026-09-24T00:00:00.000-0300
3304531,118190306,bromidrato de galantamina,1733675248,MULTILAB INDUSTRIA E COMERCIO DE PRODUTOS FARMACEUTICOS LTDA,92265552000905,2024-12-19T08:47:26.000-0200,25351063034202270,2026-09-24T00:00:00.000-0300
2852460,102351443,EMPOZZE,1575776251,EMS S/A,57507378000365,2025-12-08T10:14:44.000-0200,25351008587202189,2026-09-24T00:00:00.000-0300
3209347,143810279,pregabalina,0251861244,CIMED INDUSTRIA S.A,02814497000107,2024-03-01T08:36:29.000-0300,25351228775202211,2026-09-24T00:00:00.000-0300
3286313,118190303,cloridrato de trazodona,0377887269,MULTILAB INDUSTRIA E COMERCIO DE PRODUTOS FARMACEUTICOS LTDA,92265552000905,2026-04-17T10:32:19.000-0300,25351063026202223,2026-09-24T00:00:00.000-0300
2791282,100431394,ATRACE,0456101268,EUROFARMA LABORATORIOS S.A.,61190096000192,2026-05-11T16:48:47.000-0300,25351111780202104,2026-09-24T00:00:00.000-0300
3237188,151430085,SITAREDDYS-M,1594167257,DR. REDDYS FARMACÊUTICA DO BRASIL LTDA,03978166000175,2025-12-12T14:18:14.000-0200,25351269557202228,2026-09-24T00:00:00.000-0300
3264931,118190259,finasterida,1338020251,MULTILAB INDUSTRIA E COMERCIO DE PRODUTOS FARMACEUTICOS LTDA,92265552000905,2025-10-08T10:04:23.000-0300,25351062969202239,2026-09-24T00:00:00.000-0300
3043407,105250116,LEVAMZ,0216613264,TORRENT DO BRASIL LTDA,33078528000132,2026-03-05T08:57:13.000-0300,25351108813202210,2026-09-24T00:00:00.000-0300
3386830,116370183,HICOVAN,0098529269,BLAU FARMACÊUTICA S.A.,58430828000160,2026-01-30T08:29:49.000-0200,25351228604202283,2026-09-24T00:00:00.000-0300
3314856,105350229,RISPXAN,0625153260,LABORATÓRIO GLOBO SA,17115437000173,2026-06-25T09:34:49.000-0300,25351516888202262,2026-09-24T00:00:00.000-0300
3319677,118190380,BUPROVIL,0170077268,MULTILAB INDUSTRIA E COMERCIO DE PRODUTOS FARMACEUTICOS LTDA,92265552000905,2026-02-20T14:15:40.000-0200,25351510888202259,2026-09-24T00:00:00.000-0300
3302337,118600103,PETAMIG,1213177251,HERBARIUM LABORATORIO BOTANICO LTDA,78950011000120,2025-09-12T17:09:01.000-0300,25351650873202141,2026-09-24T00:00:00.000-0300
2801273,112600202,MOUNJARO,0498077268,ELI LILLY DO BRASIL LTDA,43940618000144,2026-05-21T14:59:07.000-0300,25351880657202129,2026-09-24T00:00:00.000-0300
2919699,100431419,SYMPTA,0716810255,EUROFARMA LABORATORIOS S.A.,61190096000192,2025-05-27T13:54:59.000-0300,25351218207202112,2026-09-24T00:00:00.000-0300
2733429,155840669,succinato de solifenacina,0569706262,BRAINFARMA INDÚSTRIA QUÍMICA E FARMACÊUTICA S.A,05161069000110,2026-06-10T17:56:48.000-0300,25351635518202142,2026-09-24T00:00:00.000-0300
2614631,154230344,cloridrato de memantina,1089457251,GEOLAB INDÚSTRIA FARMACÊUTICA S/A,03485572000104,2025-08-15T16:09:52.000-0300,25351362838202178,2026-09-24T00:00:00.000-0300
3319794,155730047,BENALQ,1120401232,TEVA FARMACÊUTICA LTDA.,05333542000108,2023-10-19T08:16:52.000-0300,25351166458202112,2026-09-24T00:00:00.000-0300
3584100,109170134,OXIPELLE,0475257260,MEDQUIMICA INDUSTRIA FARMACEUTICA LTDA.,17875154000120,2026-05-15T11:55:42.000-0300,25351647017202290,2026-09-24T00:00:00.000-0300
2025115,178170907,DRAMIN B6,1588609251,COSMED INDUSTRIA DE COSMETICOS E MEDICAMENTOS S.A.,61082426000207,2025-12-11T10:15:30.000-0200,25351109961202162,2026-09-24T00:00:00.000-0300
2854756,187590010,TESTOGEL,0125313268,Besins Healthcare Brasil Comercial e Distribuidora de Medicamentos Ltda,11082598000393,2026-02-06T12:00:07.000-0200,25351355554202125,2026-09-24T00:00:00.000-0300
3310058,154230330,clonazepam,0659664267,GEOLAB INDÚSTRIA FARMACÊUTICA S/A,03485572000104,2026-07-03T16:49:26.000-0300,25351060167202294,2026-09-24T00:00:00.000-0300
3192914,109740350,succinato de metoprolol,0283224266,BIOLAB SANUS FARMACÊUTICA LTDA,49475833000106,2026-03-24T15:00:52.000-0300,25351885407202185,2026-09-24T00:00:00.000-0300
3265035,118190262,carvedilol,0186937261,MULTILAB INDUSTRIA E COMERCIO DE PRODUTOS FARMACEUTICOS LTDA,92265552000905,2026-02-25T15:08:57.000-0300,25351062981202243,2026-09-24T00:00:00.000-0300
3395603,105730013,OXCENE,0715164252,ACHÉ LABORATÓRIOS FARMACÊUTICOS S.A,60659463002992,2025-05-27T10:24:24.000-0300,25351978830202128,2026-09-24T00:00:00.000-0300
3349546,118190320,cloridrato de donepezila,1417534257,MULTILAB INDUSTRIA E COMERCIO DE PRODUTOS FARMACEUTICOS LTDA,92265552000905,2025-10-23T17:16:17.000-0300,25351065372202246,2026-09-24T00:00:00.000-0300
3707426,123610097,FINTEPLA,0517200261,UCB BIOPHARMA LTDA.,64711500000114,2026-05-26T17:32:41.000-0300,25351162739202431,2026-09-24T00:00:00.000-0300
3663782,104971576,ZOLPAZ,0939579260,UNIÃO QUÍMICA FARMACÊUTICA NACIONAL S/A,60665981000118,2026-09-10T13:59:38.000-0300,25351722543202327,2026-09-24T00:00:00.000-0300
3700286,104971535,NAUSICALM B6,0513674268,UNIÃO QUÍMICA FARMACÊUTICA NACIONAL S/A,60665981000118,2026-05-26T09:50:21.000-0300,25351242411202316,2026-09-24T00:00:00.000-0300
3692995,103700792,sulfato de salbutamol,0063023261,LABORATÓRIO TEUTO BRASILEIRO S/A,17159229000176,2026-01-21T09:20:28.000-0200,25351922264202442,2026-09-24T00:00:00.000-0300
3697414,178170972,BUSCOPAN COMPOSTO,0574093265,COSMED INDUSTRIA DE COSMETICOS E MEDICAMENTOS S.A.,61082426000207,2026-06-11T12:44:28.000-0300,25351045898202471,2026-09-24T00:00:00.000-0300
3701590,135170095,besilato de levanlodipino,0637298268,ALTHAIA S.A. INDUSTRIA FARMACEUTICA,48344725000719,2026-06-29T09:48:06.000-0300,25351132368202462,2026-09-24T00:00:00.000-0300
3686981,102980594,TEROLAC,0605579261,CRISTÁLIA PRODUTOS QUÍMICOS FARMACÊUTICOS LTDA.,44734671000151,2026-06-19T14:49:29.000-0300,25351954510202425,2026-09-24T00:00:00.000-0300
3695866,125760043,TAVALISSE,0771872267,UNITED MEDICAL LTDA,68949239000146,2026-07-31T17:18:09.000-0300,25351073975202483,2026-09-24T00:00:00.000-0300
3680831,139000013,TYVASO,0890078262,PINT PHARMA PRODUTOS MEDICO-HOSPITALARES E FARMACEUTICOS LTDA,21896000000191,2026-08-27T20:26:32.000-0300,25351934898202448,2026-09-24T00:00:00.000-0300
3711625,169770006,IQIRVO,0331985268,BEAUFOUR IPSEN FARMACÊUTICA LTDA,07718721000180,2026-04-07T11:00:04.000-0300,25351144485202479,2026-09-24T00:00:00.000-0300
3678472,103700791,mirtazapina,0191186261,LABORATÓRIO TEUTO BRASILEIRO S/A,17159229000176,2026-02-26T12:15:57.000-0300,25351666942202309,2026-09-24T00:00:00.000-0300
3693107,103720314,TAM XR,0968808263,SUPERA FARMA LABORATÓRIOS S.A,43312503000105,2026-09-17T12:13:06.000-0300,25351938903202491,2026-09-24T00:00:00.000-0300
3692883,105250112,fenofibrato,0633166260,TORRENT DO BRASIL LTDA,33078528000132,2026-06-26T16:22:44.000-0300,25351868730202356,2026-09-24T00:00:00.000-0300
3694060,183260503,cloridrato de donepezila,1405474254,SANOFI MEDLEY FARMACÊUTICA LTDA.,10588595001092,2025-10-22T11:58:26.000-0300,25351964686202495,2026-09-24T00:00:00.000-0300
3694806,174650016,CLARITROMICINA,1256292257,FARMA VISION IMPORTAÇÃO E EXPORTAÇÃO DE MEDICAMENTOS LTDA,09058502000148,2025-09-22T10:45:15.000-0300,25351016452202430,2026-09-24T00:00:00.000-0300
3681472,178170971,ESTOMAZIL,1569410259,COSMED INDUSTRIA DE COSMETICOS E MEDICAMENTOS S.A.,61082426000207,2025-12-05T10:30:10.000-0200,25351881528202310,2026-09-24T00:00:00.000-0300
3688822,100431526,VANLURE,1330726251,EUROFARMA LABORATORIOS S.A.,61190096000192,2025-10-06T17:54:13.000-0300,25351599430202231,2026-09-24T00:00:00.000-0300
3688823,100431520,VILAXY,1330686250,EUROFARMA LABORATORIOS S.A.,61190096000192,2025-10-06T17:41:42.000-0300,25351576686202270,2026-09-24T00:00:00.000-0300
3697045,105831043,bilastina,0928153266,GERMED FARMACEUTICA LTDA,45992062000165,2026-09-08T11:15:32.000-0300,25351959029202426,2026-09-24T00:00:00.000-0300
3697528,103920237,dipirona monoidratada,0594640261,VITAMEDIC INDUSTRIA FARMACEUTICA LTDA,30222814000131,2026-06-17T10:05:21.000-0300,25351960897202459,2026-09-24T00:00:00.000-0300
3677619,105730079,AQUARELA,1081457244,ACHÉ LABORATÓRIOS FARMACÊUTICOS S.A,60659463002992,2024-08-08T08:42:38.000-0300,25351818325202397,2026-09-24T00:00:00.000-0300
3678983,144930078,ibuprofeno,0535807261,AIRELA INDÚSTRIA FARMACÊUTICA LTDA.,01858973000129,2026-06-01T14:46:11.000-0300,25351696848202376,2026-09-24T00:00:00.000-0300
3705392,118190488,MULTIPIRAL,1470624257,MULTILAB INDUSTRIA E COMERCIO DE PRODUTOS FARMACEUTICOS LTDA,92265552000905,2025-11-06T17:16:44.000-0200,25351100029202417,2026-09-24T00:00:00.000-0300
3693632,155370126,MYCAFREM,1119923255,ACCORD FARMACÊUTICA LTDA,64171697000146,2025-08-19T17:06:57.000-0300,25351866382202382,2026-09-24T00:00:00.000-0300
3677513,105730073,DESENVO,0479761264,ACHÉ LABORATÓRIOS FARMACÊUTICOS S.A,60659463002992,2026-05-18T08:37:25.000-0300,25351822513202310,2026-09-24T00:00:00.000-0300
3687380,102980595,TEROQUATRO,0605970262,CRISTÁLIA PRODUTOS QUÍMICOS FARMACÊUTICOS LTDA.,44734671000151,2026-06-19T15:03:50.000-0300,25351954512202414,2026-09-24T00:00:00.000-0300
3698318,103700811,TIPICI,0157121267,LABORATÓRIO TEUTO BRASILEIRO S/A,17159229000176,2026-02-18T09:44:56.000-0200,25351887252202464,2026-09-24T00:00:00.000-0300
3677622,105730068,LUR D12,0691189269,ACHÉ LABORATÓRIOS FARMACÊUTICOS S.A,60659463002992,2026-07-14T08:34:29.000-0300,25351822516202353,2026-09-24T00:00:00.000-0300
3708568,155840677,bromidrato de vortioxetina,0048627267,BRAINFARMA INDÚSTRIA QUÍMICA E FARMACÊUTICA S.A,05161069000110,2026-01-16T09:32:22.000-0200,25351152930202474,2026-09-24T00:00:00.000-0300
3706488,109170140,hemitartarato de zolpidem,0266741266,MEDQUIMICA INDUSTRIA FARMACEUTICA LTDA.,17875154000120,2026-03-18T13:56:01.000-0300,25351140053202499,2026-09-24T00:00:00.000-0300
3703133,169930009,SKYCLARYS,0869101269,BIOGEN BRASIL PRODUTOS FARMACEUTICOS LTDA,07986222000174,2026-08-24T13:53:56.000-0300,25351140780202456,2026-09-24T00:00:00.000-0300
3678019,100431565,naproxeno sodico,0189750260,EUROFARMA LABORATORIOS S.A.,61190096000192,2026-02-26T09:20:46.000-0300,25351890558202406,2026-09-24T00:00:00.000-0300
3707830,103900227,UNITRAM,0583549268,FARMOQUÍMICA S/A,33349473000158,2026-06-15T08:10:31.000-0300,25351862470202313,2026-09-24T00:00:00.000-0300
3706585,109740371,MECOBALAMINA,0121697266,BIOLAB SANUS FARMACÊUTICA LTDA,49475833000106,2026-02-05T16:12:08.000-0200,25351191621202410,2026-09-24T00:00:00.000-0300
3705236,141070655,LISVENX,0538776269,PHARLAB INDÚSTRIA FARMACÊUTICA S.A.,02501297000102,2026-06-02T09:18:09.000-0300,25351048923202479,2026-09-24T00:00:00.000-0300
3705403,156510119,ZYDCOL MR,0614508266,ZYDUS NIKKHO FARMACÊUTICA LTDA,05254971000181,2026-06-23T08:59:46.000-0300,25351102404202463,2026-09-24T00:00:00.000-0300
3688521,187590011,MERIONAL HG,1448425255,Besins Healthcare Brasil Comercial e Distribuidora de Medicamentos Ltda,11082598000393,2025-10-31T17:51:27.000-0300,25351036999202451,2026-09-24T00:00:00.000-0300
3678300,125680338,AUROM,0632868261,PRATI DONADUZZI & CIA LTDA,73856593000166,2026-06-26T15:30:32.000-0300,25351818468202307,2026-09-24T00:00:00.000-0300
3706540,123520294,ondansetrona,0967644267,RANBAXY FARMACÊUTICA LTDA,73663650000190,2026-09-17T09:37:30.000-0300,25351083173202481,2026-09-24T00:00:00.000-0300
3706090,116370219,BLAUTOX,1655060252,BLAU FARMACÊUTICA S.A.,58430828000160,2025-12-30T09:06:17.000-0200,25351189083202401,2026-09-24T00:00:00.000-0300
3710425,100470661,MYCAMINE,0438945263,SANDOZ DO BRASIL INDÚSTRIA FARMACÊUTICA LTDA,61286647000116,2026-05-06T09:24:45.000-0300,25351147605202490,2026-09-24T00:00:00.000-0300
3688447,100330234,EMPATIQ,0953100260,LIBBS FARMACÊUTICA LTDA,61230314000175,2026-09-14T14:58:56.000-0300,25351023350202471,2026-09-24T00:00:00.000-0300
3686617,110360268,DIAVITALITY,1546028251,HEMAFARMA COM E IND FARMACEUTICA LTDA,30332829000152,2025-11-30T13:05:03.000-0200,25351951944202473,2026-09-24T00:00:00.000-0300
3736915,105730086,etoricoxibe,1045112259,ACHÉ LABORATÓRIOS FARMACÊUTICOS S.A,60659463002992,2025-08-12T17:16:43.000-0300,25351384888202378,2026-09-24T00:00:00.000-0300
3736916,105730095,ETORBEN,1084181258,ACHÉ LABORATÓRIOS FARMACÊUTICOS S.A,60659463002992,2025-08-15T09:38:22.000-0300,25351353362202427,2026-09-24T00:00:00.000-0300
3749318,155840683,DIPIRONA,0578363267,BRAINFARMA INDÚSTRIA QUÍMICA E FARMACÊUTICA S.A,05161069000110,2026-06-12T11:56:17.000-0300,25351362667202420,2026-09-24T00:00:00.000-0300
3751417,157700005,SEPHIENCE,0520209265,PTC FARMACEUTICA DO BRASIL LTDA.,25210463000109,2026-05-27T11:58:47.000-0300,25351401635202457,2026-09-24T00:00:00.000-0300
3324751,114620042,MECOBE,1628104252,MYRALIS INDÚSTRIA FARMACÊUTICA LTDA,17440261000125,2025-12-19T12:20:31.000-0200,25351790104202185,2026-09-24T00:00:00.000-0300
3616456,174200010,cefotaxima sódica,0591062267,EUGIA PHARMA INDUSTRIA FARMACEUTICA LTDA,44639493000180,2026-06-16T14:44:11.000-0300,25351275664202376,2026-09-24T00:00:00.000-0300
3619223,105831035,ALERADINA,0073447269,GERMED FARMACEUTICA LTDA,45992062000165,2026-01-23T10:33:16.000-0200,25351305650202394,2026-09-24T00:00:00.000-0300
3548337,118190354,Linagliptina,1623774250,MULTILAB INDUSTRIA E COMERCIO DE PRODUTOS FARMACEUTICOS LTDA,92265552000905,2025-12-18T18:07:32.000-0200,25351065397202240,2026-09-24T00:00:00.000-0300
3640635,105710169,CLORIDRATO DE NAFAZOLINA,0987575252,BELFAR LTDA,18324343000177,2025-07-30T15:56:07.000-0300,25351353689202318,2026-09-24T00:00:00.000-0300
3606243,105350247,dipirona monoidratada,0212178261,LABORATÓRIO GLOBO SA,17115437000173,2026-03-04T11:41:25.000-0300,25351199241202342,2026-09-24T00:00:00.000-0300
3607646,112363445,IMBRUVICA,1434792251,JANSSEN-CILAG FARMACÊUTICA LTDA,51780468000187,2025-10-29T09:06:11.000-0300,25351201886202352,2026-09-24T00:00:00.000-0300
3557828,123420002,SINUPRET,0161238262,BIONORICA DO BRASIL DISTRIBUICAO E IMPORTACAO LTDA,19585186000116,2026-02-19T08:40:17.000-0200,25351657131202147,2026-09-24T00:00:00.000-0300
3647336,101510135,TAVNEOS,1607787253,CSL BEHRING COMÉRCIO DE PRODUTOS FARMACÊUTICOS LTDA,62969589000198,2025-12-16T13:55:45.000-0200,25351586551202301,2026-09-24T00:00:00.000-0300
3557020,155730067,parecoxibe sódico,1279352248,TEVA FARMACÊUTICA LTDA.,05333542000108,2024-09-17T14:47:53.000-0300,25351353674202279,2026-09-24T00:00:00.000-0300
3627697,109740364,NOVOB,1624788254,BIOLAB SANUS FARMACÊUTICA LTDA,49475833000106,2025-12-18T18:10:10.000-0200,25351173287202251,2026-09-24T00:00:00.000-0300
3629388,101860037,SANTIAZEPAM,1160139253,SANTISA LABORATÓRIO FARMACÊUTICO S/A,04099395000182,2025-08-29T16:32:56.000-0300,25351406810202311,2026-09-24T00:00:00.000-0300
3610432,122340051,vacina varicela (atenuada),1500619256,INSTITUTO BUTANTAN,61821344000156,2025-11-14T16:40:14.000-0200,25351239409202360,2026-09-24T00:00:00.000-0300
3619255,118190481,hemitartarato de zolpidem,0609391267,MULTILAB INDUSTRIA E COMERCIO DE PRODUTOS FARMACEUTICOS LTDA,92265552000905,2026-06-22T09:57:01.000-0300,25351486557202291,2026-09-24T00:00:00.000-0300
3620865,118190480,desloratadina,0073576263,MULTILAB INDUSTRIA E COMERCIO DE PRODUTOS FARMACEUTICOS LTDA,92265552000905,2026-01-23T10:50:46.000-0200,25351305630202313,2026-09-24T00:00:00.000-0300
3585011,102980612,VISAN,0694073261,CRISTÁLIA PRODUTOS QUÍMICOS FARMACÊUTICOS LTDA.,44734671000151,2026-07-14T15:21:39.000-0300,25351608009202228,2026-09-24T00:00:00.000-0300
3559143,118190397,GOLTRITE,0475021266,MULTILAB INDUSTRIA E COMERCIO DE PRODUTOS FARMACEUTICOS LTDA,92265552000905,2026-05-15T11:11:05.000-0300,25351065454202291,2026-09-24T00:00:00.000-0300
3581246,154230338,IBUVIX,1427376255,GEOLAB INDÚSTRIA FARMACÊUTICA S/A,03485572000104,2025-10-27T16:54:00.000-0300,25351611468202299,2026-09-24T00:00:00.000-0300
3585279,102980613,VISAN MT,0697372260,CRISTÁLIA PRODUTOS QUÍMICOS FARMACÊUTICOS LTDA.,44734671000151,2026-07-15T10:23:44.000-0300,25351608011202205,2026-09-24T00:00:00.000-0300
1304626,106890197,RESFENOL,1013221249,KLEY HERTZ FARMACEUTICA S.A,92695691000103,2024-07-24T17:37:22.000-0300,25351365461201722,2026-09-24T00:00:00.000-0300
3622037,101180650,TANDUO,0219459266,APSEN FARMACEUTICA S/A,62462015000129,2026-03-05T16:05:23.000-0300,25351023622202271,2026-09-24T00:00:00.000-0300
3584738,109740368,maleato de fluvoxamina,0457644257,BIOLAB SANUS FARMACÊUTICA LTDA,49475833000106,2025-04-03T11:06:21.000-0300,25351483032202201,2026-09-24T00:00:00.000-0300
3635841,132230114,CIFOBAN,0589413261,FRESENIUS MEDICAL CARE LTDA,01440590000136,2026-06-16T10:48:01.000-0300,25351287206202380,2026-09-24T00:00:00.000-0300
3563193,118190422,tadalafila,1604143258,MULTILAB INDUSTRIA E COMERCIO DE PRODUTOS FARMACEUTICOS LTDA,92265552000905,2025-12-15T17:42:52.000-0200,25351065483202252,2026-09-24T00:00:00.000-0300
3625250,138230007,TRIKAFTA,0629388261,VERTEX FARMACEUTICA DO BRASIL LTDA.,21798065000102,2026-06-25T18:58:03.000-0300,25351403301202337,2026-09-24T00:00:00.000-0300
3544670,118190344,lansoprazol,0586805265,MULTILAB INDUSTRIA E COMERCIO DE PRODUTOS FARMACEUTICOS LTDA,92265552000905,2026-06-15T16:25:53.000-0300,25351065384202271,2026-09-24T00:00:00.000-0300
3601502,151430099,MUSBENO,0307543269,DR. REDDYS FARMACÊUTICA DO BRASIL LTDA,03978166000175,2026-03-30T16:19:19.000-0300,25351147914202389,2026-09-24T00:00:00.000-0300
3628649,122140133,YONDELIS,0630087261,ADIUM S.A.,55980684000127,2026-06-26T07:46:23.000-0300,25351420280202314,2026-09-24T00:00:00.000-0300
3619942,116370207,AROTHAZY,0015744264,BLAU FARMACÊUTICA S.A.,58430828000160,2026-01-07T16:39:17.000-0200,25351046005202324,2026-09-24T00:00:00.000-0300
3628648,105730056,FRONTLEV,0558346260,ACHÉ LABORATÓRIOS FARMACÊUTICOS S.A,60659463002992,2026-06-08T16:24:10.000-0300,25351339605202333,2026-09-24T00:00:00.000-0300
3553148,178170939,SULPAN,1605730254,COSMED INDUSTRIA DE COSMETICOS E MEDICAMENTOS S.A.,61082426000207,2025-12-16T09:04:00.000-0200,25351497251202260,2026-09-24T00:00:00.000-0300
3550121,100431449,eszopiclona,1609319257,EUROFARMA LABORATORIOS S.A.,61190096000192,2025-12-16T15:40:23.000-0200,25351312402202219,2026-09-24T00:00:00.000-0300
3575337,125680366,claritromicina,0812813260,PRATI DONADUZZI & CIA LTDA,73856593000166,2026-08-10T16:44:52.000-0300,25351488462202210,2026-09-24T00:00:00.000-0300
3646721,186420001,BRUKINSA,1216029253,BEONE MEDICINES BRASIL LTDA,30763301000308,2025-09-15T09:37:35.000-0300,25351419648202300,2026-09-24T00:00:00.000-0300
3585780,100431490,levetiracetam,1387881256,EUROFARMA LABORATORIOS S.A.,61190096000192,2025-10-16T22:13:58.000-0300,25351645455202213,2026-09-24T00:00:00.000-0300
3576746,112780088,DIATARCOM MR,0265111269,LABORATÓRIOS SERVIER DO BRASIL LTDA,42374207000176,2026-03-18T10:42:13.000-0300,25351591453202205,2026-09-24T00:00:00.000-0300
3565250,118190454,olanzapina,0601222253,MULTILAB INDUSTRIA E COMERCIO DE PRODUTOS FARMACEUTICOS LTDA,92265552000905,2025-05-05T12:22:19.000-0300,25351065537202280,2026-09-24T00:00:00.000-0300
3555978,105831024,empagliflozina,0675523265,GERMED FARMACEUTICA LTDA,45992062000165,2026-07-08T16:22:11.000-0300,25351163220202216,2026-09-24T00:00:00.000-0300
3555979,102351416,empagliflozina,0755221265,EMS S/A,57507378000365,2026-07-28T17:09:35.000-0300,25351163216202240,2026-09-24T00:00:00.000-0300
3617072,105350251,ivermectina,0958714266,LABORATÓRIO GLOBO SA,17115437000173,2026-09-15T13:07:03.000-0300,25351320474202311,2026-09-24T00:00:00.000-0300
3559142,191290006,EMYO,0450523268,"GEDEON RICHTER DO BRASIL IMPORTADORA, EXPORTADORA E DISTRIBUIDORA S.A.",12134906000269,2026-05-08T16:00:37.000-0300,25351385619202248,2026-09-24T00:00:00.000-0300
3613051,103700782,cloridrato de pioglitazona,0439162262,LABORATÓRIO TEUTO BRASILEIRO S/A,17159229000176,2026-05-06T10:11:22.000-0300,25351139252202373,2026-09-24T00:00:00.000-0300
3324670,102980580,EPITHELIZE,1469176254,CRISTÁLIA PRODUTOS QUÍMICOS FARMACÊUTICOS LTDA.,44734671000151,2025-11-06T14:02:41.000-0200,25351877640202194,2026-09-24T00:00:00.000-0300
3616391,116180306,VOYDEYA,0020856261,ASTRAZENECA DO BRASIL LTDA,60318797000100,2026-01-08T17:16:18.000-0200,25351312248202366,2026-09-24T00:00:00.000-0300
3664788,109740365,DEFB,0121690261,BIOLAB SANUS FARMACÊUTICA LTDA,49475833000106,2026-02-05T16:09:32.000-0200,25351354138202371,2026-09-24T00:00:00.000-0300
3615716,118190478,OCYLIN,0242088261,MULTILAB INDUSTRIA E COMERCIO DE PRODUTOS FARMACEUTICOS LTDA,92265552000905,2026-03-12T11:03:20.000-0300,25351298122202371,2026-09-24T00:00:00.000-0300
1376477,183260484,ibuprofeno,0043766269,SANOFI MEDLEY FARMACÊUTICA LTDA.,10588595001092,2026-01-15T11:38:43.000-0200,25351706790201908,2026-09-24T00:00:00.000-0300
1388335,118190230,MULTIGRIP,0177913266,MULTILAB INDUSTRIA E COMERCIO DE PRODUTOS FARMACEUTICOS LTDA,92265552000905,2026-02-24T09:33:46.000-0300,25351073359202007,2026-09-24T00:00:00.000-0300
1351185,121100467,Ibrance,1524581259,PFIZER BRASIL LTDA,61072393000133,2025-11-24T13:48:10.000-0200,25351421885201946,2026-09-24T00:00:00.000-0300
280,100890280,ACICLOVIR,1401853251,MERCK S/A,33069212000184,2025-10-21T15:58:18.000-0300,253510144630108,2026-09-24T00:00:00.000-0300
958630,156510083,COXIZY,0831615231,ZYDUS NIKKHO FARMACÊUTICA LTDA,05254971000181,2023-08-09T09:04:31.000-0300,25351258936201489,2026-09-24T00:00:00.000-0300
1491978,103900209,ONUA,0620492261,FARMOQUÍMICA S/A,33349473000158,2026-06-24T09:53:36.000-0300,25351723542202057,2026-09-24T00:00:00.000-0300
1607546,178170892,BUSCOFEM,0633060267,COSMED INDUSTRIA DE COSMETICOS E MEDICAMENTOS S.A.,61082426000207,2026-06-26T15:56:43.000-0300,25351898984202056,2026-09-24T00:00:00.000-0300
1115625,105730730,BETADINE XR,0267076258,ACHÉ LABORATÓRIOS FARMACÊUTICOS S.A,60659463002992,2025-02-25T17:13:06.000-0300,25351216517201604,2026-09-24T00:00:00.000-0300
1554520,167730654,paracetamol + cafeína + carisoprodol + diclofenaco sódico,0601349261,LEGRAND PHARMA INDÚSTRIA FARMACÊUTICA LTDA,05044984000126,2026-06-18T15:21:57.000-0300,25351263702201538,2026-09-24T00:00:00.000-0300
1419675,104971455,DOLO MOFF,0792437268,UNIÃO QUÍMICA FARMACÊUTICA NACIONAL S/A,60665981000118,2026-08-06T09:54:24.000-0300,25351573613202064,2026-09-24T00:00:00.000-0300
1414868,100330216,ZIDER,0474634264,LIBBS FARMACÊUTICA LTDA,61230314000175,2026-05-15T09:59:04.000-0300,25351468114202056,2026-09-24T00:00:00.000-0300
1426884,104971445,LIRIS,1197393251,UNIÃO QUÍMICA FARMACÊUTICA NACIONAL S/A,60665981000118,2025-09-09T17:09:53.000-0300,25351550966202096,2026-09-24T00:00:00.000-0300
1411730,100431326,Neo B,1500379255,EUROFARMA LABORATORIOS S.A.,61190096000192,2025-11-14T16:08:50.000-0200,25351266083202009,2026-09-24T00:00:00.000-0300
1499445,155840637,cloridrato de donepezila + cloridrato de memantina,0574218262,BRAINFARMA INDÚSTRIA QUÍMICA E FARMACÊUTICA S.A,05161069000110,2026-06-11T13:05:01.000-0300,25351925079202086,2026-09-24T00:00:00.000-0300
1535679,105730755,KALYME,0568245261,ACHÉ LABORATÓRIOS FARMACÊUTICOS S.A,60659463002992,2026-06-10T13:46:58.000-0300,25351828441202071,2026-09-24T00:00:00.000-0300
1446852,102980533,SOLUÇÃO DE RINGER,4542272209,CRISTÁLIA PRODUTOS QUÍMICOS FARMACÊUTICOS LTDA.,44734671000151,2020-12-22T18:05:20.000-0200,25351606753202026,2026-09-24T00:00:00.000-0300
1924271,121100481,COMIRNATY,0930792262,PFIZER BRASIL LTDA,61072393000133,2026-09-08T18:55:46.000-0300,25351023179202157,2026-09-24T00:00:00.000-0300
2762923,173590006,RPHPYRO,0587062266,MJM PRODUTOS FARMACEUTICOS E DE RADIOPROTECAO S.A.,04891262000144,2026-06-15T17:38:21.000-0300,25351292943202132,2026-09-24T00:00:00.000-0300
1645301,167730663,cloridrato de ciprofloxacino,0704817268,LEGRAND PHARMA INDÚSTRIA FARMACÊUTICA LTDA,05044984000126,2026-07-16T15:02:15.000-0300,25351097584201563,2026-09-24T00:00:00.000-0300
1392504,185690009,ICACORT,1167901258,LEO PHARMA LTDA,11424477000110,2025-09-02T08:59:53.000-0300,25351711099201938,2026-09-24T00:00:00.000-0300
1377246,105250092,SEIZLA,0251663264,TORRENT DO BRASIL LTDA,33078528000132,2026-03-13T23:45:07.000-0300,25351709554201935,2026-09-24T00:00:00.000-0300
1375206,156510102,benzoato de rizatriptana,1648148255,ZYDUS NIKKHO FARMACÊUTICA LTDA,05254971000181,2025-12-26T13:39:58.000-0200,25351694910201917,2026-09-24T00:00:00.000-0300
1341717,102351308,GAUDY,0020166257,EMS S/A,57507378000365,2025-01-07T17:04:27.000-0200,25351078819201941,2026-09-24T00:00:00.000-0300
1427824,141070644,cloridrato de ondansetrona,0219145261,PHARLAB INDÚSTRIA FARMACÊUTICA S.A.,02501297000102,2026-03-05T15:04:44.000-0300,25351733976202065,2026-09-24T00:00:00.000-0300
1494629,178170888,IVEVI,0601486269,COSMED INDUSTRIA DE COSMETICOS E MEDICAMENTOS S.A.,61082426000207,2026-06-18T15:47:53.000-0300,25351644429202014,2026-09-24T00:00:00.000-0300
1356307,103870076,dipirona monoidratada,0969822260,HYPOFARMA - INSTITUTO DE HYPODERMIA E FARMÁCIA LTDA,17174657000178,2026-09-17T15:03:03.000-0300,25351375832201946,2026-09-24T00:00:00.000-0300
1179873,101070344,TRELEGY,1364440253,GLAXOSMITHKLINE BRASIL LTDA,33247743000110,2025-10-10T15:56:27.000-0300,25351368621201765,2026-09-24T00:00:00.000-0300
1419653,115600220,LINOFEME,0147453267,CIFARMA CIENTÍFICA FARMACÊUTICA LTDA,17562075000169,2026-02-12T15:34:04.000-0200,25351143967202088,2026-09-24T00:00:00.000-0300
3199229,115240015,NORIPURUM EV,0133183262,BLANVER FARMOQUIMICA E FARMACEUTICA S.A.,53359824000119,2026-02-09T17:28:39.000-0200,25351081296202135,2026-09-24T00:00:00.000-0300
3197866,115240014,NORIPURUM FÓLICO,0882540262,BLANVER FARMOQUIMICA E FARMACEUTICA S.A.,53359824000119,2026-08-26T16:38:21.000-0300,25351081011202166,2026-09-24T00:00:00.000-0300
3200702,116180298,IMJUDO,1155882253,ASTRAZENECA DO BRASIL LTDA,60318797000100,2025-08-28T18:13:07.000-0300,25351252672202263,2026-09-24T00:00:00.000-0300
1227645,100431313,BICERTO IV,1490939253,EUROFARMA LABORATORIOS S.A.,61190096000192,2025-11-12T17:09:32.000-0200,25351002934201864,2026-09-24T00:00:00.000-0300
1361448,155840573,Histamin,0594665264,BRAINFARMA INDÚSTRIA QUÍMICA E FARMACÊUTICA S.A,05161069000110,2026-06-17T10:11:22.000-0300,25351329223201915,2026-09-24T00:00:00.000-0300
1434315,100431324,ATTENZE,0666447268,EUROFARMA LABORATORIOS S.A.,61190096000192,2026-07-06T20:13:34.000-0300,25351693255202013,2026-09-24T00:00:00.000-0300
1461233,105730036,NAUTEX ODG,1626160252,ACHÉ LABORATÓRIOS FARMACÊUTICOS S.A,60659463002992,2025-12-19T07:30:25.000-0200,25351764586202037,2026-09-24T00:00:00.000-0300
1350058,183260395,Hexaxim,0305136267,SANOFI MEDLEY FARMACÊUTICA LTDA.,10588595001092,2026-03-30T09:47:22.000-0300,25351411980201931,2026-09-24T00:00:00.000-0300
1357577,102351411,aripiprazol,0266391257,EMS S/A,57507378000365,2025-02-25T16:10:27.000-0300,25351565497201976,2026-09-24T00:00:00.000-0300
1372037,178170897,PIELUS MX,0588561266,COSMED INDUSTRIA DE COSMETICOS E MEDICAMENTOS S.A.,61082426000207,2026-06-16T07:40:47.000-0300,25351542292201912,2026-09-24T00:00:00.000-0300
1203606,100330210,PLENANCE EZE,1197186255,LIBBS FARMACÊUTICA LTDA,61230314000175,2025-09-09T16:51:39.000-0300,25351501025201702,2026-09-24T00:00:00.000-0300
1375204,100431317,cloridrato de metilfenidato,0666428263,EUROFARMA LABORATORIOS S.A.,61190096000192,2026-07-06T20:07:48.000-0300,25351696901201952,2026-09-24T00:00:00.000-0300
1430654,116370191,anastrozol,1586436252,BLAU FARMACÊUTICA S.A.,58430828000160,2025-12-10T17:49:46.000-0200,25351769620202060,2026-09-24T00:00:00.000-0300
1494575,154230311,IBUVIX,0227147260,GEOLAB INDÚSTRIA FARMACÊUTICA S/A,03485572000104,2026-03-07T14:45:09.000-0300,25351564912202016,2026-09-24T00:00:00.000-0300
1392511,102351339,POLAPIC,0174099266,EMS S/A,57507378000365,2026-02-23T10:41:46.000-0300,25351849753201802,2026-09-24T00:00:00.000-0300
1340916,125680287,LAVIE,0599497262,PRATI DONADUZZI & CIA LTDA,73856593000166,2026-06-18T10:50:55.000-0300,25351347133201914,2026-09-24T00:00:00.000-0300
1363693,105830962,LUMIVIT,1004093250,GERMED FARMACEUTICA LTDA,45992062000165,2025-08-04T16:29:26.000-0300,25351704750201832,2026-09-24T00:00:00.000-0300
1537258,167730655,DOXATIVO,0056373261,LEGRAND PHARMA INDÚSTRIA FARMACÊUTICA LTDA,05044984000126,2026-01-19T16:52:33.000-0200,25351462881202051,2026-09-24T00:00:00.000-0300
1636365,105830981,ZOLREM SL,0265536260,GERMED FARMACEUTICA LTDA,45992062000165,2026-03-18T11:36:23.000-0300,25351888731202074,2026-09-24T00:00:00.000-0300
1394138,102351342,acetilcisteína,0625216261,EMS S/A,57507378000365,2026-06-25T09:51:24.000-0300,25351763234201840,2026-09-24T00:00:00.000-0300
1375969,103700745,HEDERA TEUTO,0190708247,LABORATÓRIO TEUTO BRASILEIRO S/A,17159229000176,2024-02-19T14:41:24.000-0300,25351414946201919,2026-09-24T00:00:00.000-0300
3237167,118190249,cloridrato de bupropiona,1594692254,MULTILAB INDUSTRIA E COMERCIO DE PRODUTOS FARMACEUTICOS LTDA,92265552000905,2025-12-12T16:32:10.000-0200,25351062932202219,2026-09-24T00:00:00.000-0300
2788630,116370206,temozolomida,0084860260,BLAU FARMACÊUTICA S.A.,58430828000160,2026-01-27T12:14:04.000-0200,25351877530202122,2026-09-24T00:00:00.000-0300
2923010,100431422,TRIAXIN,0496734261,EUROFARMA LABORATORIOS S.A.,61190096000192,2026-05-21T10:23:46.000-0300,25351160336202112,2026-09-24T00:00:00.000-0300
3543568,183260492,succinato de solifenacina,0038251264,SANOFI MEDLEY FARMACÊUTICA LTDA.,10588595001092,2026-01-14T07:57:43.000-0200,25351254511202212,2026-09-24T00:00:00.000-0300
2985654,100290223,MICRODIOL,4377756222,ORGANON FARMACÊUTICA LTDA.,45987013000134,2022-07-04T15:31:06.000-0300,25351397672202119,2026-09-24T00:00:00.000-0300
3008161,113430204,ESTRIONIL,1612415253,HIPOLABOR FARMACEUTICA LTDA,19570720000110,2025-12-17T09:17:40.000-0200,25351024393202121,2026-09-24T00:00:00.000-0300
3019972,113430207,captopril,0848712269,HIPOLABOR FARMACEUTICA LTDA,19570720000110,2026-08-19T09:40:26.000-0300,25351024510202156,2026-09-24T00:00:00.000-0300
3045180,125680336,rivaroxabana,0171090268,PRATI DONADUZZI & CIA LTDA,73856593000166,2026-02-20T15:32:20.000-0200,25351125659202232,2026-09-24T00:00:00.000-0300
3652317,157211211,IMOSEC,1604125250,KENVUE LTDA.,59748988000114,2025-12-15T17:25:43.000-0200,25351464684202310,2026-09-24T00:00:00.000-0300
2744064,105730063,HPMIX,1489086251,ACHÉ LABORATÓRIOS FARMACÊUTICOS S.A,60659463002992,2025-11-12T11:31:49.000-0200,25351672191202190,2026-09-24T00:00:00.000-0300
3188686,105730796,PARZO,0322929253,ACHÉ LABORATÓRIOS FARMACÊUTICOS S.A,60659463002992,2025-03-10T15:52:30.000-0300,25351116875202114,2026-09-24T00:00:00.000-0300
3210781,105730002,LUR,0900096268,ACHÉ LABORATÓRIOS FARMACÊUTICOS S.A,60659463002992,2026-08-31T17:00:32.000-0300,25351409194202199,2026-09-24T00:00:00.000-0300
3307699,155730061,INSTAURA,1396006231,TEVA FARMACÊUTICA LTDA.,05333542000108,2023-12-08T11:33:47.000-0200,25351923986202171,2026-09-24T00:00:00.000-0300
3337464,155840681,cetoprofeno,0566720264,BRAINFARMA INDÚSTRIA QUÍMICA E FARMACÊUTICA S.A,05161069000110,2026-06-10T10:12:21.000-0300,25351537470202299,2026-09-24T00:00:00.000-0300
2976330,105710167,IEROBINA,1642164259,BELFAR LTDA,18324343000177,2025-12-23T13:43:30.000-0200,25351749032201976,2026-09-24T00:00:00.000-0300
3375895,155840634,azitromicina di-hidratada,0790187230,BRAINFARMA INDÚSTRIA QUÍMICA E FARMACÊUTICA S.A,05161069000110,2023-07-28T16:02:26.000-0300,25351545997202297,2026-09-24T00:00:00.000-0300
2553257,104971480,D3CAPS,1426465254,UNIÃO QUÍMICA FARMACÊUTICA NACIONAL S/A,60665981000118,2025-10-27T14:53:33.000-0300,25351254555202153,2026-09-24T00:00:00.000-0300
3383718,100431437,AIRES,0967399262,EUROFARMA LABORATORIOS S.A.,61190096000192,2026-09-17T09:02:02.000-0300,25351199014202236,2026-09-24T00:00:00.000-0300
2915896,156510123,TRANSAMIN,1629763250,ZYDUS NIKKHO FARMACÊUTICA LTDA,05254971000181,2025-12-19T15:34:06.000-0200,25351016742202211,2026-09-24T00:00:00.000-0300
2791376,155730060,Cedur,0920235263,TEVA FARMACÊUTICA LTDA.,05333542000108,2026-09-04T09:16:13.000-0300,25351194892202184,2026-09-24T00:00:00.000-0300
3272828,109740356,DEGEN,0127145265,BIOLAB SANUS FARMACÊUTICA LTDA,49475833000106,2026-02-06T12:20:26.000-0200,25351067113202250,2026-09-24T00:00:00.000-0300
2804281,103920238,AFECSO,0247871265,VITAMEDIC INDUSTRIA FARMACEUTICA LTDA,30222814000131,2026-03-13T10:07:51.000-0300,25351877894202111,2026-09-24T00:00:00.000-0300
2806585,100431400,ÁRIA,0787200263,EUROFARMA LABORATORIOS S.A.,61190096000192,2026-08-05T11:09:21.000-0300,25351218173202166,2026-09-24T00:00:00.000-0300
2848624,100290214,ZETIA,0321853261,ORGANON FARMACÊUTICA LTDA.,45987013000134,2026-04-02T13:13:59.000-0300,25351362099202114,2026-09-24T00:00:00.000-0300
2915882,156510122,KAVIUM ODT,1630190250,ZYDUS NIKKHO FARMACÊUTICA LTDA,05254971000181,2025-12-19T16:19:29.000-0200,25351014253202225,2026-09-24T00:00:00.000-0300
2650052,102351433,MEGLIZE,0657543268,EMS S/A,57507378000365,2026-07-03T10:26:48.000-0300,25351435809202132,2026-09-24T00:00:00.000-0300
3188678,155840673,hemifumarato de bisoprolol,0614530261,BRAINFARMA INDÚSTRIA QUÍMICA E FARMACÊUTICA S.A,05161069000110,2026-06-23T09:06:03.000-0300,25351226901202294,2026-09-24T00:00:00.000-0300
3386612,178170975,NEOSALDINA MUSCULAR MAX,0633077267,COSMED INDUSTRIA DE COSMETICOS E MEDICAMENTOS S.A.,61082426000207,2026-06-26T15:59:03.000-0300,25351024120202267,2026-09-24T00:00:00.000-0300
2001579,178170899,NEOSALDINA,1560053259,COSMED INDUSTRIA DE COSMETICOS E MEDICAMENTOS S.A.,61082426000207,2025-12-03T16:24:56.000-0200,25351110112202151,2026-09-24T00:00:00.000-0300
2762341,155370113,everolimo,0635809265,ACCORD FARMACÊUTICA LTDA,64171697000146,2026-06-28T10:24:01.000-0300,25351743041202178,2026-09-24T00:00:00.000-0300
2837725,101180649,ATENTAH,0777378264,APSEN FARMACEUTICA S/A,62462015000129,2026-08-03T16:04:37.000-0300,25351013978202115,2026-09-24T00:00:00.000-0300
3033039,125760034,EXELON,1625753250,UNITED MEDICAL LTDA,68949239000146,2025-12-18T23:51:37.000-0200,25351014536202196,2026-09-24T00:00:00.000-0300
3195991,193040004,FATOR VIII DE COAGULAÇÃO HEMOBRÁS,0843454261,EMPRESA BRASILEIRA DE HEMODERIVADOS E BIOTECNOLOGIA,07607851000146,2026-08-18T11:22:44.000-0300,25351836354202179,2026-09-24T00:00:00.000-0300
2928438,109930015,SEPTANEST,1616777257,DLA PHARMACEUTICAL LTDA,45841137000107,2025-12-17T17:18:31.000-0200,25351028628202234,2026-09-24T00:00:00.000-0300
3240221,109740354,CRONOBE COMPLEX,0945068263,BIOLAB SANUS FARMACÊUTICA LTDA,49475833000106,2026-09-11T12:11:25.000-0300,25351097447202258,2026-09-24T00:00:00.000-0300
3344755,115600261,cipionato de testosterona,0119070260,CIFARMA CIENTÍFICA FARMACÊUTICA LTDA,17562075000169,2026-02-05T09:08:08.000-0200,25351548101202221,2026-09-24T00:00:00.000-0300
3344823,118190336,DIGESIGMA GOTAS,0519576268,MULTILAB INDUSTRIA E COMERCIO DE PRODUTOS FARMACEUTICOS LTDA,92265552000905,2026-05-27T09:54:10.000-0300,25351062966202203,2026-09-24T00:00:00.000-0300
3350537,118190279,DIZTABEX,0131585266,MULTILAB INDUSTRIA E COMERCIO DE PRODUTOS FARMACEUTICOS LTDA,92265552000905,2026-02-09T14:00:55.000-0200,25351062970202263,2026-09-24T00:00:00.000-0300
2614157,104971526,cloridrato de duloxetina,0447923242,UNIÃO QUÍMICA FARMACÊUTICA NACIONAL S/A,60665981000118,2024-04-09T17:16:09.000-0300,25351352662202146,2026-09-24T00:00:00.000-0300
3286094,118190275,acebrofilina,0547317255,MULTILAB INDUSTRIA E COMERCIO DE PRODUTOS FARMACEUTICOS LTDA,92265552000905,2025-04-23T14:47:37.000-0300,25351063023202290,2026-09-24T00:00:00.000-0300
1919655,192900003,SAL DE FRUTA ENO,0860589269,PF Consumer Healthcare Brazil Importadora e Distribuidora de Medicamentos Ltda,30872270000153,2026-08-21T11:52:54.000-0300,25351415936202034,2026-09-24T00:00:00.000-0300
3350292,118190280,CLORIDRATO DE BUPROPIONA,0777581264,MULTILAB INDUSTRIA E COMERCIO DE PRODUTOS FARMACEUTICOS LTDA,92265552000905,2026-08-03T17:03:56.000-0300,25351062975202296,2026-09-24T00:00:00.000-0300
3370259,113430211,SANVAPRESS,1676638245,HIPOLABOR FARMACEUTICA LTDA,19570720000110,2024-12-09T08:29:54.000-0200,25351125776202204,2026-09-24T00:00:00.000-0300
2857773,110520004,AIR SALONPAS,0404291261,HISAMITSU FARMACÊUTICA DO BRASIL LTDA,49383250000147,2026-04-27T08:40:19.000-0300,25351635106202111,2026-09-24T00:00:00.000-0300
3306917,118190313,dipirona monoidratada,0451309251,MULTILAB INDUSTRIA E COMERCIO DE PRODUTOS FARMACEUTICOS LTDA,92265552000905,2025-04-02T11:47:04.000-0300,25351063057202284,2026-09-24T00:00:00.000-0300
3659596,105730187,VIDAP,0831870265,ACHÉ LABORATÓRIOS FARMACÊUTICOS S.A,60659463002992,2026-08-14T11:34:51.000-0300,25351656805202358,2026-09-24T00:00:00.000-0300
3779484,116640004,NEPEXTO,0440382262,BIOCON BIOLOGICS DO BRASIL LTDA,38108988000180,2026-05-06T13:50:23.000-0300,25351438611202453,2026-09-24T00:00:00.000-0300
3787872,164250009,HALDOL,0164909265,MOKSHA8 BRASIL INDUSTRIA E COMERCIO DE MEDICAMENTOS LTDA,07591326000180,2026-02-19T16:40:07.000-0200,25351025648202504,2026-09-24T00:00:00.000-0300
3803420,105730112,succinato de metoprolol,0169170268,ACHÉ LABORATÓRIOS FARMACÊUTICOS S.A,60659463002992,2026-02-20T12:20:02.000-0200,25351007414202577,2026-09-24T00:00:00.000-0300
3797932,105730109,pregabalina,0387664262,ACHÉ LABORATÓRIOS FARMACÊUTICOS S.A,60659463002992,2026-04-22T09:27:47.000-0300,25351029290202581,2026-09-24T00:00:00.000-0300
3788456,139000007,EMPAVELI,0361637268,PINT PHARMA PRODUTOS MEDICO-HOSPITALARES E FARMACEUTICOS LTDA,21896000000191,2026-04-14T11:14:10.000-0300,25351018161202567,2026-09-24T00:00:00.000-0300
3792009,117720028,cloreto de sódio,0048630268,EQUIPLEX INDÚSTRIA FARMACÊUTICA LTDA,01784792000103,2026-01-16T09:33:57.000-0200,25351462236202462,2026-09-24T00:00:00.000-0300
3787751,117170085,cloridrato de loperamida,0605418268,PHARMASCIENCE INDUSTRIA FARMACEUTICA S.A,25773037000183,2026-06-19T14:23:41.000-0300,25351459908202452,2026-09-24T00:00:00.000-0300
3661338,125760040,PEMAZYRE,1601657251,UNITED MEDICAL LTDA,68949239000146,2025-12-15T12:19:47.000-0200,25351651818202331,2026-09-24T00:00:00.000-0300
3662218,105350243,Diaglits,0628238266,LABORATÓRIO GLOBO SA,17115437000173,2026-06-25T16:08:33.000-0300,25351561213202359,2026-09-24T00:00:00.000-0300
3778454,101860039,cloridrato de escetamina,0995211264,SANTISA LABORATÓRIO FARMACÊUTICO S/A,04099395000182,2026-09-23T16:13:31.000-0300,25351462554202423,2026-09-24T00:00:00.000-0300
3798359,104971571,etodolaco,0843259264,UNIÃO QUÍMICA FARMACÊUTICA NACIONAL S/A,60665981000118,2026-08-18T10:53:43.000-0300,25351041890202517,2026-09-24T00:00:00.000-0300
3801824,105250126,olmesartana medoxomila + hidroclorotiazida,0803164262,TORRENT DO BRASIL LTDA,33078528000132,2026-08-07T17:07:08.000-0300,25351393719202418,2026-09-24T00:00:00.000-0300
3780490,196240009,nistatina + óxido de zinco,0096159260,KYMBERG FARMACEUTICA DO BRASIL LTDA,43056264000170,2026-01-29T15:36:20.000-0200,25351450248202444,2026-09-24T00:00:00.000-0300
3797979,117170086,CALMLIVE,0744383251,PHARMASCIENCE INDUSTRIA FARMACEUTICA S.A,25773037000183,2025-06-02T15:41:29.000-0300,25351008707202571,2026-09-24T00:00:00.000-0300
3782301,112090143,FUNED INSULINA N,0312478267,FUNDAÇÃO EZEQUIEL DIAS - FUNED,17503475000101,2026-03-31T14:34:25.000-0300,25351005979202510,2026-09-24T00:00:00.000-0300
3779486,116640003,HULIO,0465950264,BIOCON BIOLOGICS DO BRASIL LTDA,38108988000180,2026-05-13T15:49:00.000-0300,25351438605202404,2026-09-24T00:00:00.000-0300
3787769,141070664,SEROQUEL,0127394265,PHARLAB INDÚSTRIA FARMACÊUTICA S.A.,02501297000102,2026-02-06T14:00:29.000-0200,25351456314202490,2026-09-24T00:00:00.000-0300
3779488,174650018,GLICOSE,1256817252,FARMA VISION IMPORTAÇÃO E EXPORTAÇÃO DE MEDICAMENTOS LTDA,09058502000148,2025-09-22T11:55:52.000-0300,25351276787202413,2026-09-24T00:00:00.000-0300
3788904,116640008,INSUNORM N,0450486265,BIOCON BIOLOGICS DO BRASIL LTDA,38108988000180,2026-05-08T15:55:26.000-0300,25351010659202581,2026-09-24T00:00:00.000-0300
3763777,123520296,fenofibrato,0697197263,RANBAXY FARMACÊUTICA LTDA,73663650000190,2026-07-15T09:51:54.000-0300,25351418641202443,2026-09-24T00:00:00.000-0300
3671513,105730064,FRONTLEV,0558270263,ACHÉ LABORATÓRIOS FARMACÊUTICOS S.A,60659463002992,2026-06-08T16:11:51.000-0300,25351415419202316,2026-09-24T00:00:00.000-0300
3794687,100431580,fosfomicina trometamol,0355498260,EUROFARMA LABORATORIOS S.A.,61190096000192,2026-04-13T09:35:59.000-0300,25351032654202518,2026-09-24T00:00:00.000-0300
3791722,103900237,PROIVAS,0741107261,FARMOQUÍMICA S/A,33349473000158,2026-07-24T14:15:43.000-0300,25351005673202563,2026-09-24T00:00:00.000-0300
3800571,189770010,ATACAND,1003523251,BIOPAS BRASIL PRODUTOS FARMACEUTICOS LTDA,31327287000192,2025-08-04T15:34:49.000-0300,25351038641202544,2026-09-24T00:00:00.000-0300
3792025,105350250,dicloridrato de levocetirizina,0614178266,LABORATÓRIO GLOBO SA,17115437000173,2026-06-23T07:47:29.000-0300,25351008498202566,2026-09-24T00:00:00.000-0300
3793048,100431535,MEC 12,1611931258,EUROFARMA LABORATORIOS S.A.,61190096000192,2025-12-17T08:26:56.000-0200,25351426668202418,2026-09-24T00:00:00.000-0300
3792019,125680364,ASAP,0697903265,PRATI DONADUZZI & CIA LTDA,73856593000166,2026-07-15T11:51:52.000-0300,25351322235202486,2026-09-24T00:00:00.000-0300
3797426,135170093,MECOBALAMINA,0585904260,ALTHAIA S.A. INDUSTRIA FARMACEUTICA,48344725000719,2026-06-15T14:46:52.000-0300,25351461243202447,2026-09-24T00:00:00.000-0300
3796058,167730694,ácido tranexâmico,1603997253,LEGRAND PHARMA INDÚSTRIA FARMACÊUTICA LTDA,05044984000126,2025-12-15T16:52:37.000-0200,25351024737202525,2026-09-24T00:00:00.000-0300
413905,143810096,CIMEGRIPE DIA,0355547236,CIMED INDUSTRIA S.A,02814497000107,2023-04-10T12:18:13.000-0300,25351108619200525,2026-09-24T00:00:00.000-0300
3778752,196240010,DEZLORBE,0192385267,KYMBERG FARMACEUTICA DO BRASIL LTDA,43056264000170,2026-02-26T15:29:47.000-0300,25351446005202410,2026-09-24T00:00:00.000-0300
3793815,178170991,AURA,0623057263,COSMED INDUSTRIA DE COSMETICOS E MEDICAMENTOS S.A.,61082426000207,2026-06-24T16:12:10.000-0300,25351007097202599,2026-09-24T00:00:00.000-0300
3783078,105730135,COMB ISO,1419999257,ACHÉ LABORATÓRIOS FARMACÊUTICOS S.A,60659463002992,2025-10-24T10:38:22.000-0300,25351457186202400,2026-09-24T00:00:00.000-0300
3787766,189770009,ZYPREXA,0912345250,BIOPAS BRASIL PRODUTOS FARMACEUTICOS LTDA,31327287000192,2025-07-11T19:18:39.000-0300,25351439116202461,2026-09-24T00:00:00.000-0300
3801418,170420008,Castanha da Índia MCG,0075268264,MCG INDUSTRIA FARMACEUTICA E IMPORTAÇAO LTDA,18755529000180,2026-01-23T15:11:35.000-0200,25351015926202515,2026-09-24T00:00:00.000-0300
3806747,101510136,ANDEMBRY,0964942267,CSL BEHRING COMÉRCIO DE PRODUTOS FARMACÊUTICOS LTDA,62969589000198,2026-09-16T17:59:31.000-0300,25351070949202584,2026-09-24T00:00:00.000-0300
3791640,196240008,DIPBE FLEX,0584025262,KYMBERG FARMACEUTICA DO BRASIL LTDA,43056264000170,2026-06-15T09:41:48.000-0300,25351461417202471,2026-09-24T00:00:00.000-0300
3795197,141070666,AGIIGRIP DUO,0203827261,PHARLAB INDÚSTRIA FARMACÊUTICA S.A.,02501297000102,2026-03-02T16:05:55.000-0300,25351390799202441,2026-09-24T00:00:00.000-0300
3784924,182610023,ZYXOMIB,1628211253,NATCOFARMA DO BRASIL LTDA,08157293000127,2025-12-19T12:58:36.000-0200,25351457976202487,2026-09-24T00:00:00.000-0300
3664239,102440027,PAVBLU,1581729251,AMGEN BIOTECNOLOGIA DO BRASIL LTDA.,18774815000193,2025-12-09T16:41:27.000-0200,25351634247202370,2026-09-24T00:00:00.000-0300
3797929,115410022,SEDECIB,0130538264,CIPLA BRASIL IMPORTADORA E DISTRIBUIDORA DE MEDICAMENTOS LTDA,18268051000164,2026-02-09T10:15:43.000-0200,25351024941202546,2026-09-24T00:00:00.000-0300
3790430,196240011,ALER,0207901261,KYMBERG FARMACEUTICA DO BRASIL LTDA,43056264000170,2026-03-03T13:41:03.000-0300,25351461414202438,2026-09-24T00:00:00.000-0300
3782780,105730116,DODIBE,0205825265,ACHÉ LABORATÓRIOS FARMACÊUTICOS S.A,60659463002992,2026-03-03T08:19:13.000-0300,25351456507202441,2026-09-24T00:00:00.000-0300
3672978,116640011,YESAFILI,0810416263,BIOCON BIOLOGICS DO BRASIL LTDA,38108988000180,2026-08-10T10:15:46.000-0300,25351779152202384,2026-09-24T00:00:00.000-0300
3804791,122140138,VIMADE,1407835254,ADIUM S.A.,55980684000127,2025-10-22T18:35:26.000-0300,25351039721202517,2026-09-24T00:00:00.000-0300
3786363,109740377,LIDEXTRIN,0220540268,BIOLAB SANUS FARMACÊUTICA LTDA,49475833000106,2026-03-05T19:21:50.000-0300,25351432117202485,2026-09-24T00:00:00.000-0300
3625265,100431471,COLTRAX,1444179250,EUROFARMA LABORATORIOS S.A.,61190096000192,2025-10-30T20:10:10.000-0300,25351322708202364,2026-09-24T00:00:00.000-0300
3616462,174200014,CEFAZOLINA SÓDICA,0446302261,EUGIA PHARMA INDUSTRIA FARMACEUTICA LTDA,44639493000180,2026-05-07T17:30:16.000-0300,25351277352202305,2026-09-24T00:00:00.000-0300
3576487,100630279,risperidona,0848202252,INSTITUTO BIOCHIMICO INDÚSTRIA FARMACÊUTICA LTDA,33258401000103,2025-06-28T11:14:15.000-0300,25351599429202214,2026-09-24T00:00:00.000-0300
3566228,112600203,JAYPIRCE,1609982258,ELI LILLY DO BRASIL LTDA,43940618000144,2025-12-16T18:00:15.000-0200,25351424978202228,2026-09-24T00:00:00.000-0300
3614483,110390233,fumarato de tenofovir desoproxila + lamivudina,0860525261,FUNDAÇÃO PARA O REMÉDIO POPULAR - FURP,43640754000119,2026-08-21T11:39:33.000-0300,25351273409202399,2026-09-24T00:00:00.000-0300
3592554,182610024,mesilato de eribulina,0658658263,NATCOFARMA DO BRASIL LTDA,08157293000127,2026-07-03T14:38:28.000-0300,25351033607202311,2026-09-24T00:00:00.000-0300
3562800,100630259,omeprazol,0644223251,INSTITUTO BIOCHIMICO INDÚSTRIA FARMACÊUTICA LTDA,33258401000103,2025-05-13T11:21:39.000-0300,25351406152202287,2026-09-24T00:00:00.000-0300
3553475,155840642,NEOSULIDA,0601756266,BRAINFARMA INDÚSTRIA QUÍMICA E FARMACÊUTICA S.A,05161069000110,2026-06-18T16:50:28.000-0300,25351357384202113,2026-09-24T00:00:00.000-0300
3576503,100630282,fenobarbital,0848089251,INSTITUTO BIOCHIMICO INDÚSTRIA FARMACÊUTICA LTDA,33258401000103,2025-06-28T08:54:31.000-0300,25351599422202294,2026-09-24T00:00:00.000-0300
3645386,100470657,ANAFRANIL,0981293263,SANDOZ DO BRASIL INDÚSTRIA FARMACÊUTICA LTDA,61286647000116,2026-09-21T11:09:07.000-0300,25351394944202382,2026-09-24T00:00:00.000-0300
3589673,156510128,SILIMALON VITA E,0455860262,ZYDUS NIKKHO FARMACÊUTICA LTDA,05254971000181,2026-05-11T16:09:36.000-0300,25351671016202266,2026-09-24T00:00:00.000-0300
3600137,186420002,TEVIMBRA,0555342263,BEONE MEDICINES BRASIL LTDA,30763301000308,2026-06-08T09:09:13.000-0300,25351094823202333,2026-09-24T00:00:00.000-0300
3557019,118190379,NARATANO,1588953254,MULTILAB INDUSTRIA E COMERCIO DE PRODUTOS FARMACEUTICOS LTDA,92265552000905,2025-12-11T10:56:12.000-0200,25351884270202141,2026-09-24T00:00:00.000-0300
3561754,151430071,SUZOPA,0298110261,DR. REDDYS FARMACÊUTICA DO BRASIL LTDA,03978166000175,2026-03-27T11:33:09.000-0300,25351175161202211,2026-09-24T00:00:00.000-0300
3605798,103920222,ibuprofeno,0171465261,VITAMEDIC INDUSTRIA FARMACEUTICA LTDA,30222814000131,2026-02-20T16:29:22.000-0200,25351080692202315,2026-09-24T00:00:00.000-0300
3638202,139000010,OWOZY,0905683269,ÁVITA CARE IMPORTAÇÃO E DISTRIBUIÇÃO DE PRODUTOS LTDA.,31203582000137,2026-09-01T15:41:26.000-0300,25351490762202331,2026-09-24T00:00:00.000-0300
3549744,105730022,DROALFA,0857639234,ACHÉ LABORATÓRIOS FARMACÊUTICOS S.A,60659463002992,2023-08-15T15:44:24.000-0300,25351319224202257,2026-09-24T00:00:00.000-0300
3616465,100470666,Wyost,0656834269,SANDOZ DO BRASIL INDÚSTRIA FARMACÊUTICA LTDA,61286647000116,2026-07-03T07:41:42.000-0300,25351255276202379,2026-09-24T00:00:00.000-0300
3646330,155840668,telmisartana + hidroclorotiazida,0599416262,BRAINFARMA INDÚSTRIA QUÍMICA E FARMACÊUTICA S.A,05161069000110,2026-06-18T10:40:07.000-0300,25351530547202381,2026-09-24T00:00:00.000-0300
3606343,144930066,bromoprida,0879731265,AIRELA INDÚSTRIA FARMACÊUTICA LTDA.,01858973000129,2026-08-26T09:48:02.000-0300,25351106785202379,2026-09-24T00:00:00.000-0300
3614005,103700786,lacosamida,0439266262,LABORATÓRIO TEUTO BRASILEIRO S/A,17159229000176,2026-05-06T10:27:04.000-0300,25351242410202371,2026-09-24T00:00:00.000-0300
1189598,137640166,DECA-DURABOLIN,0418193266,ASPEN PHARMA INDÚSTRIA FARMACÊUTICA LTDA,02433631000120,2026-04-29T15:35:03.000-0300,25351243617201749,2026-09-24T00:00:00.000-0300
3625973,100431473,fosfato sódico de prednisolona,0727597264,EUROFARMA LABORATORIOS S.A.,61190096000192,2026-07-22T10:02:12.000-0300,25351322996202357,2026-09-24T00:00:00.000-0300
3616095,113430219,cloridrato de escetamina,0759890242,HIPOLABOR FARMACEUTICA LTDA,19570720000110,2024-06-06T14:34:16.000-0300,25351310975202399,2026-09-24T00:00:00.000-0300
3563258,118190431,oxalato de escitalopram,1044133252,MULTILAB INDUSTRIA E COMERCIO DE PRODUTOS FARMACEUTICOS LTDA,92265552000905,2025-08-12T16:00:06.000-0300,25351065494202232,2026-09-24T00:00:00.000-0300
3624944,186200002,COLÍRIO MOURA BRASIL,0637859251,OPELLA HEALTHCARE BRAZIL LTDA,38391432000143,2025-05-12T11:51:11.000-0300,25351303472202367,2026-09-24T00:00:00.000-0300
3654039,173100008,LEQEMBI,0207345261,EISAI LABORATÓRIOS LTDA,08416362000170,2026-03-03T11:51:58.000-0300,25351643191202344,2026-09-24T00:00:00.000-0300
3580668,103920215,cloridrato de metformina,1174968257,VITAMEDIC INDUSTRIA FARMACEUTICA LTDA,30222814000131,2025-09-03T16:36:44.000-0300,25351634372202207,2026-09-24T00:00:00.000-0300
3607659,155840676,rivaroxabana,0598613269,BRAINFARMA INDÚSTRIA QUÍMICA E FARMACÊUTICA S.A,05161069000110,2026-06-18T08:37:58.000-0300,25351203381202322,2026-09-24T00:00:00.000-0300
3652229,157211210,NICORETTE,0405199261,KENVUE LTDA.,59748988000114,2026-04-27T11:00:39.000-0300,25351464677202318,2026-09-24T00:00:00.000-0300
3585629,116370193,OXA-PLATIN,0005036267,BLAU FARMACÊUTICA S.A.,58430828000160,2026-01-05T13:54:29.000-0200,25351659900202222,2026-09-24T00:00:00.000-0300
3616830,174200016,CEFTRIAXONA SÓDICA,0524637261,EUGIA PHARMA INDUSTRIA FARMACEUTICA LTDA,44639493000180,2026-05-28T09:15:12.000-0300,25351278645202300,2026-09-24T00:00:00.000-0300
3590830,105350257,GLOBONAXX,0591560267,LABORATÓRIO GLOBO SA,17115437000173,2026-06-16T15:12:18.000-0300,25351662859202271,2026-09-24T00:00:00.000-0300
3612434,178170951,OLZICAR ANLO,0601586263,COSMED INDUSTRIA DE COSMETICOS E MEDICAMENTOS S.A.,61082426000207,2026-06-18T16:14:37.000-0300,25351274698202262,2026-09-24T00:00:00.000-0300
3616828,100470654,ACLASTA,0660574268,SANDOZ DO BRASIL INDÚSTRIA FARMACÊUTICA LTDA,61286647000116,2026-07-03T18:46:34.000-0300,25351275153202354,2026-09-24T00:00:00.000-0300
3553780,118190372,PREDNISONA,1058872257,MULTILAB INDUSTRIA E COMERCIO DE PRODUTOS FARMACEUTICOS LTDA,92265552000905,2025-08-13T16:05:04.000-0300,25351065423202230,2026-09-24T00:00:00.000-0300
3627371,100431492,AFETUS,0247746266,EUROFARMA LABORATORIOS S.A.,61190096000192,2026-03-13T09:50:06.000-0300,25351397561202366,2026-09-24T00:00:00.000-0300
3618359,105831034,desloratadina,0073496260,GERMED FARMACEUTICA LTDA,45992062000165,2026-01-23T10:37:41.000-0200,25351305651202339,2026-09-24T00:00:00.000-0300
3594195,174200003,meropenem,0109941268,EUGIA PHARMA INDUSTRIA FARMACEUTICA LTDA,44639493000180,2026-02-03T11:14:44.000-0200,25351029017202394,2026-09-24T00:00:00.000-0300
3565662,100431514,NIMUS BETA,0070963266,EUROFARMA LABORATORIOS S.A.,61190096000192,2026-01-22T17:08:30.000-0200,25351328417202118,2026-09-24T00:00:00.000-0300
3626035,101430073,COMPLEXO SENNA ALMEIDA PRADO Nº 46,1601285256,MEGALABS FARMACEUTICA S.A.,33026055000120,2025-12-15T11:31:31.000-0200,25351333883202387,2026-09-24T00:00:00.000-0300
3625646,192160006,Omlyclo,0624418260,CELLTRION HEALTHCARE DISTRIBUICAO DE PRODUTOS FARMACEUTICOS DOS BRASIL LTDA,05452889000161,2026-06-25T05:31:55.000-0300,25351406778202374,2026-09-24T00:00:00.000-0300
3565651,118190474,TORVILIP,0238756262,MULTILAB INDUSTRIA E COMERCIO DE PRODUTOS FARMACEUTICOS LTDA,92265552000905,2026-03-11T14:46:24.000-0300,25351068255202234,2026-09-24T00:00:00.000-0300
3544019,118190341,ARACOR ANLO,1525191250,MULTILAB INDUSTRIA E COMERCIO DE PRODUTOS FARMACEUTICOS LTDA,92265552000905,2025-11-24T15:12:01.000-0200,25351063052202251,2026-09-24T00:00:00.000-0300
3652318,157211212,REACTINE,1603201254,KENVUE LTDA.,59748988000114,2025-12-15T15:10:00.000-0200,25351464741202361,2026-09-24T00:00:00.000-0300
1392285,103700742,Cloridrato de fexofenadina,0388251263,LABORATÓRIO TEUTO BRASILEIRO S/A,17159229000176,2026-04-22T10:59:05.000-0300,25351388078201912,2026-09-24T00:00:00.000-0300
1512100,110630153,dolutegravir sódico,0642034265,FUNDAÇÃO OSWALDO CRUZ,33781055000135,2026-06-30T12:01:02.000-0300,25351693841202050,2026-09-24T00:00:00.000-0300
1404553,112780082,AGOXOM,0235602264,LABORATÓRIOS SERVIER DO BRASIL LTDA,42374207000176,2026-03-10T15:42:30.000-0300,25351505467201919,2026-09-24T00:00:00.000-0300
3602487,101070366,AREXVY,0812867262,GLAXOSMITHKLINE BRASIL LTDA,33247743000110,2026-08-10T16:47:20.000-0300,25351099358202327,2026-09-24T00:00:00.000-0300
1392990,141070630,succinato de metoprolol,1450672230,PHARLAB INDÚSTRIA FARMACÊUTICA S.A.,02501297000102,2023-12-20T12:54:35.000-0200,25351711344201915,2026-09-24T00:00:00.000-0300
3163027,178170921,PICBAM,0605110263,COSMED INDUSTRIA DE COSMETICOS E MEDICAMENTOS S.A.,61082426000207,2026-06-19T13:18:39.000-0300,25351042786202116,2026-09-24T00:00:00.000-0300
1418608,100681174,Zolgensma,0569295262,NOVARTIS BIOCIENCIAS S.A,56994502000130,2026-06-10T16:39:51.000-0300,25351030622202065,2026-09-24T00:00:00.000-0300
1367022,167730631,montelucaste de sódio,0529895269,LEGRAND PHARMA INDÚSTRIA FARMACÊUTICA LTDA,05044984000126,2026-05-29T11:21:40.000-0300,25351248889201973,2026-09-24T00:00:00.000-0300
1358168,103720289,TAM,0970448261,SUPERA FARMA LABORATÓRIOS S.A,43312503000105,2026-09-17T16:56:37.000-0300,25351398968201924,2026-09-24T00:00:00.000-0300
1412561,171260006,NEOPROFEN,1653346256,RECORDATI RARE DISEASES COMÉRCIO DE MEDICAMENTOS LTDA - ME,53056057000179,2025-12-29T16:52:11.000-0200,25351447952202096,2026-09-24T00:00:00.000-0300
1461863,103720297,TROL,0238532267,SUPERA FARMA LABORATÓRIOS S.A,43312503000105,2026-03-11T14:15:15.000-0300,25351591218202063,2026-09-24T00:00:00.000-0300
1645342,105830986,EUTYMIA XL,1594675252,GERMED FARMACEUTICA LTDA,45992062000165,2025-12-12T16:26:50.000-0200,25351924683202095,2026-09-24T00:00:00.000-0300
1577352,141070645,rosuvastatina cálcica,0327420260,PHARLAB INDÚSTRIA FARMACÊUTICA S.A.,02501297000102,2026-04-06T14:36:06.000-0300,25351013384202023,2026-09-24T00:00:00.000-0300
1618504,178170917,VABAM,0594701261,COSMED INDUSTRIA DE COSMETICOS E MEDICAMENTOS S.A.,61082426000207,2026-06-17T10:15:58.000-0300,25351311801202009,2026-09-24T00:00:00.000-0300
1642070,100470649,pirfenidona,0936550252,SANDOZ DO BRASIL INDÚSTRIA FARMACÊUTICA LTDA,61286647000116,2025-07-18T16:53:03.000-0300,25351359511202038,2026-09-24T00:00:00.000-0300
1645919,115600249,KEDAXYL,0260191264,CIFARMA CIENTÍFICA FARMACÊUTICA LTDA,17562075000169,2026-03-17T12:51:39.000-0300,25351359909202074,2026-09-24T00:00:00.000-0300
1642050,167730684,BRIXAG,0196028264,LEGRAND PHARMA INDÚSTRIA FARMACÊUTICA LTDA,05044984000126,2026-02-27T11:52:39.000-0300,25351360592202019,2026-09-24T00:00:00.000-0300
1645447,155370112,BYCAL 150,1172818258,ACCORD FARMACÊUTICA LTDA,64171697000146,2025-09-03T10:08:59.000-0300,25351369734202011,2026-09-24T00:00:00.000-0300
1172798,100410163,Kabipamol,0765610264,FRESENIUS KABI BRASIL LTDA,49324221000104,2026-07-30T15:00:18.000-0300,25351295550201772,2026-09-24T00:00:00.000-0300
1410256,191290003,LENZETTO,1579480250,"GEDEON RICHTER DO BRASIL IMPORTADORA, EXPORTADORA E DISTRIBUIDORA S.A.",12134906000269,2025-12-09T10:06:08.000-0200,25351386500202021,2026-09-24T00:00:00.000-0300
70005,103110020,"SOLUÇÃO DE BICARBONATO DE SÓDIO 8,4% HALEX ISTAR",1312441259,HALEX ISTAR INDÚSTRIA FARMACÊUTICA SA,01571702000198,2025-10-01T17:12:18.000-0300,2500100002881,2026-09-24T00:00:00.000-0300
1518116,100890414,TEPMETKO,0752791265,MERCK S/A,33069212000184,2026-07-28T11:25:54.000-0300,25351997435202063,2026-09-24T00:00:00.000-0300
1401722,155370105,succinato de solifenacina,0184097240,ACCORD FARMACÊUTICA LTDA,64171697000146,2024-02-16T13:11:48.000-0200,25351208462202076,2026-09-24T00:00:00.000-0300
1369787,105830964,aciclovir,1593230257,GERMED FARMACEUTICA LTDA,45992062000165,2025-12-12T10:48:21.000-0200,25351435656201917,2026-09-24T00:00:00.000-0300
1409454,155370094,daptomicina,1485798256,ACCORD FARMACÊUTICA LTDA,64171697000146,2025-11-11T17:34:30.000-0200,25351380285202054,2026-09-24T00:00:00.000-0300
3651011,157211204,BENALET,1603836250,KENVUE LTDA.,59748988000114,2025-12-15T16:10:56.000-0200,25351464201202387,2026-09-24T00:00:00.000-0300
1656711,102351358,hemitartarato de zolpidem,0265093261,EMS S/A,57507378000365,2026-03-18T10:34:46.000-0300,25351779251202013,2026-09-24T00:00:00.000-0300
1393872,185690012,AZELAN,0482919264,LEO PHARMA LTDA,11424477000110,2026-05-18T16:37:36.000-0300,25351711131201985,2026-09-24T00:00:00.000-0300
1418886,138400003,ORFADIN,1112528245,INNOVATIVE MEDICINES BRASIL SP DISTRIBUICAO DE MEDICAMENTOS LTDA,21810980000168,2024-08-14T12:12:18.000-0300,25351439741202080,2026-09-24T00:00:00.000-0300
1450562,104971447,SUCROFER,0322834261,UNIÃO QUÍMICA FARMACÊUTICA NACIONAL S/A,60665981000118,2026-04-02T16:23:19.000-0300,25351617376202051,2026-09-24T00:00:00.000-0300
3553167,104971550,CLINBACTER,0363616268,UNIÃO QUÍMICA FARMACÊUTICA NACIONAL S/A,60665981000118,2026-04-14T16:03:32.000-0300,25351335635202290,2026-09-24T00:00:00.000-0300
1463882,111040002,HC - GLICORAD,4125353212,HOSPITAL DAS CLINICAS DA FACULDADE DE MEDICINA DA USP,60448040000122,2021-10-19T09:30:17.000-0300,25351763812202062,2026-09-24T00:00:00.000-0300
1496935,106390293,HYQVIA,1157260250,TAKEDA PHARMA LTDA.,60397775000174,2025-08-29T08:55:24.000-0300,25351779242202022,2026-09-24T00:00:00.000-0300
1618443,104810163,ONEGRIPE,0239699262,1FARMA INDUSTRIA FARMACEUTICA LTDA,48113906000149,2026-03-11T17:08:44.000-0300,25351702254202069,2026-09-24T00:00:00.000-0300
1419393,115600219,POSLOV,1454007257,CIFARMA CIENTÍFICA FARMACÊUTICA LTDA,17562075000169,2025-11-03T16:32:19.000-0200,25351143962202055,2026-09-24T00:00:00.000-0300
1341003,102351306,CONCÁRDIO,0966337255,EMS S/A,57507378000365,2025-07-24T14:12:56.000-0300,25351350929201946,2026-09-24T00:00:00.000-0300
1409457,100431312,sulfato de hidroxicloroquina,0081905262,EUROFARMA LABORATORIOS S.A.,61190096000192,2026-01-26T18:05:48.000-0200,25351385204202011,2026-09-24T00:00:00.000-0300
1337561,154230295,cloridrato de moxifloxacino,0272761265,GEOLAB INDÚSTRIA FARMACÊUTICA S/A,03485572000104,2026-03-19T18:07:21.000-0300,25351000364201707,2026-09-24T00:00:00.000-0300
1477372,109650003,azitromicina di-hidratada,1485547253,MANDALA BRASIL IMPORTAÇÃO E DISTRIBUIÇÃO DE PRODUTO MÉDICO HOSPITALAR LTDA,09117476000181,2025-11-11T16:00:06.000-0200,25351877781202026,2026-09-24T00:00:00.000-0300
1499972,105350226,SCAFLOGIN GOTAS,0625370261,LABORATÓRIO GLOBO SA,17115437000173,2026-06-25T10:24:12.000-0300,25351933753202004,2026-09-24T00:00:00.000-0300
1642091,155620062,sulfato de polimixina B,0630726264,ANTIBIÓTICOS DO BRASIL LTDA,05439635000103,2026-06-26T09:57:24.000-0300,25351359613202053,2026-09-24T00:00:00.000-0300
1351199,121100466,SUTENT,1541659252,PFIZER BRASIL LTDA,61072393000133,2025-11-28T08:24:35.000-0200,25351421905201989,2026-09-24T00:00:00.000-0300
139332,101550228,VECASTEN,1570392251,MARJAN INDÚSTRIA E COMÉRCIO LTDA,60726692000181,2025-12-05T12:35:09.000-0200,25351168662200205,2026-09-24T00:00:00.000-0300
1364796,137640180,MAGNESIA BISURADA,1603617256,ASPEN PHARMA INDÚSTRIA FARMACÊUTICA LTDA,02433631000120,2025-12-15T15:39:27.000-0200,25351565545201926,2026-09-24T00:00:00.000-0300
1388588,154230327,SENSILACRI,1024607259,GEOLAB INDÚSTRIA FARMACÊUTICA S/A,03485572000104,2025-08-09T09:55:39.000-0300,25351000590202073,2026-09-24T00:00:00.000-0300
1459145,105730754,TORMIV SL,0658167260,ACHÉ LABORATÓRIOS FARMACÊUTICOS S.A,60659463002992,2026-07-03T12:10:24.000-0300,25351270863202045,2026-09-24T00:00:00.000-0300
1382840,100431294,acetilcisteína,0980468264,EUROFARMA LABORATORIOS S.A.,61190096000192,2026-09-21T08:26:10.000-0300,25351533509201901,2026-09-24T00:00:00.000-0300
2798604,135170074,hemitartarato de zolpidem,0113869266,ALTHAIA S.A. INDUSTRIA FARMACEUTICA,48344725000719,2026-02-04T08:24:20.000-0200,25351880155202106,2026-09-24T00:00:00.000-0300
3404861,116370184,PIPERAZAM,0525347267,BLAU FARMACÊUTICA S.A.,58430828000160,2026-05-28T11:48:16.000-0300,25351097229202213,2026-09-24T00:00:00.000-0300
3407827,154230355,pregabalina,0267993269,GEOLAB INDÚSTRIA FARMACÊUTICA S/A,03485572000104,2026-03-18T17:31:11.000-0300,25351083066202291,2026-09-24T00:00:00.000-0300
3417530,118190325,travoprosta,4989000226,MULTILAB INDUSTRIA E COMERCIO DE PRODUTOS FARMACEUTICOS LTDA,92265552000905,2022-11-29T07:58:50.000-0200,25351065378202213,2026-09-24T00:00:00.000-0300
2763400,154230325,paracetamol + carisoprodol + diclofenaco sódico + cafeína,1121052240,GEOLAB INDÚSTRIA FARMACÊUTICA S/A,03485572000104,2024-08-15T16:01:52.000-0300,25351781287202148,2026-09-24T00:00:00.000-0300
3365019,118190286,Divalproato de sódio,0131840266,MULTILAB INDUSTRIA E COMERCIO DE PRODUTOS FARMACEUTICOS LTDA,92265552000905,2026-02-09T14:45:32.000-0200,25351062999202245,2026-09-24T00:00:00.000-0300
2826251,155840657,maleato de bronfeniramina + cloridrato de fenilefrina,0566695260,BRAINFARMA INDÚSTRIA QUÍMICA E FARMACÊUTICA S.A,05161069000110,2026-06-10T10:06:44.000-0300,25351085145202156,2026-09-24T00:00:00.000-0300
2971804,100290218,CERAZETTE,1606117254,ORGANON FARMACÊUTICA LTDA.,45987013000134,2025-12-16T10:02:24.000-0200,25351397470202169,2026-09-24T00:00:00.000-0300
2917294,141070639,DECNAZOL,0399108262,PHARLAB INDÚSTRIA FARMACÊUTICA S.A.,02501297000102,2026-04-24T14:09:47.000-0300,25351769782202189,2026-09-24T00:00:00.000-0300
3197975,115240013,NORIPURUM,0882536265,BLANVER FARMOQUIMICA E FARMACEUTICA S.A.,53359824000119,2026-08-26T16:36:36.000-0300,25351081008202142,2026-09-24T00:00:00.000-0300
3616460,135170069,ENJOVIX FLASH,0030754267,ALTHAIA S.A. INDUSTRIA FARMACEUTICA,48344725000719,2026-01-12T14:32:09.000-0200,25351189415202369,2026-09-24T00:00:00.000-0300
3188629,112363440,TECVAYLI,0927389266,JANSSEN-CILAG FARMACÊUTICA LTDA,51780468000187,2026-09-08T08:59:05.000-0300,25351125921202249,2026-09-24T00:00:00.000-0300
3389336,104971493,MICROVLAR,0288213254,UNIÃO QUÍMICA FARMACÊUTICA NACIONAL S/A,60665981000118,2025-02-28T13:20:06.000-0300,25351271305202269,2026-09-24T00:00:00.000-0300
2826468,100431405,ALURAX,0065101260,EUROFARMA LABORATORIOS S.A.,61190096000192,2026-01-21T14:49:05.000-0200,25351227143202141,2026-09-24T00:00:00.000-0300
2922755,154230350,DORAGEO,0269752269,GEOLAB INDÚSTRIA FARMACÊUTICA S/A,03485572000104,2026-03-19T08:44:11.000-0300,25351002050202296,2026-09-24T00:00:00.000-0300
3546116,118190346,MALEATO DE ENALAPRIL,0987662252,MULTILAB INDUSTRIA E COMERCIO DE PRODUTOS FARMACEUTICOS LTDA,92265552000905,2025-07-30T16:00:08.000-0300,25351065395202251,2026-09-24T00:00:00.000-0300
2798465,104971513,ONDSET ODT,0224487248,UNIÃO QUÍMICA FARMACÊUTICA NACIONAL S/A,60665981000118,2024-02-26T13:00:55.000-0300,25351898636202160,2026-09-24T00:00:00.000-0300
3024557,103700790,SIMBEVA,0493454268,LABORATÓRIO TEUTO BRASILEIRO S/A,17159229000176,2026-05-20T15:52:39.000-0300,25351025852202193,2026-09-24T00:00:00.000-0300
3193450,104971488,valerato de betametasona + sulfato de gentamicina + tolnaftato + clioquinol,1337683256,UNIÃO QUÍMICA FARMACÊUTICA NACIONAL S/A,60665981000118,2025-10-08T08:18:37.000-0300,25351187890202210,2026-09-24T00:00:00.000-0300
3193877,101860036,dipirona,0951047264,SANTISA LABORATÓRIO FARMACÊUTICO S/A,04099395000182,2026-09-14T09:55:47.000-0300,25351096733202204,2026-09-24T00:00:00.000-0300
2788522,102351434,apixabana,0243283261,EMS S/A,57507378000365,2026-03-12T14:11:38.000-0300,25351856002202130,2026-09-24T00:00:00.000-0300
3191452,183260487,apixabana,0042824265,SANOFI MEDLEY FARMACÊUTICA LTDA.,10588595001092,2026-01-15T08:19:24.000-0200,25351035604202151,2026-09-24T00:00:00.000-0300
3373218,113430213,PREDNISONA,0590675265,HIPOLABOR FARMACEUTICA LTDA,19570720000110,2026-06-16T13:45:45.000-0300,25351125807202219,2026-09-24T00:00:00.000-0300
2762521,183260498,cloridrato de trazodona,1616053259,SANOFI MEDLEY FARMACÊUTICA LTDA.,10588595001092,2025-12-17T15:34:56.000-0200,25351762707202197,2026-09-24T00:00:00.000-0300
2791986,116180295,TEZSPIRE,0147876265,ASTRAZENECA DO BRASIL LTDA,60318797000100,2026-02-12T17:32:45.000-0200,25351613893202131,2026-09-24T00:00:00.000-0300
3207902,155840625,levetiracetam,0583722261,BRAINFARMA INDÚSTRIA QUÍMICA E FARMACÊUTICA S.A,05161069000110,2026-06-15T09:11:01.000-0300,25351963904202121,2026-09-24T00:00:00.000-0300
3210733,100470645,ZINNAT,0656898267,SANDOZ DO BRASIL INDÚSTRIA FARMACÊUTICA LTDA,61286647000116,2026-07-03T08:09:50.000-0300,25351080361202113,2026-09-24T00:00:00.000-0300
2809737,165070030,FOPITANT,1685772242,Camber Farmaceutica Ltda,24633934000129,2024-12-10T10:48:54.000-0200,25351921897202191,2026-09-24T00:00:00.000-0300
2851417,102351430,levetiracetam,0222607262,EMS S/A,57507378000365,2026-03-06T11:11:10.000-0300,25351008319202167,2026-09-24T00:00:00.000-0300
2904840,103700793,ULCTAM,1275399240,LABORATÓRIO TEUTO BRASILEIRO S/A,17159229000176,2024-09-17T09:05:59.000-0300,25351052271202124,2026-09-24T00:00:00.000-0300
2926004,100290216,SANDRENA,1620058251,ORGANON FARMACÊUTICA LTDA.,45987013000134,2025-12-18T11:07:26.000-0200,25351373722202164,2026-09-24T00:00:00.000-0300
3543145,100431523,cloridrato de fexofenadina,1032814250,EUROFARMA LABORATORIOS S.A.,61190096000192,2025-08-11T20:55:25.000-0300,25351205535202230,2026-09-24T00:00:00.000-0300
2769449,173590007,ILLUCCIX,0959885269,MJM PRODUTOS FARMACEUTICOS E DE RADIOPROTECAO S.A.,04891262000144,2026-09-15T17:27:24.000-0300,25351527587202183,2026-09-24T00:00:00.000-0300
2983475,103900229,FUMAGUM,1463337256,FARMOQUÍMICA S/A,33349473000158,2025-11-05T12:13:03.000-0200,25351732802202166,2026-09-24T00:00:00.000-0300
2700728,155370115,enzalutamida,0313398267,ACCORD FARMACÊUTICA LTDA,64171697000146,2026-03-31T17:07:53.000-0300,25351433159202191,2026-09-24T00:00:00.000-0300
2820234,193040003,IMUNOGLOBULINA HUMANA HEMOBRÁS,0843437260,EMPRESA BRASILEIRA DE HEMODERIVADOS E BIOTECNOLOGIA,07607851000146,2026-08-18T11:18:11.000-0300,25351704088202116,2026-09-24T00:00:00.000-0300
2964867,101710229,JANUVIA,1429387254,MERCK SHARP & DOHME FARMACEUTICA LTDA.,03560974000118,2025-10-28T09:44:54.000-0300,25351357203202159,2026-09-24T00:00:00.000-0300
3210682,155370118,fampridina,1586092251,ACCORD FARMACÊUTICA LTDA,64171697000146,2025-12-10T16:29:42.000-0200,25351262854202242,2026-09-24T00:00:00.000-0300
3374199,116370180,ácido clavulânico + amoxicilina,0405847262,BLAU FARMACÊUTICA S.A.,58430828000160,2026-04-27T12:23:10.000-0300,25351540688202221,2026-09-24T00:00:00.000-0300
3374250,100431439,dipropionato de betametasona + sulfato de gentamicina,1622768256,EUROFARMA LABORATORIOS S.A.,61190096000192,2025-12-18T16:36:31.000-0200,25351544437202215,2026-09-24T00:00:00.000-0300
2758673,100431387,CITTÀ,0804032246,EUROFARMA LABORATORIOS S.A.,61190096000192,2024-06-14T19:22:50.000-0300,25351111774202149,2026-09-24T00:00:00.000-0300
2569184,103700787,OPPY,0508947260,LABORATÓRIO TEUTO BRASILEIRO S/A,17159229000176,2026-05-25T10:15:15.000-0300,25351228111202162,2026-09-24T00:00:00.000-0300
3452666,109740363,benfotiamina,1624966250,BIOLAB SANUS FARMACÊUTICA LTDA,49475833000106,2025-12-18T18:10:37.000-0200,25351117059202209,2026-09-24T00:00:00.000-0300
2845150,100290213,NUVARING,1608973255,ORGANON FARMACÊUTICA LTDA.,45987013000134,2025-12-16T15:11:39.000-0200,25351362098202170,2026-09-24T00:00:00.000-0300
3188653,104971484,VITAMINA D3,0674003250,UNIÃO QUÍMICA FARMACÊUTICA NACIONAL S/A,60665981000118,2025-05-19T17:57:13.000-0300,25351096193202170,2026-09-24T00:00:00.000-0300
3417866,103870085,HYPORIDROL,0198404255,HYPOFARMA - INSTITUTO DE HYPODERMIA E FARMÁCIA LTDA,17174657000178,2025-02-12T11:05:46.000-0200,25351083113202205,2026-09-24T00:00:00.000-0300
3764659,105040053,CASTANHA DA ÍNDIA LABORATÓRIOS OSÓRIO DE MORAES,1723943240,LABORATÓRIOS OSÓRIO DE MORAES LTDA,19791813000175,2024-12-17T15:38:55.000-0200,25351065847202466,2026-09-24T00:00:00.000-0300
3704132,117660045,ALHEMO®,0378020269,NOVO NORDISK FARMACÊUTICA DO BRASIL LTDA,82277955000155,2026-04-17T10:52:19.000-0300,25351209991202411,2026-09-24T00:00:00.000-0300
3680557,112780093,VORANIGO,1516776259,LABORATÓRIOS SERVIER DO BRASIL LTDA,42374207000176,2025-11-19T21:18:39.000-0200,25351908332202461,2026-09-24T00:00:00.000-0300
3731720,100380114,EXPULSATOX,0192579266,BRASTERAPICA PHARMACEUTICA LTDA.,46179008000168,2026-02-26T15:54:18.000-0300,25351857514202385,2026-09-24T00:00:00.000-0300
3683382,110360269,OSELGUARD,0066125260,HEMAFARMA COM E IND FARMACEUTICA LTDA,30332829000152,2026-01-21T17:48:42.000-0200,25351942073202405,2026-09-24T00:00:00.000-0300
3770385,135170096,empagliflozina,0662192265,ALTHAIA S.A. INDUSTRIA FARMACEUTICA,48344725000719,2026-07-06T08:56:14.000-0300,25351449859202440,2026-09-24T00:00:00.000-0300
3676950,155370139,lenalidomida,0740311263,ACCORD FARMACÊUTICA LTDA,64171697000146,2026-07-24T11:42:25.000-0300,25351858400202352,2026-09-24T00:00:00.000-0300
3659547,155730069,COXDUO,1278843248,TEVA FARMACÊUTICA LTDA.,05333542000108,2024-09-17T13:37:59.000-0300,25351433277202280,2026-09-24T00:00:00.000-0300
3729787,117660042,POVIZTRA,0455884269,NOVO NORDISK FARMACÊUTICA DO BRASIL LTDA,82277955000155,2026-05-11T16:16:20.000-0300,25351359093202411,2026-09-24T00:00:00.000-0300
3761769,105730096,drospirenona + etinilestradiol,0609942263,ACHÉ LABORATÓRIOS FARMACÊUTICOS S.A,60659463002992,2026-06-22T11:26:04.000-0300,25351418640202407,2026-09-24T00:00:00.000-0300
3709483,183260504,pantoprazol sódico sesqui-hidratado,0876034261,SANOFI MEDLEY FARMACÊUTICA LTDA.,10588595001092,2026-08-25T14:43:10.000-0300,25351166643202441,2026-09-24T00:00:00.000-0300
3698319,104540196,DATROWAY,0856770264,DAIICHI SANKYO BRASIL FARMACÊUTICA LTDA,60874187000184,2026-08-20T15:58:26.000-0300,25351140777202432,2026-09-24T00:00:00.000-0300
3697543,102351453,FOLAVIVE,0628199261,EMS S/A,57507378000365,2026-06-25T16:07:53.000-0300,25351866990202397,2026-09-24T00:00:00.000-0300
3727820,100431522,LIND,0264727266,EUROFARMA LABORATORIOS S.A.,61190096000192,2026-03-18T09:40:54.000-0300,25351314226202411,2026-09-24T00:00:00.000-0300
3727821,100431518,LISDEV,0264812263,EUROFARMA LABORATORIOS S.A.,61190096000192,2026-03-18T09:54:00.000-0300,25351103855202418,2026-09-24T00:00:00.000-0300
3727822,103720316,DEKSA,0321149262,SUPERA FARMA LABORATÓRIOS S.A,43312503000105,2026-04-02T10:38:28.000-0300,25351094517202488,2026-09-24T00:00:00.000-0300
3664801,100431545,cloridrato de buspirona,0137685262,EUROFARMA LABORATORIOS S.A.,61190096000192,2026-02-10T15:42:08.000-0200,25351755384202347,2026-09-24T00:00:00.000-0300
3702502,146820115,SUNAM,0152153268,SUN FARMACÊUTICA DO BRASIL LTDA,05035244000123,2026-02-13T16:00:40.000-0200,25351064271202410,2026-09-24T00:00:00.000-0300
3747844,188300113,dexlansoprazol,0953647269,VIATRIS FARMACEUTICA DO BRASIL LTDA,11643096000122,2026-09-14T15:42:17.000-0300,25351401097202409,2026-09-24T00:00:00.000-0300
3680491,116640009,YESINTEK,0747529264,BIOCON BIOLOGICS DO BRASIL LTDA,38108988000180,2026-07-27T14:13:07.000-0300,25351880215202344,2026-09-24T00:00:00.000-0300
3763872,115240023,NEULEPTIL,0445981253,BLANVER FARMOQUIMICA E FARMACEUTICA S.A.,53359824000119,2025-04-01T16:43:22.000-0300,25351392253202425,2026-09-24T00:00:00.000-0300
3712175,176780003,BEYONTTRA,0520199260,GLOBAL REGULATORY PARTNERS BRASIL LTDA,29190430000103,2026-05-27T11:57:28.000-0300,25351225339202443,2026-09-24T00:00:00.000-0300
3743554,167730691,MUCOS EXPEC,0633333263,LEGRAND PHARMA INDÚSTRIA FARMACÊUTICA LTDA,05044984000126,2026-06-26T17:00:17.000-0300,25351385468202490,2026-09-24T00:00:00.000-0300
3709105,103700794,telmisartana + hidroclorotiazida,0186265263,LABORATÓRIO TEUTO BRASILEIRO S/A,17159229000176,2026-02-25T12:01:03.000-0300,25351140055202488,2026-09-24T00:00:00.000-0300
3735680,101180662,LECZA XR,0591059266,APSEN FARMACEUTICA S/A,62462015000129,2026-06-16T14:43:28.000-0300,25351416745202332,2026-09-24T00:00:00.000-0300
3751116,105710176,cloridrato de sertralina,0283216255,BELFAR LTDA,18324343000177,2025-02-27T19:29:24.000-0300,25351361847202494,2026-09-24T00:00:00.000-0300
3743946,121100500,ATGAM,1511981253,PFIZER BRASIL LTDA,61072393000133,2025-11-19T00:55:34.000-0200,25351397790202461,2026-09-24T00:00:00.000-0300
3742863,109170144,ciprofibrato,0323655262,MEDQUIMICA INDUSTRIA FARMACEUTICA LTDA.,17875154000120,2026-04-02T18:52:26.000-0300,25351395067202448,2026-09-24T00:00:00.000-0300
3688522,187590013,FOSTIMON-M,1448379253,Besins Healthcare Brasil Comercial e Distribuidora de Medicamentos Ltda,11082598000393,2025-10-31T17:32:21.000-0300,25351037444202427,2026-09-24T00:00:00.000-0300
3683056,104971528,VONSET,0547066244,UNIÃO QUÍMICA FARMACÊUTICA NACIONAL S/A,60665981000118,2024-04-25T14:39:08.000-0300,25351323892202360,2026-09-24T00:00:00.000-0300
3685942,113430216,DIPIDOR,0751887242,HIPOLABOR FARMACEUTICA LTDA,19570720000110,2024-06-05T10:28:02.000-0300,25351800035202397,2026-09-24T00:00:00.000-0300
3710020,109170141,cloridrato de trazodona,0224641263,MEDQUIMICA INDUSTRIA FARMACEUTICA LTDA.,17875154000120,2026-03-06T15:43:14.000-0300,25351140057202477,2026-09-24T00:00:00.000-0300
3692484,102351445,BENGPRO,0228588251,EMS S/A,57507378000365,2025-02-18T14:18:11.000-0300,25351933408202496,2026-09-24T00:00:00.000-0300
3764181,105730097,ZOLFEST,0019733267,ACHÉ LABORATÓRIOS FARMACÊUTICOS S.A,60659463002992,2026-01-08T13:44:28.000-0200,25351421484202453,2026-09-24T00:00:00.000-0300
3745969,105710172,Pentalac,0149942257,BELFAR LTDA,18324343000177,2025-02-03T17:55:33.000-0200,25351361852202405,2026-09-24T00:00:00.000-0300
3765028,155840689,MIORRELAX,0615600263,BRAINFARMA INDÚSTRIA QUÍMICA E FARMACÊUTICA S.A,05161069000110,2026-06-23T10:44:03.000-0300,25351107525202311,2026-09-24T00:00:00.000-0300
3765033,155730072,eltrombopague olamina,0792350260,TEVA FARMACÊUTICA LTDA.,05333542000108,2026-08-06T09:28:00.000-0300,25351441088202442,2026-09-24T00:00:00.000-0300
3673248,102351473,OZIVY,0606537261,EMS S/A,57507378000365,2026-06-19T17:55:11.000-0300,25351813190202373,2026-09-24T00:00:00.000-0300
3698329,139000006,BESREMI,0838980252,PINT PHARMA PRODUTOS MEDICO-HOSPITALARES E FARMACEUTICOS LTDA,21896000000191,2025-06-26T11:46:32.000-0300,25351144453202473,2026-09-24T00:00:00.000-0300
3658411,186200017,MUCOSOLVAN,1615687254,OPELLA HEALTHCARE BRAZIL LTDA,38391432000143,2025-12-17T15:18:23.000-0200,25351617680202341,2026-09-24T00:00:00.000-0300
3754881,100431578,XCOPRI,0231154267,EUROFARMA LABORATORIOS S.A.,61190096000192,2026-03-09T19:30:30.000-0300,25351420755202453,2026-09-24T00:00:00.000-0300
3763874,116880042,GLICONATO DE CÁLCIO,0978030257,FARMARIN INDUSTRIA E COMERCIO LTDA,58635830000175,2025-07-28T17:00:51.000-0300,25351436382202432,2026-09-24T00:00:00.000-0300
3732390,109740372,DOBLE,0274536269,BIOLAB SANUS FARMACÊUTICA LTDA,49475833000106,2026-03-20T12:14:42.000-0300,25351225180202467,2026-09-24T00:00:00.000-0300
3714358,109170149,empagliflozina,0295153261,MEDQUIMICA INDUSTRIA FARMACEUTICA LTDA.,17875154000120,2026-03-26T18:23:12.000-0300,25351328215202419,2026-09-24T00:00:00.000-0300
3688143,178171007,SEMAVY,0917636261,COSMED INDUSTRIA DE COSMETICOS E MEDICAMENTOS S.A.,61082426000207,2026-09-03T15:33:59.000-0300,25351875515202310,2026-09-24T00:00:00.000-0300
3693110,121100499,HYMPAVZI,0776500261,PFIZER BRASIL LTDA,61072393000133,2026-08-03T13:11:22.000-0300,25351077691202466,2026-09-24T00:00:00.000-0300
3721492,105831047,KETHOL,0967582261,GERMED FARMACEUTICA LTDA,45992062000165,2026-09-17T09:18:55.000-0300,25351061783202424,2026-09-24T00:00:00.000-0300
3758657,100410236,TYENNE,0640442269,FRESENIUS KABI BRASIL LTDA,49324221000104,2026-06-29T21:48:56.000-0300,25351401637202446,2026-09-24T00:00:00.000-0300
3598865,151430076,KAZFONA,1469265257,DR. REDDYS FARMACÊUTICA DO BRASIL LTDA,03978166000175,2025-11-06T14:19:51.000-0200,25351175058202271,2026-09-24T00:00:00.000-0300
3603948,178170950,CORISTINA D CONGEST,0583611265,COSMED INDUSTRIA DE COSMETICOS E MEDICAMENTOS S.A.,61082426000207,2026-06-15T08:30:30.000-0300,25351337445202215,2026-09-24T00:00:00.000-0300
3617539,102351426,desloratadina,0073435261,EMS S/A,57507378000365,2026-01-23T10:27:53.000-0200,25351305648202315,2026-09-24T00:00:00.000-0300
3627716,104971547,KERABIO,0932071261,UNIÃO QUÍMICA FARMACÊUTICA NACIONAL S/A,60665981000118,2026-09-09T10:13:48.000-0300,25351039453202371,2026-09-24T00:00:00.000-0300
1270504,170560116,VITRAKVI,0276248261,BAYER S.A.,18459628000115,2026-03-20T18:58:23.000-0300,25351566250201896,2026-09-24T00:00:00.000-0300
3643345,105350238,cloridrato de trazodona,0189880261,LABORATÓRIO GLOBO SA,17115437000173,2026-02-26T09:53:52.000-0300,25351512717202345,2026-09-24T00:00:00.000-0300
3653710,123520300,cloridrato de lurasidona,0333741269,RANBAXY FARMACÊUTICA LTDA,73663650000190,2026-04-07T15:08:36.000-0300,25351651854202302,2026-09-24T00:00:00.000-0300
3608021,103700781,PEGNEUCYTE,0493303260,LABORATÓRIO TEUTO BRASILEIRO S/A,17159229000176,2026-05-20T15:12:23.000-0300,25351143065202394,2026-09-24T00:00:00.000-0300
3566736,100630265,aciclovir,0864614250,INSTITUTO BIOCHIMICO INDÚSTRIA FARMACÊUTICA LTDA,33258401000103,2025-07-02T09:10:27.000-0300,25351458491202249,2026-09-24T00:00:00.000-0300
3625269,100431472,COLTRAX INJ,1571969250,EUROFARMA LABORATORIOS S.A.,61190096000192,2025-12-05T17:05:12.000-0200,25351322719202344,2026-09-24T00:00:00.000-0300
3558204,118190390,glibenclamida,0289250251,MULTILAB INDUSTRIA E COMERCIO DE PRODUTOS FARMACEUTICOS LTDA,92265552000905,2025-02-28T15:42:18.000-0300,25351065444202255,2026-09-24T00:00:00.000-0300
3553810,105831022,CETOCONAZOL+DIPROPIONATO DE BETAMETASONA+SULFATO DE NEOMICINA,0105525260,GERMED FARMACEUTICA LTDA,45992062000165,2026-02-02T11:30:13.000-0200,25351342674202243,2026-09-24T00:00:00.000-0300
3552437,154230358,NUFIG MET,1421394251,GEOLAB INDÚSTRIA FARMACÊUTICA S/A,03485572000104,2025-10-24T16:02:40.000-0300,25351163204202215,2026-09-24T00:00:00.000-0300
3607652,155840650,HYFOL,0931919266,BRAINFARMA INDÚSTRIA QUÍMICA E FARMACÊUTICA S.A,05161069000110,2026-09-09T09:44:11.000-0300,25351133973202370,2026-09-24T00:00:00.000-0300
3564001,118190417,omeprazol,0714964263,MULTILAB INDUSTRIA E COMERCIO DE PRODUTOS FARMACEUTICOS LTDA,92265552000905,2026-07-20T13:21:45.000-0300,25351065472202272,2026-09-24T00:00:00.000-0300
3600143,105730045,COMBFIX,0694960268,ACHÉ LABORATÓRIOS FARMACÊUTICOS S.A,60659463002992,2026-07-14T17:20:11.000-0300,25351579197202270,2026-09-24T00:00:00.000-0300
3547125,105730019,MELYSSE,0607113251,ACHÉ LABORATÓRIOS FARMACÊUTICOS S.A,60659463002992,2025-05-06T08:23:02.000-0300,25351293293202223,2026-09-24T00:00:00.000-0300
3616461,100470667,DENBONLI,0768912261,SANDOZ DO BRASIL INDÚSTRIA FARMACÊUTICA LTDA,61286647000116,2026-07-31T07:36:17.000-0300,25351255257202342,2026-09-24T00:00:00.000-0300
3566161,118190473,NEXOPRAX,0378060261,MULTILAB INDUSTRIA E COMERCIO DE PRODUTOS FARMACEUTICOS LTDA,92265552000905,2026-04-17T10:57:55.000-0300,25351071467202207,2026-09-24T00:00:00.000-0300
3615778,174200012,CLORIDRATO DE CEFEPIME,0491868260,EUGIA PHARMA INDUSTRIA FARMACEUTICA LTDA,44639493000180,2026-05-20T11:27:14.000-0300,25351277326202379,2026-09-24T00:00:00.000-0300
3603082,122140125,CONSIV,0891333266,ADIUM S.A.,55980684000127,2026-08-28T11:02:28.000-0300,25351215164202113,2026-09-24T00:00:00.000-0300
3557027,178170940,BUCLINA,1569381259,COSMED INDUSTRIA DE COSMETICOS E MEDICAMENTOS S.A.,61082426000207,2025-12-05T10:27:21.000-0200,25351497129202293,2026-09-24T00:00:00.000-0300
3641022,144930069,POLARAX,0839179260,AIRELA INDÚSTRIA FARMACÊUTICA LTDA.,01858973000129,2026-08-17T15:16:19.000-0300,25351360365202336,2026-09-24T00:00:00.000-0300
3565654,118190462,tibolona,0289254256,MULTILAB INDUSTRIA E COMERCIO DE PRODUTOS FARMACEUTICOS LTDA,92265552000905,2025-02-28T15:49:23.000-0300,25351068256202289,2026-09-24T00:00:00.000-0300
3611692,105250108,Rosucor EZE,1656240254,TORRENT DO BRASIL LTDA,33078528000132,2025-12-30T14:08:11.000-0200,25351194566202339,2026-09-24T00:00:00.000-0300
3623253,104971540,cloridrato de escetamina,0763401269,UNIÃO QUÍMICA FARMACÊUTICA NACIONAL S/A,60665981000118,2026-07-30T08:52:46.000-0300,25351361115202313,2026-09-24T00:00:00.000-0300
3642893,171260009,ISTURISA,1565791258,RECORDATI RARE DISEASES COMÉRCIO DE MEDICAMENTOS LTDA - ME,53056057000179,2025-12-04T14:48:52.000-0200,25351520083202302,2026-09-24T00:00:00.000-0300
3654385,157211215,MYLANTA PLUS,0286253267,KENVUE LTDA.,59748988000114,2026-03-25T11:29:55.000-0300,25351464854202366,2026-09-24T00:00:00.000-0300
3614537,194270108,KETTO,0273432265,EUROFARMA LABORATORIOS S.A.,61190096000192,2026-03-20T07:51:50.000-0300,25351207970202118,2026-09-24T00:00:00.000-0300
3614538,100431488,VÓRIC,0273387260,EUROFARMA LABORATORIOS S.A.,61190096000192,2026-03-20T07:31:17.000-0300,25351207971202162,2026-09-24T00:00:00.000-0300
3549679,104971552,DRUSOLOL LC,1116264251,UNIÃO QUÍMICA FARMACÊUTICA NACIONAL S/A,60665981000118,2025-08-19T08:12:17.000-0300,25351270401202290,2026-09-24T00:00:00.000-0300
3590584,116370234,claritromicina,0763909262,BLAU FARMACÊUTICA S.A.,58430828000160,2026-07-30T09:56:07.000-0300,25351645183202251,2026-09-24T00:00:00.000-0300
3572510,100630274,oxalato de escitalopram,0848169255,INSTITUTO BIOCHIMICO INDÚSTRIA FARMACÊUTICA LTDA,33258401000103,2025-06-28T10:20:47.000-0300,25351447123202275,2026-09-24T00:00:00.000-0300
3647443,186200007,DORFLEX DIP,0148527256,OPELLA HEALTHCARE BRAZIL LTDA,38391432000143,2025-02-03T13:49:32.000-0200,25351461396202311,2026-09-24T00:00:00.000-0300
3528830,143810282,PRALÍVIO,0265113261,CIMED INDUSTRIA S.A,02814497000107,2026-03-18T10:41:02.000-0300,25351613892202197,2026-09-24T00:00:00.000-0300
3630690,174650014,ÁGUA PARA INJETÁVEIS,1308502231,FARMA VISION IMPORTAÇÃO E EXPORTAÇÃO DE MEDICAMENTOS LTDA,09058502000148,2023-11-23T07:31:20.000-0200,25351441694202387,2026-09-24T00:00:00.000-0300
3570423,100630269,mupirocina,0264234260,INSTITUTO BIOCHIMICO INDÚSTRIA FARMACÊUTICA LTDA,33258401000103,2026-03-18T08:50:06.000-0300,25351478543202201,2026-09-24T00:00:00.000-0300
3570922,174200002,besilato de atracúrio,0261156233,EUGIA PHARMA INDUSTRIA FARMACEUTICA LTDA,44639493000180,2023-03-15T14:24:42.000-0300,25351239352202218,2026-09-24T00:00:00.000-0300
3592509,105831029,telmisartana,0254150268,GERMED FARMACEUTICA LTDA,45992062000165,2026-03-16T10:01:09.000-0300,25351053891202342,2026-09-24T00:00:00.000-0300
3553864,105350246,desloratadina,0093287267,LABORATÓRIO GLOBO SA,17115437000173,2026-01-29T08:43:08.000-0200,25351347485202267,2026-09-24T00:00:00.000-0300
3554726,105350245,desloratadina,0093188269,LABORATÓRIO GLOBO SA,17115437000173,2026-01-29T08:08:25.000-0200,25351347488202209,2026-09-24T00:00:00.000-0300
3553179,105730023,JOGGER,0823366260,ACHÉ LABORATÓRIOS FARMACÊUTICOS S.A,60659463002992,2026-08-12T17:02:28.000-0300,25351319667202248,2026-09-24T00:00:00.000-0300
3565286,118190457,drospirenona + etinilestradiol,0514405261,MULTILAB INDUSTRIA E COMERCIO DE PRODUTOS FARMACEUTICOS LTDA,92265552000905,2026-05-26T12:00:45.000-0300,25351065558202203,2026-09-24T00:00:00.000-0300
3599831,102980588,FENTANEST BOLSA,0647095262,CRISTÁLIA PRODUTOS QUÍMICOS FARMACÊUTICOS LTDA.,44734671000151,2026-07-01T08:33:22.000-0300,25351117229202328,2026-09-24T00:00:00.000-0300
3606236,156510104,ZYPTAN,1636929257,ZYDUS NIKKHO FARMACÊUTICA LTDA,05254971000181,2025-12-22T14:57:21.000-0200,25351162913202364,2026-09-24T00:00:00.000-0300
3651924,101000677,Piasky,0688150268,PRODUTOS ROCHE QUÍMICOS E FARMACÊUTICOS S.A.,33009945000123,2026-07-13T14:54:39.000-0300,25351612695202312,2026-09-24T00:00:00.000-0300
1227649,112780079,Vastarel caps LP,1637756259,LABORATÓRIOS SERVIER DO BRASIL LTDA,42374207000176,2025-12-22T17:07:53.000-0200,25351000058201831,2026-09-24T00:00:00.000-0300
1397794,103920197,risperidona,1627263250,VITAMEDIC INDUSTRIA FARMACEUTICA LTDA,30222814000131,2025-12-19T11:15:08.000-0200,25351347131201917,2026-09-24T00:00:00.000-0300
1350664,121100462,Vyndaqel,1404996257,PFIZER BRASIL LTDA,61072393000133,2025-10-22T10:40:13.000-0300,25351421864201921,2026-09-24T00:00:00.000-0300
1339572,155620061,ertapeném sódico,0620765267,ANTIBIÓTICOS DO BRASIL LTDA,05439635000103,2026-06-24T10:38:38.000-0300,25351416403201936,2026-09-24T00:00:00.000-0300
1353768,106460222,capecitabina,0219598266,LABORATORIO QUIMICO FARMACEUTICO BERGAMO LTDA,61282661000141,2026-03-05T16:32:31.000-0300,25351532928201918,2026-09-24T00:00:00.000-0300
3214381,105250114,OLMECOR HCT,0803236263,TORRENT DO BRASIL LTDA,33078528000132,2026-08-07T17:04:24.000-0300,25351255787202218,2026-09-24T00:00:00.000-0300
1344392,105830958,ibandronato de sódio monoidratado,0917928261,GERMED FARMACEUTICA LTDA,45992062000165,2026-09-03T16:45:41.000-0300,25351744556201466,2026-09-24T00:00:00.000-0300
1344393,167730627,ibandronato de sódio monoidratado,0918065267,LEGRAND PHARMA INDÚSTRIA FARMACÊUTICA LTDA,05044984000126,2026-09-03T17:11:31.000-0300,25351744557201419,2026-09-24T00:00:00.000-0300
1344394,102351310,IBANESS,1078941246,EMS S/A,57507378000365,2024-08-07T15:25:46.000-0300,25351744558201455,2026-09-24T00:00:00.000-0300
1379243,143810248,gabapentina,0978278232,CIMED INDUSTRIA S.A,02814497000107,2023-09-14T15:31:10.000-0300,25351545509201946,2026-09-24T00:00:00.000-0300
2762926,121100488,GENRYZON,0940202263,PFIZER BRASIL LTDA,61072393000133,2026-09-10T15:14:20.000-0300,25351577895202150,2026-09-24T00:00:00.000-0300
1435490,105710160,permetrina,0665801246,BELFAR LTDA,18324343000177,2024-05-20T09:18:03.000-0300,25351381775202078,2026-09-24T00:00:00.000-0300
1382230,103700740,rosuvastatina calcica,0278122264,LABORATÓRIO TEUTO BRASILEIRO S/A,17159229000176,2026-03-23T11:27:55.000-0300,25351723001201995,2026-09-24T00:00:00.000-0300
1340243,110630151,BIO-MANGUINHOS ETANERCEPTE,0216461260,FUNDAÇÃO OSWALDO CRUZ,33781055000135,2026-03-05T08:20:17.000-0300,25351387214201949,2026-09-24T00:00:00.000-0300
1370073,167730634,aciclovir,1593267258,LEGRAND PHARMA INDÚSTRIA FARMACÊUTICA LTDA,05044984000126,2025-12-12T10:58:49.000-0200,25351435659201942,2026-09-24T00:00:00.000-0300
1361549,117170082,fosfomicina trometamol,0502119268,PHARMASCIENCE INDUSTRIA FARMACEUTICA S.A,25773037000183,2026-05-22T09:57:35.000-0300,25351600309201963,2026-09-24T00:00:00.000-0300
1350073,183260393,SOLIQUA,0853637261,SANOFI MEDLEY FARMACÊUTICA LTDA.,10588595001092,2026-08-20T09:29:35.000-0300,25351411883201949,2026-09-24T00:00:00.000-0300
1400293,143810253,LORATAMED,0197800262,CIMED INDUSTRIA S.A,02814497000107,2026-02-27T16:58:22.000-0300,25351646001201964,2026-09-24T00:00:00.000-0300
1007154,105830976,NITAZOXANIDA,0099638266,GERMED FARMACEUTICA LTDA,45992062000165,2026-01-30T11:18:04.000-0200,25351470832201444,2026-09-24T00:00:00.000-0300
1420587,101070351,TIVICAY PD,0201407264,GLAXOSMITHKLINE BRASIL LTDA,33247743000110,2026-03-02T09:43:50.000-0300,25351601553202087,2026-09-24T00:00:00.000-0300
1420509,157700003,WAYLIVRA,0484858262,PTC FARMACEUTICA DO BRASIL LTDA.,25210463000109,2026-05-19T01:43:39.000-0300,25351593000202043,2026-09-24T00:00:00.000-0300
1350667,121100463,CHAMPIX,0898027268,PFIZER BRASIL LTDA,61072393000133,2026-08-31T11:20:46.000-0300,25351421695201929,2026-09-24T00:00:00.000-0300
1203911,100890411,MAVENCLAD,0482739266,MERCK S/A,33069212000184,2026-05-18T16:03:36.000-0300,25351497138201717,2026-09-24T00:00:00.000-0300
1391775,109740291,Gabapentina,0105467260,BIOLAB SANUS FARMACÊUTICA LTDA,49475833000106,2026-02-02T11:19:19.000-0200,25351654287201951,2026-09-24T00:00:00.000-0300
1477092,173900011,LUFTAFEM,0048726265,RECKITT BENCKISER (BRASIL) LTDA,59557124000115,2026-01-16T09:59:29.000-0200,25351444533202001,2026-09-24T00:00:00.000-0300
1408044,146820106,NIDHI,0089501268,SUN FARMACÊUTICA DO BRASIL LTDA,05035244000123,2026-01-28T12:16:56.000-0200,25351346437202090,2026-09-24T00:00:00.000-0300
1007168,167730650,NITAZOXANIDA,0094153264,LEGRAND PHARMA INDÚSTRIA FARMACÊUTICA LTDA,05044984000126,2026-01-29T10:50:01.000-0200,25351470829201421,2026-09-24T00:00:00.000-0300
1006539,167730651,NAXXAGRAN,0094389268,LEGRAND PHARMA INDÚSTRIA FARMACÊUTICA LTDA,05044984000126,2026-01-29T11:14:02.000-0200,25351346060201421,2026-09-24T00:00:00.000-0300
962016,102351352,NITAZOXANIDA,0093875266,EMS S/A,57507378000365,2026-01-29T10:06:40.000-0200,25351308782201475,2026-09-24T00:00:00.000-0300
1076540,100431320,PIEMONTE,0055908268,EUROFARMA LABORATORIOS S.A.,61190096000192,2026-01-19T15:11:59.000-0200,25351631429201589,2026-09-24T00:00:00.000-0300
1358178,100431283,PRENI,0727805266,EUROFARMA LABORATORIOS S.A.,61190096000192,2026-07-22T10:26:25.000-0300,25351144290201881,2026-09-24T00:00:00.000-0300
1356304,102351316,Clabat,0238540260,EMS S/A,57507378000365,2026-03-11T14:17:02.000-0300,25351335149201976,2026-09-24T00:00:00.000-0300
1394638,105830969,omeprazol,0715385267,GERMED FARMACEUTICA LTDA,45992062000165,2026-07-20T14:41:06.000-0300,25351725848201912,2026-09-24T00:00:00.000-0300
1399895,165070027,POKLI,0773674250,Camber Farmaceutica Ltda,24633934000129,2025-06-09T12:51:27.000-0300,25351183695202059,2026-09-24T00:00:00.000-0300
1449997,141070635,acetato de dexametasona,0594705266,PHARLAB INDÚSTRIA FARMACÊUTICA S.A.,02501297000102,2026-06-17T10:17:30.000-0300,25351596565201515,2026-09-24T00:00:00.000-0300
1417887,178170887,AMOME,0555280268,COSMED INDUSTRIA DE COSMETICOS E MEDICAMENTOS S.A.,61082426000207,2026-06-08T08:42:50.000-0300,25351508448202070,2026-09-24T00:00:00.000-0300
2042918,105730762,desonida,0544247264,ACHÉ LABORATÓRIOS FARMACÊUTICOS S.A,60659463002992,2026-06-03T10:44:57.000-0300,25351885821202194,2026-09-24T00:00:00.000-0300
1284219,100330211,NATIFA PRO UBD,0899791263,LIBBS FARMACÊUTICA LTDA,61230314000175,2026-08-31T15:52:27.000-0300,25351712162201805,2026-09-24T00:00:00.000-0300
1311875,116180273,QTERN,1210996251,ASTRAZENECA DO BRASIL LTDA,60318797000100,2025-09-12T11:24:39.000-0300,25351249396201676,2026-09-24T00:00:00.000-0300
1340934,125680325,linezolida,0040737268,PRATI DONADUZZI & CIA LTDA,73856593000166,2026-01-14T15:41:54.000-0200,25351424976201933,2026-09-24T00:00:00.000-0300
1380337,115240010,dolutegravir sódico,0532725263,BLANVER FARMOQUIMICA E FARMACEUTICA S.A.,53359824000119,2026-05-29T19:04:04.000-0300,25351735417201956,2026-09-24T00:00:00.000-0300
1342427,178170875,APRACUR DUO,0545426260,COSMED INDUSTRIA DE COSMETICOS E MEDICAMENTOS S.A.,61082426000207,2026-06-03T13:51:15.000-0300,25351133083201981,2026-09-24T00:00:00.000-0300
1384037,105730789,TORMIV ODG,0301961255,ACHÉ LABORATÓRIOS FARMACÊUTICOS S.A,60659463002992,2025-03-06T08:02:24.000-0300,25351747576201901,2026-09-24T00:00:00.000-0300
1480270,155620059,HYPNOMIDATE,0657387266,ANTIBIÓTICOS DO BRASIL LTDA,05439635000103,2026-07-03T09:53:19.000-0300,25351660982202096,2026-09-24T00:00:00.000-0300
1508567,102980543,ETOD,0754627268,CRISTÁLIA PRODUTOS QUÍMICOS FARMACÊUTICOS LTDA.,44734671000151,2026-07-28T15:09:34.000-0300,25351660584202070,2026-09-24T00:00:00.000-0300
1552452,193610003,OXLUMO,0222137266,SPECIALTY PHARMA GOIAS LTDA,31731807000128,2026-03-06T09:33:02.000-0300,25351940665202051,2026-09-24T00:00:00.000-0300
3557849,154230334,HYSTALOR,0101174268,GEOLAB INDÚSTRIA FARMACÊUTICA S/A,03485572000104,2026-01-30T15:49:30.000-0200,25351383392202204,2026-09-24T00:00:00.000-0300
1430012,188300098,DELTYBA,0823017231,VIATRIS FARMACEUTICA DO BRASIL LTDA,11643096000122,2023-08-07T14:41:39.000-0300,25351746135202018,2026-09-24T00:00:00.000-0300
1482733,155620058,SUFENTA,0659362261,ANTIBIÓTICOS DO BRASIL LTDA,05439635000103,2026-07-03T15:47:42.000-0300,25351660962202015,2026-09-24T00:00:00.000-0300
3330512,118190331,cabergolina,0120931265,MULTILAB INDUSTRIA E COMERCIO DE PRODUTOS FARMACEUTICOS LTDA,92265552000905,2026-02-05T14:42:16.000-0200,25351062956202260,2026-09-24T00:00:00.000-0300
3386556,105530392,ALIVETORE,0265034264,ABBOTT LABORATÓRIOS DO BRASIL LTDA,56998701000116,2026-03-18T10:28:36.000-0300,25351059791202249,2026-09-24T00:00:00.000-0300
3549099,104971551,BRITENS LC,0019584261,UNIÃO QUÍMICA FARMACÊUTICA NACIONAL S/A,60665981000118,2026-01-08T12:50:22.000-0200,25351250982202243,2026-09-24T00:00:00.000-0300
3649094,102351435,IBULIV,0639681263,EMS S/A,57507378000365,2026-06-29T17:23:04.000-0300,25351244334202339,2026-09-24T00:00:00.000-0300
2734288,101070362,KOZENIS,1145538258,GLAXOSMITHKLINE BRASIL LTDA,33247743000110,2025-08-26T16:08:31.000-0300,25351635517202106,2026-09-24T00:00:00.000-0300
2852409,103700788,PIPTA,0543242269,LABORATÓRIO TEUTO BRASILEIRO S/A,17159229000176,2026-06-03T08:05:30.000-0300,25351035608202139,2026-09-24T00:00:00.000-0300
2899642,100681180,Kymriah,1180103254,NOVARTIS BIOCIENCIAS S.A,56994502000130,2025-09-04T18:10:28.000-0300,25351530600202181,2026-09-24T00:00:00.000-0300
3210480,100431479,hemitartarato de zolpidem,0173787266,EUROFARMA LABORATORIOS S.A.,61190096000192,2026-02-23T09:17:30.000-0300,25351262849202230,2026-09-24T00:00:00.000-0300
3485500,135690744,GABANEURIN,0688686257,EMS SIGMA PHARMA LTDA,00923140000131,2025-05-22T15:12:56.000-0300,25351228110202118,2026-09-24T00:00:00.000-0300
2033937,191290004,TERROSA,1594421242,"GEDEON RICHTER DO BRASIL IMPORTADORA, EXPORTADORA E DISTRIBUIDORA S.A.",12134906000269,2024-11-21T14:02:34.000-0200,25351994083202175,2026-09-24T00:00:00.000-0300
3319810,105831017,trometamol cetorolaco,0244281262,GERMED FARMACEUTICA LTDA,45992062000165,2026-03-12T15:55:29.000-0300,25351522391202283,2026-09-24T00:00:00.000-0300
3375909,155840635,claritromicina,0471107263,BRAINFARMA INDÚSTRIA QUÍMICA E FARMACÊUTICA S.A,05161069000110,2026-05-14T14:42:51.000-0300,25351545998202231,2026-09-24T00:00:00.000-0300
1202057,156260032,GLAMETIX,4519853222,Laboratórios Bagó do Brasil S/A,04748181000947,2022-08-08T10:58:42.000-0300,25351478926201712,2026-09-24T00:00:00.000-0300
2028643,105730763,FEMINA,0200886258,ACHÉ LABORATÓRIOS FARMACÊUTICOS S.A,60659463002992,2025-02-12T17:00:28.000-0200,25351723203202071,2026-09-24T00:00:00.000-0300
2651051,100431482,TAMOXIN,0357783263,EUROFARMA LABORATORIOS S.A.,61190096000192,2026-04-13T15:32:21.000-0300,25351449432202107,2026-09-24T00:00:00.000-0300
2651132,141070653,dimesilato de lisdexanfetamina,0538722266,PHARLAB INDÚSTRIA FARMACÊUTICA S.A.,02501297000102,2026-06-02T09:10:24.000-0300,25351447138202152,2026-09-24T00:00:00.000-0300
3407828,104971501,TRIQUILAR,0574498249,UNIÃO QUÍMICA FARMACÊUTICA NACIONAL S/A,60665981000118,2024-05-01T15:37:12.000-0300,25351271452202239,2026-09-24T00:00:00.000-0300
3583477,109170131,CUPRIMINE,0708205267,MEDQUIMICA INDUSTRIA FARMACEUTICA LTDA.,17875154000120,2026-07-17T10:51:41.000-0300,25351646234202262,2026-09-24T00:00:00.000-0300
2006909,159210004,HADLIMA,0111952263,Samsung Bioepis br Pharmaceutical ltda.,24563776000188,2026-02-03T16:58:02.000-0200,25351899030202061,2026-09-24T00:00:00.000-0300
3022295,188300091,FRONTAL,0529968266,VIATRIS FARMACEUTICA DO BRASIL LTDA,11643096000122,2026-05-29T11:44:38.000-0300,25351821901202111,2026-09-24T00:00:00.000-0300
2791420,109740348,SUTRIPTAN,1260256251,BIOLAB SANUS FARMACÊUTICA LTDA,49475833000106,2025-09-23T09:06:28.000-0300,25351212744202159,2026-09-24T00:00:00.000-0300
3235134,151430090,SITAREDDYS,1478025255,DR. REDDYS FARMACÊUTICA DO BRASIL LTDA,03978166000175,2025-11-10T08:28:50.000-0200,25351260198202243,2026-09-24T00:00:00.000-0300
3239690,118190244,brometo de ipratrópio,0478170254,MULTILAB INDUSTRIA E COMERCIO DE PRODUTOS FARMACEUTICOS LTDA,92265552000905,2025-04-07T19:35:46.000-0300,25351062906202282,2026-09-24T00:00:00.000-0300
2798525,103920230,cloridrato de fexofenadina,0630225265,VITAMEDIC INDUSTRIA FARMACEUTICA LTDA,30222814000131,2026-06-26T08:52:23.000-0300,25351878600202160,2026-09-24T00:00:00.000-0300
2963587,103700762,IBUPRIL CAPS,1368404243,LABORATÓRIO TEUTO BRASILEIRO S/A,17159229000176,2024-10-04T15:20:47.000-0300,25351770314202157,2026-09-24T00:00:00.000-0300
2854904,100431410,MANTIDAN,1557593256,EUROFARMA LABORATORIOS S.A.,61190096000192,2025-12-03T09:15:55.000-0200,25351111740202154,2026-09-24T00:00:00.000-0300
3552456,105730025,NESTA,0317824236,ACHÉ LABORATÓRIOS FARMACÊUTICOS S.A,60659463002992,2023-03-30T08:55:33.000-0300,25351326570202291,2026-09-24T00:00:00.000-0300
2834376,101710236,RECARBRIO,0915720264,MERCK SHARP & DOHME FARMACEUTICA LTDA.,03560974000118,2026-09-03T10:54:54.000-0300,25351008948202197,2026-09-24T00:00:00.000-0300
3353764,118190274,ANLUSBED,0938090267,MULTILAB INDUSTRIA E COMERCIO DE PRODUTOS FARMACEUTICOS LTDA,92265552000905,2026-09-10T10:00:59.000-0300,25351062978202220,2026-09-24T00:00:00.000-0300
3353681,104971538,MONOLATAN,0556801253,UNIÃO QUÍMICA FARMACÊUTICA NACIONAL S/A,60665981000118,2025-04-25T10:11:53.000-0300,25351573270202208,2026-09-24T00:00:00.000-0300
3219183,178170924,COLEMONO,0579977269,COSMED INDUSTRIA DE COSMETICOS E MEDICAMENTOS S.A.,61082426000207,2026-06-12T16:24:52.000-0300,25351215163202179,2026-09-24T00:00:00.000-0300
3395352,104971497,FEMIANE,0012158241,UNIÃO QUÍMICA FARMACÊUTICA NACIONAL S/A,60665981000118,2024-01-04T15:59:53.000-0200,25351271393202207,2026-09-24T00:00:00.000-0300
3002715,110130292,AEROGOLD,1530398258,GLENMARK FARMACÊUTICA LTDA,44363661000157,2025-11-25T15:06:50.000-0200,25351850009202148,2026-09-24T00:00:00.000-0300
3463514,167730679,dicloridrato de hidroxizina,0277859263,LEGRAND PHARMA INDÚSTRIA FARMACÊUTICA LTDA,05044984000126,2026-03-23T10:41:28.000-0300,25351493673202266,2026-09-24T00:00:00.000-0300
3463562,118190289,CETOCONAZOL + DIPROPIONATO DE BETAMETASONA,4982408220,MULTILAB INDUSTRIA E COMERCIO DE PRODUTOS FARMACEUTICOS LTDA,92265552000905,2022-11-25T12:06:38.000-0200,25351063005202216,2026-09-24T00:00:00.000-0300
3466220,100790002,hemitartarato de rivastigmina,0248144260,LABORVIDA LABORATÓRIOS FARMACÊUTICOS LTDA.,31111412000122,2026-03-13T10:48:03.000-0300,25351115379202216,2026-09-24T00:00:00.000-0300
2801231,102351423,TODUZE,0982507267,EMS S/A,57507378000365,2026-09-21T14:26:44.000-0300,25351855998202166,2026-09-24T00:00:00.000-0300
2755901,100431386,ALOFF,1617606251,EUROFARMA LABORATORIOS S.A.,61190096000192,2025-12-17T18:54:34.000-0200,25351111770202161,2026-09-24T00:00:00.000-0300
3032780,103670179,SPEVIGO,1531139256,BOEHRINGER INGELHEIM DO BRASIL QUÍMICA E FARMACÊUTICA LTDA.,60831658000177,2025-11-25T17:54:23.000-0200,25351083190202257,2026-09-24T00:00:00.000-0300
3614880,174200007,OXACILINA SÓDICA,0950654230,EUGIA PHARMA INDUSTRIA FARMACEUTICA LTDA,44639493000180,2023-09-06T14:12:45.000-0300,25351275106202319,2026-09-24T00:00:00.000-0300
2963205,101710231,ZERBAXA,0834308258,MERCK SHARP & DOHME FARMACEUTICA LTDA.,03560974000118,2025-06-25T15:50:00.000-0300,25351378493202174,2026-09-24T00:00:00.000-0300
3195868,100431429,TROK,0418686262,EUROFARMA LABORATORIOS S.A.,61190096000192,2026-04-29T16:55:47.000-0300,25351537815202123,2026-09-24T00:00:00.000-0300
3453184,105831020,dicloridrato de hidroxizina,0277936268,GERMED FARMACEUTICA LTDA,45992062000165,2026-03-23T10:56:32.000-0300,25351493671202277,2026-09-24T00:00:00.000-0300
3590773,154230368,hemifumarato de bisoprolol,0846119269,GEOLAB INDÚSTRIA FARMACÊUTICA S/A,03485572000104,2026-08-18T16:23:31.000-0300,25351645195202286,2026-09-24T00:00:00.000-0300
2801252,104540193,BENICAR ODT,0700410261,DAIICHI SANKYO BRASIL FARMACÊUTICA LTDA,60874187000184,2026-07-15T18:02:06.000-0300,25351892087202110,2026-09-24T00:00:00.000-0300
2895674,103700779,dipirona,0374556261,LABORATÓRIO TEUTO BRASILEIRO S/A,17159229000176,2026-04-16T16:05:42.000-0300,25351050828202192,2026-09-24T00:00:00.000-0300
3775447,102980614,dolutegravir sódico,0563693266,CRISTÁLIA PRODUTOS QUÍMICOS FARMACÊUTICOS LTDA.,44734671000151,2026-06-09T17:03:13.000-0300,25351462073202418,2026-09-24T00:00:00.000-0300
3662220,103920234,sulfato de neomicina + bacitracina zíncica,0222728264,VITAMEDIC INDUSTRIA FARMACEUTICA LTDA,30222814000131,2026-03-06T11:30:32.000-0300,25351704122202314,2026-09-24T00:00:00.000-0300
3734009,105530402,DNOCLAST,0916471268,ABBOTT LABORATÓRIOS DO BRASIL LTDA,56998701000116,2026-09-03T12:09:30.000-0300,25351379298202412,2026-09-24T00:00:00.000-0300
3753622,125680345,omeprazol,0466218265,PRATI DONADUZZI & CIA LTDA,73856593000166,2026-05-13T16:44:57.000-0300,25351371104202422,2026-09-24T00:00:00.000-0300
3760049,104730045,PIOTRATY,0494212250,VIDORA FARMACÊUTICA LTDA,92762277000170,2025-04-10T12:14:07.000-0300,25351416525202490,2026-09-24T00:00:00.000-0300
3753172,105250118,besilato de levanlodipino hemipentaidratado,0221850261,TORRENT DO BRASIL LTDA,33078528000132,2026-03-06T08:48:23.000-0300,25351397801202411,2026-09-24T00:00:00.000-0300
3759955,101910308,LAKESIAMEDICAL,1622456254,THERASKIN FARMACEUTICA LTDA.,61517397000188,2025-12-18T15:44:46.000-0200,25351377954202434,2026-09-24T00:00:00.000-0300
3757481,102351462,maleato de bronfeniramina + cloridrato de fenilefrina,0657441261,EMS S/A,57507378000365,2026-07-03T10:07:27.000-0300,25351433441202411,2026-09-24T00:00:00.000-0300
3763869,115240022,EQUILID,0445884258,BLANVER FARMOQUIMICA E FARMACEUTICA S.A.,53359824000119,2025-04-01T16:32:10.000-0300,25351392238202487,2026-09-24T00:00:00.000-0300
3754379,105710186,MINUSORB,0271534257,BELFAR LTDA,18324343000177,2025-02-26T10:59:51.000-0300,25351361872202478,2026-09-24T00:00:00.000-0300
3764662,125680351,LYCERAH,0426995252,PRATI DONADUZZI & CIA LTDA,73856593000166,2025-03-28T10:57:07.000-0300,25351399384202433,2026-09-24T00:00:00.000-0300
3776595,125680353,SIPUL,0596862261,PRATI DONADUZZI & CIA LTDA,73856593000166,2026-06-17T16:54:21.000-0300,25351434654202460,2026-09-24T00:00:00.000-0300
3744702,109740376,PROUR,1620803259,BIOLAB SANUS FARMACÊUTICA LTDA,49475833000106,2025-12-18T12:04:29.000-0200,25351653349202394,2026-09-24T00:00:00.000-0300
3694454,104971536,NAUSICALM CÁPSULA MOLE,1296507246,UNIÃO QUÍMICA FARMACÊUTICA NACIONAL S/A,60665981000118,2024-09-20T10:35:11.000-0300,25351242412202361,2026-09-24T00:00:00.000-0300
3767456,104971541,HISTADIN,1736820249,UNIÃO QUÍMICA FARMACÊUTICA NACIONAL S/A,60665981000118,2024-12-19T13:35:52.000-0200,25351309645202431,2026-09-24T00:00:00.000-0300
3763000,102980603,DIVA 20,0560781261,CRISTÁLIA PRODUTOS QUÍMICOS FARMACÊUTICOS LTDA.,44734671000151,2026-06-09T08:59:01.000-0300,25351384654202410,2026-09-24T00:00:00.000-0300
3763452,104971553,KETAH,0763346268,UNIÃO QUÍMICA FARMACÊUTICA NACIONAL S/A,60665981000118,2026-07-30T08:59:47.000-0300,25351441698202365,2026-09-24T00:00:00.000-0300
3750254,109170145,NASOCLEAN,1652599240,MEDQUIMICA INDUSTRIA FARMACEUTICA LTDA.,17875154000120,2024-12-03T17:13:43.000-0200,25351323334202485,2026-09-24T00:00:00.000-0300
3761656,100410237,lacosamida,0675273269,FRESENIUS KABI BRASIL LTDA,49324221000104,2026-07-08T15:31:11.000-0300,25351434699202434,2026-09-24T00:00:00.000-0300
3752303,105730092,budesonida,0248487264,ACHÉ LABORATÓRIOS FARMACÊUTICOS S.A,60659463002992,2026-03-13T11:45:23.000-0300,25351385639202481,2026-09-24T00:00:00.000-0300
3750693,110130302,DUAKLIR GENUAIR,0244165254,GLENMARK FARMACÊUTICA LTDA,44363661000157,2025-02-20T15:20:28.000-0300,25351268161202425,2026-09-24T00:00:00.000-0300
3775191,100380116,GRIPALCEFITO,1601101252,BRASTERAPICA PHARMACEUTICA LTDA.,46179008000168,2025-12-15T11:05:00.000-0200,25351429245202441,2026-09-24T00:00:00.000-0300
3769594,103920240,FLUIDSORO,1346068259,VITAMEDIC INDUSTRIA FARMACEUTICA LTDA,30222814000131,2025-10-09T16:25:54.000-0300,25351400823202468,2026-09-24T00:00:00.000-0300
3747939,104540194,HIRUDOID INFANTIL,0208310266,DAIICHI SANKYO BRASIL FARMACÊUTICA LTDA,60874187000184,2026-03-03T15:02:22.000-0300,25351122558202471,2026-09-24T00:00:00.000-0300
3752287,105710180,FENDICAL,0271800259,BELFAR LTDA,18324343000177,2025-02-26T11:17:57.000-0300,25351361864202421,2026-09-24T00:00:00.000-0300
3751126,105710174,Perigite,0215589254,BELFAR LTDA,18324343000177,2025-02-14T17:15:33.000-0200,25351361849202483,2026-09-24T00:00:00.000-0300
3775392,145310008,XDENO,0643974261,BIONOVIS S.A. - COMPANHIA BRASILEIRA DE BIOTECNOLOGIA FARMACEUTICA,12320079000117,2026-06-30T15:54:48.000-0300,25351449930202494,2026-09-24T00:00:00.000-0300
3748038,103920246,GUACO VITAMEDIC,0999159259,VITAMEDIC INDUSTRIA FARMACEUTICA LTDA,30222814000131,2025-08-01T16:44:01.000-0300,25351400839202471,2026-09-24T00:00:00.000-0300
3751107,105710173,RECAPSER,0207713251,BELFAR LTDA,18324343000177,2025-02-13T16:53:17.000-0200,25351361842202461,2026-09-24T00:00:00.000-0300
3776994,105730105,GILMOV,1321970251,ACHÉ LABORATÓRIOS FARMACÊUTICOS S.A,60659463002992,2025-10-03T10:57:43.000-0300,25351264292202433,2026-09-24T00:00:00.000-0300
3763873,104971539,APRESOLINA,1729484247,UNIÃO QUÍMICA FARMACÊUTICA NACIONAL S/A,60665981000118,2024-12-18T13:27:32.000-0200,25351393913202495,2026-09-24T00:00:00.000-0300
3764310,101430075,PLIAGLIS,0338676252,MEGALABS FARMACEUTICA S.A.,33026055000120,2025-03-13T08:25:45.000-0300,25351394514202441,2026-09-24T00:00:00.000-0300
3761201,125680348,ESPECBAC,0305895257,PRATI DONADUZZI & CIA LTDA,73856593000166,2025-03-06T15:00:16.000-0300,25351401595202443,2026-09-24T00:00:00.000-0300
3776090,125680352,DUZOR,0650048261,PRATI DONADUZZI & CIA LTDA,73856593000166,2026-07-01T17:11:14.000-0300,25351384756202427,2026-09-24T00:00:00.000-0300
3703143,100410238,cloridrato de palonosetrona,0792305264,FRESENIUS KABI BRASIL LTDA,49324221000104,2026-08-06T09:17:56.000-0300,25351170116202431,2026-09-24T00:00:00.000-0300
3767436,100431586,dapagliflozina + cloridrato de metformina,0852463260,EUROFARMA LABORATORIOS S.A.,61190096000192,2026-08-19T19:18:39.000-0300,25351449920202459,2026-09-24T00:00:00.000-0300
3754880,100431577,XCOPRI,0231153261,EUROFARMA LABORATORIOS S.A.,61190096000192,2026-03-09T19:24:29.000-0300,25351420753202464,2026-09-24T00:00:00.000-0300
3749716,103920244,GUAKOEXPEC,0891788255,VITAMEDIC INDUSTRIA FARMACEUTICA LTDA,30222814000131,2025-07-07T17:56:03.000-0300,25351400840202403,2026-09-24T00:00:00.000-0300
3776142,116640002,Fulphila,0440491266,BIOCON BIOLOGICS DO BRASIL LTDA,38108988000180,2026-05-06T14:21:55.000-0300,25351438601202418,2026-09-24T00:00:00.000-0300
3776330,104971546,minoxidil,0609248251,UNIÃO QUÍMICA FARMACÊUTICA NACIONAL S/A,60665981000118,2025-05-06T13:30:00.000-0300,25351353875202276,2026-09-24T00:00:00.000-0300
3776934,101070369,BLENREP,0904635261,GLAXOSMITHKLINE BRASIL LTDA,33247743000110,2026-09-01T14:04:18.000-0300,25351449928202415,2026-09-24T00:00:00.000-0300
3765934,105730100,TANDRILAX,0876929269,ACHÉ LABORATÓRIOS FARMACÊUTICOS S.A,60659463002992,2026-08-25T16:32:20.000-0300,25351354253202427,2026-09-24T00:00:00.000-0300
3694450,105710188,CALCIOFAR PLUS,0678356254,BELFAR LTDA,18324343000177,2025-05-20T16:04:33.000-0300,25351701930202320,2026-09-24T00:00:00.000-0300
3764317,156260034,ANDROCUR,1616742259,Laboratórios Bagó do Brasil S/A,04748181000947,2025-12-17T17:11:53.000-0200,25351397722202401,2026-09-24T00:00:00.000-0300
3760775,125680349,olmesartana medoxomila,0275459268,PRATI DONADUZZI & CIA LTDA,73856593000166,2026-03-20T15:51:47.000-0300,25351416740202491,2026-09-24T00:00:00.000-0300
3761688,100630313,diazepam,0119921251,INSTITUTO BIOCHIMICO INDÚSTRIA FARMACÊUTICA LTDA,33258401000103,2025-01-28T11:10:43.000-0200,25351417465202422,2026-09-24T00:00:00.000-0300
3703142,178170973,VABAM,0609157264,COSMED INDUSTRIA DE COSMETICOS E MEDICAMENTOS S.A.,61082426000207,2026-06-22T09:26:38.000-0300,25351272269202331,2026-09-24T00:00:00.000-0300
3563323,118190437,valerato de betametasona + sulfato de gentamicina + clioquinol + tolnaftato,0248881264,MULTILAB INDUSTRIA E COMERCIO DE PRODUTOS FARMACEUTICOS LTDA,92265552000905,2026-03-13T12:35:07.000-0300,25351065502202241,2026-09-24T00:00:00.000-0300
3591999,105831027,cloridrato de bupropiona,1594635251,GERMED FARMACEUTICA LTDA,45992062000165,2025-12-12T16:16:18.000-0200,25351052256202348,2026-09-24T00:00:00.000-0300
3645022,105831041,pitavastatina cálcica,0234625261,GERMED FARMACEUTICA LTDA,45992062000165,2026-03-10T12:12:22.000-0300,25351488094202382,2026-09-24T00:00:00.000-0300
3640214,100431515,dimesilato de lisdexanfetamina,0266166261,EUROFARMA LABORATORIOS S.A.,61190096000192,2026-03-18T12:11:45.000-0300,25351511410202327,2026-09-24T00:00:00.000-0300
3557017,100431456,DIVALPROATO DE SÓDIO,0316608262,EUROFARMA LABORATORIOS S.A.,61190096000192,2026-04-01T12:11:44.000-0300,25351043198202019,2026-09-24T00:00:00.000-0300
3565903,100630262,clonazepam,0523630255,INSTITUTO BIOCHIMICO INDÚSTRIA FARMACÊUTICA LTDA,33258401000103,2025-04-16T15:07:37.000-0300,25351447185202287,2026-09-24T00:00:00.000-0300
3564474,118190451,cloridrato de tramadol,0222580267,MULTILAB INDUSTRIA E COMERCIO DE PRODUTOS FARMACEUTICOS LTDA,92265552000905,2026-03-06T11:08:30.000-0300,25351068355202261,2026-09-24T00:00:00.000-0300
3589738,104971527,TANDRIFLAN,0816522260,UNIÃO QUÍMICA FARMACÊUTICA NACIONAL S/A,60665981000118,2026-08-11T13:33:21.000-0300,25351119989202299,2026-09-24T00:00:00.000-0300
3529244,178170932,XAROPE BENETOSSE,0811726266,COSMED INDUSTRIA DE COSMETICOS E MEDICAMENTOS S.A.,61082426000207,2026-08-10T14:10:56.000-0300,25351537468202210,2026-09-24T00:00:00.000-0300
3655279,135170081,mirabegrona,0519964268,ALTHAIA S.A. INDUSTRIA FARMACEUTICA,48344725000719,2026-05-27T11:10:22.000-0300,25351640844202333,2026-09-24T00:00:00.000-0300
1299081,112363433,Erfandel,0791860264,JANSSEN-CILAG FARMACÊUTICA LTDA,51780468000187,2026-08-06T07:08:17.000-0300,25351860423201860,2026-09-24T00:00:00.000-0300
3637333,109740369,LIDE,0220536261,BIOLAB SANUS FARMACÊUTICA LTDA,49475833000106,2026-03-05T19:14:55.000-0300,25351545951202278,2026-09-24T00:00:00.000-0300
3656066,105710170,DIPIRONA SODICA,0448208261,BELFAR LTDA,18324343000177,2026-05-08T09:03:01.000-0300,25351613196202342,2026-09-24T00:00:00.000-0300
3560526,155840643,VITAMINA D3,1603570250,BRAINFARMA INDÚSTRIA QUÍMICA E FARMACÊUTICA S.A,05161069000110,2025-12-15T15:27:57.000-0200,25351370963202232,2026-09-24T00:00:00.000-0300
3568985,100431460,PAXIBE,0082984263,EUROFARMA LABORATORIOS S.A.,61190096000192,2026-01-26T21:14:14.000-0200,25351486694202225,2026-09-24T00:00:00.000-0300
3642225,100470655,ESTRADOT,0656908262,SANDOZ DO BRASIL INDÚSTRIA FARMACÊUTICA LTDA,61286647000116,2026-07-03T08:12:48.000-0300,25351387052202325,2026-09-24T00:00:00.000-0300
3565899,118190468,atorvastatina cálcica,0238833267,MULTILAB INDUSTRIA E COMERCIO DE PRODUTOS FARMACEUTICOS LTDA,92265552000905,2026-03-11T14:54:57.000-0300,25351068334202245,2026-09-24T00:00:00.000-0300
3588933,118190475,aripiprazol,0256940258,MULTILAB INDUSTRIA E COMERCIO DE PRODUTOS FARMACEUTICOS LTDA,92265552000905,2025-02-24T10:32:39.000-0300,25351659899202236,2026-09-24T00:00:00.000-0300
3609168,156650006,BMAST,1025372247,"DROXTER INDUSTRIA, COMÉRCIO E PARTICIPAÇÕES LTDA",05090043000129,2024-07-26T14:47:38.000-0300,25351208205202387,2026-09-24T00:00:00.000-0300
3650285,105350252,ONDAALIVE,0590591266,LABORATÓRIO GLOBO SA,17115437000173,2026-06-16T13:16:00.000-0300,25351632382202381,2026-09-24T00:00:00.000-0300
3565616,118190460,cloridrato de diltiazem,0439128269,MULTILAB INDUSTRIA E COMERCIO DE PRODUTOS FARMACEUTICOS LTDA,92265552000905,2026-05-06T10:08:38.000-0300,25351065579202211,2026-09-24T00:00:00.000-0300
3565655,118190463,esomeprazol magnésico tri-hidratado,1576595251,MULTILAB INDUSTRIA E COMERCIO DE PRODUTOS FARMACEUTICOS LTDA,92265552000905,2025-12-08T12:27:21.000-0200,25351068277202202,2026-09-24T00:00:00.000-0300
3584140,109170135,EFURIX,1404432256,MEDQUIMICA INDUSTRIA FARMACEUTICA LTDA.,17875154000120,2025-10-22T08:21:02.000-0300,25351647197202218,2026-09-24T00:00:00.000-0300
3607648,133480005,RANIVISIO,0604015267,BIOMM SA,04752991000110,2026-06-19T10:21:41.000-0300,25351159774202391,2026-09-24T00:00:00.000-0300
3651028,157211207,DAKTARIN GEL ORAL,0047950242,KENVUE LTDA.,59748988000114,2024-01-15T11:02:55.000-0200,25351464481202323,2026-09-24T00:00:00.000-0300
3565901,118190470,FUNOK,0782443265,MULTILAB INDUSTRIA E COMERCIO DE PRODUTOS FARMACEUTICOS LTDA,92265552000905,2026-08-04T13:40:05.000-0300,25351068339202278,2026-09-24T00:00:00.000-0300
3624301,115240018,NAVELBINE,0730563260,BLANVER FARMOQUIMICA E FARMACEUTICA S.A.,53359824000119,2026-07-22T16:55:30.000-0300,25351294643202350,2026-09-24T00:00:00.000-0300
3554718,105831025,cloridrato de tramadol + paracetamol,0557992265,GERMED FARMACEUTICA LTDA,45992062000165,2026-06-08T15:40:16.000-0300,25351180655202217,2026-09-24T00:00:00.000-0300
3575695,146820127,levetiracetam,0816319260,SUN FARMACÊUTICA DO BRASIL LTDA,05035244000123,2026-08-11T12:25:37.000-0300,25351561624202263,2026-09-24T00:00:00.000-0300
3578224,100630277,cloridrato de donepezila,0848185251,INSTITUTO BIOCHIMICO INDÚSTRIA FARMACÊUTICA LTDA,33258401000103,2025-06-28T10:46:16.000-0300,25351584850202212,2026-09-24T00:00:00.000-0300
3593937,118190479,dimesilato de lisdexanfetamina,0502075261,MULTILAB INDUSTRIA E COMERCIO DE PRODUTOS FARMACEUTICOS LTDA,92265552000905,2026-05-22T09:44:48.000-0300,25351338862202277,2026-09-24T00:00:00.000-0300
3547130,105730020,RAVUMA,0372470238,ACHÉ LABORATÓRIOS FARMACÊUTICOS S.A,60659463002992,2023-04-13T14:28:42.000-0300,25351293306202264,2026-09-24T00:00:00.000-0300
3651461,110130298,montelucaste de sódio +   dicloridrato de levocetirizina,0610480260,GLENMARK FARMACÊUTICA LTDA,44363661000157,2026-06-22T12:29:55.000-0300,25351390292202315,2026-09-24T00:00:00.000-0300
3508954,103920205,ALGY GOTAS,0171536266,VITAMEDIC INDUSTRIA FARMACEUTICA LTDA,30222814000131,2026-02-20T16:38:16.000-0200,25351570924202233,2026-09-24T00:00:00.000-0300
3656542,186200014,DULCOLAX GOTAS,1280103256,OPELLA HEALTHCARE BRAZIL LTDA,38391432000143,2025-09-26T15:45:56.000-0300,25351617419202341,2026-09-24T00:00:00.000-0300
3586156,174650017,lactato de milrinona,1742860249,FARMA VISION IMPORTAÇÃO E EXPORTAÇÃO DE MEDICAMENTOS LTDA,09058502000148,2024-12-20T11:00:18.000-0200,25351648019202204,2026-09-24T00:00:00.000-0300
3652326,157211213,MOTILIUM,1489835253,KENVUE LTDA.,59748988000114,2025-11-12T14:08:11.000-0200,25351464757202373,2026-09-24T00:00:00.000-0300
3628290,154230348,OFTALMOX,0272292265,GEOLAB INDÚSTRIA FARMACÊUTICA S/A,03485572000104,2026-03-19T17:57:38.000-0300,25351166284202341,2026-09-24T00:00:00.000-0300
3563225,118190412,propionato de clobetasol,1637789254,MULTILAB INDUSTRIA E COMERCIO DE PRODUTOS FARMACEUTICOS LTDA,92265552000905,2025-12-22T17:18:58.000-0200,25351065539202279,2026-09-24T00:00:00.000-0300
3585125,139000005,ORLADEYO,0546175261,PINT PHARMA PRODUTOS MEDICO-HOSPITALARES E FARMACEUTICOS LTDA,21896000000191,2026-06-03T15:22:48.000-0300,25351627149202203,2026-09-24T00:00:00.000-0300
3593938,105831030,dimesilato de lisdexanfetamina,0502134267,GERMED FARMACEUTICA LTDA,45992062000165,2026-05-22T10:01:02.000-0300,25351338836202249,2026-09-24T00:00:00.000-0300
3563370,118190443,cloridrato de dorzolamida,0100463231,MULTILAB INDUSTRIA E COMERCIO DE PRODUTOS FARMACEUTICOS LTDA,92265552000905,2023-02-01T10:37:09.000-0200,25351065512202286,2026-09-24T00:00:00.000-0300
3627719,154230349,cloridrato de ondansetrona,0586852263,GEOLAB INDÚSTRIA FARMACÊUTICA S/A,03485572000104,2026-06-15T16:35:19.000-0300,25351391855202384,2026-09-24T00:00:00.000-0300
3651797,105831038,levetiracetam,0222693266,GERMED FARMACEUTICA LTDA,45992062000165,2026-03-06T11:25:08.000-0300,25351616906202396,2026-09-24T00:00:00.000-0300
1299296,112780084,TRIPLIXAM,0765420261,LABORATÓRIOS SERVIER DO BRASIL LTDA,42374207000176,2026-07-30T14:41:46.000-0300,25351593668201601,2026-09-24T00:00:00.000-0300
1344351,104971434,desogestrel,0834946254,UNIÃO QUÍMICA FARMACÊUTICA NACIONAL S/A,60665981000118,2025-06-25T17:05:56.000-0300,25351128526201831,2026-09-24T00:00:00.000-0300
1411748,101180630,DUEFORZI,4080232209,APSEN FARMACEUTICA S/A,62462015000129,2020-11-19T11:30:05.000-0200,25351126883202080,2026-09-24T00:00:00.000-0300
1491563,103720299,DHIVAS,1542764254,SUPERA FARMA LABORATÓRIOS S.A,43312503000105,2025-11-28T09:46:23.000-0200,25351619919202074,2026-09-24T00:00:00.000-0300
1558188,106390303,JUNEVE,0213520265,TAKEDA PHARMA LTDA.,60397775000174,2026-03-04T15:07:08.000-0300,25351779447202016,2026-09-24T00:00:00.000-0300
1555344,104971451,NEOCOPAN COMPOSTO,0752578260,UNIÃO QUÍMICA FARMACÊUTICA NACIONAL S/A,60665981000118,2026-07-28T10:41:52.000-0300,25351763271202072,2026-09-24T00:00:00.000-0300
1558022,106390302,AGRYLIN,1622928253,TAKEDA PHARMA LTDA.,60397775000174,2025-12-18T17:21:28.000-0200,25351778268202053,2026-09-24T00:00:00.000-0300
509689,101510119,HAEMOCOMPLETTAN P,1628962259,CSL BEHRING COMÉRCIO DE PRODUTOS FARMACÊUTICOS LTDA,62969589000198,2025-12-19T14:59:50.000-0200,25351471741200616,2026-09-24T00:00:00.000-0300
1430653,115600259,APETIVITON BC,0202081265,CIFARMA CIENTÍFICA FARMACÊUTICA LTDA,17562075000169,2026-03-02T11:53:04.000-0300,25351790906202012,2026-09-24T00:00:00.000-0300
1366640,143810244,Fericimed,3943768200,CIMED INDUSTRIA S.A,02814497000107,2020-11-10T09:41:31.000-0200,25351493700201903,2026-09-24T00:00:00.000-0300
1386136,183260436,CLORANA,1657254241,SANOFI MEDLEY FARMACÊUTICA LTDA.,10588595001092,2024-12-04T11:07:50.000-0200,25351627525201956,2026-09-24T00:00:00.000-0300
1389760,100850149,PROINFLAC,1337997251,LABORATORIOS B. BRAUN S/A,31673254000102,2025-10-08T09:47:16.000-0300,25351092127202040,2026-09-24T00:00:00.000-0300
1461716,104971448,BUPICAN,0038910268,UNIÃO QUÍMICA FARMACÊUTICA NACIONAL S/A,60665981000118,2026-01-14T10:27:50.000-0200,25351617294202014,2026-09-24T00:00:00.000-0300
1729395,165070008,bortezomibe,0186346263,Camber Farmaceutica Ltda,24633934000129,2026-02-25T12:59:37.000-0300,25351042830202015,2026-09-24T00:00:00.000-0300
1425891,100431316,REUPLAQ,0081899262,EUROFARMA LABORATORIOS S.A.,61190096000192,2026-01-26T18:00:37.000-0200,25351574419202004,2026-09-24T00:00:00.000-0300
1339188,100681164,oxalato de escitalopram,0099084261,NOVARTIS BIOCIENCIAS S.A,56994502000130,2026-01-30T09:35:42.000-0200,25351246479201998,2026-09-24T00:00:00.000-0300
1389759,178170919,CORISTINA D PRO,1485056250,COSMED INDUSTRIA DE COSMETICOS E MEDICAMENTOS S.A.,61082426000207,2025-11-11T14:39:53.000-0200,25351055499202095,2026-09-24T00:00:00.000-0300
1350663,117170079,ENJOY,0361410207,PHARMASCIENCE INDUSTRIA FARMACEUTICA S.A,25773037000183,2020-02-05T08:41:44.000-0200,25351452983201925,2026-09-24T00:00:00.000-0300
1426334,171260004,UPELIOR,1654514250,RECORDATI RARE DISEASES COMÉRCIO DE MEDICAMENTOS LTDA - ME,53056057000179,2025-12-30T00:20:57.000-0200,25351324951202074,2026-09-24T00:00:00.000-0300
1413413,155620056,cefalotina sódica,1603962255,ANTIBIÓTICOS DO BRASIL LTDA,05439635000103,2025-12-15T16:45:34.000-0200,25351665621201811,2026-09-24T00:00:00.000-0300
1784968,109740309,BILYT,1237962251,BIOLAB SANUS FARMACÊUTICA LTDA,49475833000106,2025-09-18T16:04:17.000-0300,25351425752202082,2026-09-24T00:00:00.000-0300
1659837,182610008,OSELFLU,0612968260,NATCOFARMA DO BRASIL LTDA,08157293000127,2026-06-22T18:58:39.000-0300,25351899759202037,2026-09-24T00:00:00.000-0300
2228934,104971481,FONT D,0511106246,UNIÃO QUÍMICA FARMACÊUTICA NACIONAL S/A,60665981000118,2024-04-22T09:42:35.000-0300,25351768218202068,2026-09-24T00:00:00.000-0300
1349621,112780077,ACERTALIX,0320877264,LABORATÓRIOS SERVIER DO BRASIL LTDA,42374207000176,2026-04-02T09:49:20.000-0300,25351666271201475,2026-09-24T00:00:00.000-0300
1381072,114620041,MITRIP,1337307238,MYRALIS INDÚSTRIA FARMACÊUTICA LTDA,17440261000125,2023-11-28T17:04:11.000-0200,25351749172201944,2026-09-24T00:00:00.000-0300
1737036,102980604,VOLATA,0185335268,CRISTÁLIA PRODUTOS QUÍMICOS FARMACÊUTICOS LTDA.,44734671000151,2026-02-25T10:05:14.000-0300,25351575358202094,2026-09-24T00:00:00.000-0300
1740646,102351413,cloridrato de tramadol + paracetamol,0557988268,EMS S/A,57507378000365,2026-06-08T15:35:26.000-0300,25351581469202030,2026-09-24T00:00:00.000-0300
1743805,155840645,sulfato de hidroxicloroquina,0608965260,BRAINFARMA INDÚSTRIA QUÍMICA E FARMACÊUTICA S.A,05161069000110,2026-06-22T08:34:23.000-0300,25351609994202027,2026-09-24T00:00:00.000-0300
1410254,167730648,OLMEGRAN HCT,0278832261,LEGRAND PHARMA INDÚSTRIA FARMACÊUTICA LTDA,05044984000126,2026-03-23T13:40:32.000-0300,25351175883201481,2026-09-24T00:00:00.000-0300
1824604,103700795,cloridrato de nortriptilina,0259559261,LABORATÓRIO TEUTO BRASILEIRO S/A,17159229000176,2026-03-17T11:33:28.000-0300,25351771468202085,2026-09-24T00:00:00.000-0300
1898530,139000003,GALAFOLD,0082433267,PINT PHARMA PRODUTOS MEDICO-HOSPITALARES E FARMACEUTICOS LTDA,21896000000191,2026-01-26T18:50:15.000-0200,25351816326202135,2026-09-24T00:00:00.000-0300
2413435,100431476,trometamol cetorolaco,0141730269,EUROFARMA LABORATORIOS S.A.,61190096000192,2026-02-11T13:44:43.000-0200,25351753832202114,2026-09-24T00:00:00.000-0300
3327920,109740358,DOISKA 180,0150759266,BIOLAB SANUS FARMACÊUTICA LTDA,49475833000106,2026-02-13T11:32:58.000-0200,25351206136202113,2026-09-24T00:00:00.000-0300
1405575,158320002,WILLENTINE,1490488251,Mawdsleys Pharmaceuticals do Brasil Ltda,19501429000190,2025-11-12T15:19:52.000-0200,25351289045202016,2026-09-24T00:00:00.000-0300
1421187,123520285,mesalazina,0383504261,RANBAXY FARMACÊUTICA LTDA,73663650000190,2026-04-20T09:17:48.000-0300,25351610661202041,2026-09-24T00:00:00.000-0300
1362676,102351341,COMPLEXO B 12 XPE,1506595251,EMS S/A,57507378000365,2025-11-17T18:43:24.000-0200,25351380390201717,2026-09-24T00:00:00.000-0300
1409586,100470643,SUGADIOZ,0710971257,SANDOZ DO BRASIL INDÚSTRIA FARMACÊUTICA LTDA,61286647000116,2025-05-26T17:29:37.000-0300,25351374539202003,2026-09-24T00:00:00.000-0300
1411065,100681171,cloridrato de donepezila,4492345221,NOVARTIS BIOCIENCIAS S.A,56994502000130,2022-08-02T07:11:05.000-0300,25351174737202061,2026-09-24T00:00:00.000-0300
1459988,100431453,GABA ER,0316171263,EUROFARMA LABORATORIOS S.A.,61190096000192,2026-04-01T11:48:01.000-0300,25351839632202069,2026-09-24T00:00:00.000-0300
1452123,104971465,CISAUNI,0649745264,UNIÃO QUÍMICA FARMACÊUTICA NACIONAL S/A,60665981000118,2026-07-01T15:59:57.000-0300,25351871132202011,2026-09-24T00:00:00.000-0300
1480037,155620057,RAPIFEN,0658146262,ANTIBIÓTICOS DO BRASIL LTDA,05439635000103,2026-07-03T12:03:16.000-0300,25351660735202090,2026-09-24T00:00:00.000-0300
1426636,171260005,SIGNIFOR LP,1654463256,RECORDATI RARE DISEASES COMÉRCIO DE MEDICAMENTOS LTDA - ME,53056057000179,2025-12-30T00:24:18.000-0200,25351325100202049,2026-09-24T00:00:00.000-0300
1801432,103920224,aciclovir,1445066254,VITAMEDIC INDUSTRIA FARMACEUTICA LTDA,30222814000131,2025-10-31T08:47:07.000-0300,25351730271202096,2026-09-24T00:00:00.000-0300
1645468,110630159,BIO-MANGUINHOS SOMATROPINA,0333882261,FUNDAÇÃO OSWALDO CRUZ,33781055000135,2026-04-07T15:36:29.000-0300,25351894424202022,2026-09-24T00:00:00.000-0300
2292644,109740325,KITAPEN,0284016268,BIOLAB SANUS FARMACÊUTICA LTDA,49475833000106,2026-03-24T17:01:02.000-0300,25351423928202142,2026-09-24T00:00:00.000-0300
1411761,155840582,MIRADOR,0196914264,BRAINFARMA INDÚSTRIA QUÍMICA E FARMACÊUTICA S.A,05161069000110,2026-02-27T14:39:29.000-0300,25351077243202039,2026-09-24T00:00:00.000-0300
3281236,105250097,lacosamida,0251664261,TORRENT DO BRASIL LTDA,33078528000132,2026-03-13T23:56:20.000-0300,25351736012202150,2026-09-24T00:00:00.000-0300
2785966,100431408,CITOBÊ,1500557251,EUROFARMA LABORATORIOS S.A.,61190096000192,2025-11-14T16:16:42.000-0200,25351229131202151,2026-09-24T00:00:00.000-0300
3171512,104971509,ONDSET SOLUÇÃO ORAL,0625839251,UNIÃO QUÍMICA FARMACÊUTICA NACIONAL S/A,60665981000118,2025-05-08T17:15:12.000-0300,25351164982202221,2026-09-24T00:00:00.000-0300
3231575,118190243,cloridrato de naratriptana,1588893251,MULTILAB INDUSTRIA E COMERCIO DE PRODUTOS FARMACEUTICOS LTDA,92265552000905,2025-12-11T10:51:17.000-0200,25351062952202281,2026-09-24T00:00:00.000-0300
3309785,116370177,DNAREN,0106435264,BLAU FARMACÊUTICA S.A.,58430828000160,2026-02-02T14:31:23.000-0200,25351029473202253,2026-09-24T00:00:00.000-0300
2885060,100330223,AYMEE,0463691253,LIBBS FARMACÊUTICA LTDA,61230314000175,2025-04-04T08:31:08.000-0300,25351061823202195,2026-09-24T00:00:00.000-0300
2925620,100290217,NASONEX®,0409883263,ORGANON FARMACÊUTICA LTDA.,45987013000134,2026-04-28T09:29:43.000-0300,25351373727202197,2026-09-24T00:00:00.000-0300
3207892,105831013,dicloridrato de levocetirizina,1443756245,GERMED FARMACEUTICA LTDA,45992062000165,2024-10-21T11:43:37.000-0300,25351101862202213,2026-09-24T00:00:00.000-0300
3207907,105831009,nimesulida,0756133254,GERMED FARMACEUTICA LTDA,45992062000165,2025-06-04T12:23:50.000-0300,25351049659202229,2026-09-24T00:00:00.000-0300
2788544,103900217,CLOTRIMIX,0421835265,FARMOQUÍMICA S/A,33349473000158,2026-04-30T11:41:18.000-0300,25351373965202101,2026-09-24T00:00:00.000-0300
3572514,110360267,LYNDAVELUNO,1137690232,HEMAFARMA COM E IND FARMACEUTICA LTDA,30332829000152,2023-10-20T16:04:43.000-0300,25351572127202291,2026-09-24T00:00:00.000-0300
2811963,193040002,ALBUMINA HUMANA HEMOBRÁS,0843408260,EMPRESA BRASILEIRA DE HEMODERIVADOS E BIOTECNOLOGIA,07607851000146,2026-08-18T11:10:35.000-0300,25351703906202163,2026-09-24T00:00:00.000-0300
3553174,118190371,VALSARTANA,1553975251,MULTILAB INDUSTRIA E COMERCIO DE PRODUTOS FARMACEUTICOS LTDA,92265552000905,2025-12-02T15:49:47.000-0200,25351065422202295,2026-09-24T00:00:00.000-0300
3549571,105730094,BIXLYN,0493633260,ACHÉ LABORATÓRIOS FARMACÊUTICOS S.A,60659463002992,2026-05-20T16:34:41.000-0300,25351266222202258,2026-09-24T00:00:00.000-0300
3446783,121100484,MEKTOVI,1606205251,PFIZER BRASIL LTDA,61072393000133,2025-12-16T10:15:32.000-0200,25351117439202235,2026-09-24T00:00:00.000-0300
3584120,183260502,BEYFORTUS,0663120268,SANOFI MEDLEY FARMACÊUTICA LTDA.,10588595001092,2026-07-06T11:29:39.000-0300,25351638395202282,2026-09-24T00:00:00.000-0300
1450380,129160206,AKLIEF,0014977265,GALDERMA BRASIL LTDA,00317372000146,2026-01-07T14:44:47.000-0200,25351866750202040,2026-09-24T00:00:00.000-0300
3002760,151430087,FLYKATO,0326656260,DR. REDDYS FARMACÊUTICA DO BRASIL LTDA,03978166000175,2026-04-06T11:41:56.000-0300,25351086914202214,2026-09-24T00:00:00.000-0300
3528549,125680344,hemitartarato de zolpidem,0846398265,PRATI DONADUZZI & CIA LTDA,73856593000166,2026-08-18T17:13:26.000-0300,25351163210202272,2026-09-24T00:00:00.000-0300
3510780,100580125,FERRIPROX BD,0147026261,CHIESI FARMACÊUTICA LTDA,61363032000146,2026-02-12T15:00:26.000-0200,25351163909202232,2026-09-24T00:00:00.000-0300
2895354,105350244,pregabalina,0258661267,LABORATÓRIO GLOBO SA,17115437000173,2026-03-17T09:00:50.000-0300,25351076203202151,2026-09-24T00:00:00.000-0300
2964793,105250094,ticagrelor,0719844266,TORRENT DO BRASIL LTDA,33078528000132,2026-07-21T08:43:04.000-0300,25351089987202187,2026-09-24T00:00:00.000-0300
2978609,138230006,KALYDECO,0927721244,VERTEX FARMACEUTICA DO BRASIL LTDA.,21798065000102,2024-07-08T11:02:58.000-0300,25351050887202241,2026-09-24T00:00:00.000-0300
3449824,100431442,NUVYOR,0405159269,EUROFARMA LABORATORIOS S.A.,61190096000192,2026-04-27T10:50:19.000-0300,25351680488202129,2026-09-24T00:00:00.000-0300
3446706,121100483,BRAFTOVI,0346837260,PFIZER BRASIL LTDA,61072393000133,2026-04-10T08:08:41.000-0300,25351117372202239,2026-09-24T00:00:00.000-0300
3449591,105831019,gabapentina,1063440238,GERMED FARMACEUTICA LTDA,45992062000165,2023-10-05T15:28:04.000-0300,25351218337202155,2026-09-24T00:00:00.000-0300
3234651,103870083,HYPOZAM,0671972260,HYPOFARMA - INSTITUTO DE HYPODERMIA E FARMÁCIA LTDA,17174657000178,2026-07-07T23:19:12.000-0300,25351267900202208,2026-09-24T00:00:00.000-0300
3022724,105831006,gabapentina,0792491254,GERMED FARMACEUTICA LTDA,45992062000165,2025-06-12T11:16:18.000-0300,25351228108202149,2026-09-24T00:00:00.000-0300
2989909,105730792,FUSOR,0614434262,ACHÉ LABORATÓRIOS FARMACÊUTICOS S.A,60659463002992,2026-06-23T08:47:27.000-0300,25351178952202111,2026-09-24T00:00:00.000-0300
3468824,118190293,cloridrato de fexofenadina,0465856268,MULTILAB INDUSTRIA E COMERCIO DE PRODUTOS FARMACEUTICOS LTDA,92265552000905,2026-05-13T15:19:00.000-0300,25351063009202296,2026-09-24T00:00:00.000-0300
3468946,118190294,cloridrato de fexofenadina,0288408268,MULTILAB INDUSTRIA E COMERCIO DE PRODUTOS FARMACEUTICOS LTDA,92265552000905,2026-03-25T15:37:56.000-0300,25351063010202211,2026-09-24T00:00:00.000-0300
3504031,101180656,LABIRIN XR,0603797261,APSEN FARMACEUTICA S/A,62462015000129,2026-06-19T09:37:36.000-0300,25351158286202286,2026-09-24T00:00:00.000-0300
2984144,143810277,esomeprazol magnésico,0625701267,CIMED INDUSTRIA S.A,02814497000107,2026-06-25T11:03:29.000-0300,25351168937202165,2026-09-24T00:00:00.000-0300
3163048,155840616,apixabana,0556210263,BRAINFARMA INDÚSTRIA QUÍMICA E FARMACÊUTICA S.A,05161069000110,2026-06-08T11:32:48.000-0300,25351023699202160,2026-09-24T00:00:00.000-0300
2993444,189770001,LOSEC,0448494264,BIOPAS BRASIL PRODUTOS FARMACEUTICOS LTDA,31327287000192,2026-05-08T09:34:44.000-0300,25351790509202113,2026-09-24T00:00:00.000-0300
3180936,112600204,RETSEVMO,0758158262,ELI LILLY DO BRASIL LTDA,43940618000144,2026-07-29T10:59:33.000-0300,25351110940202271,2026-09-24T00:00:00.000-0300
3202399,193040005,FATOR IX DE COAGULAÇÃO HEMOBRÁS,0843503262,EMPRESA BRASILEIRA DE HEMODERIVADOS E BIOTECNOLOGIA,07607851000146,2026-08-18T11:31:27.000-0300,25351836480202123,2026-09-24T00:00:00.000-0300
3458677,110130295,dicloridrato de levocetirizina,0536520267,GLENMARK FARMACÊUTICA LTDA,44363661000157,2026-06-01T16:31:30.000-0300,25351523963202241,2026-09-24T00:00:00.000-0300
3191316,105350225,ciprofibrato,0119516268,LABORATÓRIO GLOBO SA,17115437000173,2026-02-05T10:25:55.000-0200,25351743313202130,2026-09-24T00:00:00.000-0300
2723701,125680332,cloridrato de ondansetrona,0614186269,PRATI DONADUZZI & CIA LTDA,73856593000166,2026-06-23T08:00:08.000-0300,25351620311202173,2026-09-24T00:00:00.000-0300
2790911,103900225,SEDAVAN,0609271261,FARMOQUÍMICA S/A,33349473000158,2026-06-22T09:36:47.000-0300,25351373966202147,2026-09-24T00:00:00.000-0300
3202466,109740352,VITAMINA D3,0107039265,BIOLAB SANUS FARMACÊUTICA LTDA,49475833000106,2026-02-02T15:46:22.000-0200,25351067189202285,2026-09-24T00:00:00.000-0300
3193029,109740351,cloridrato de donepezila,0327956267,BIOLAB SANUS FARMACÊUTICA LTDA,49475833000106,2026-04-06T15:26:10.000-0300,25351059586202283,2026-09-24T00:00:00.000-0300
3469055,118190295,amoxicilina,0013547267,MULTILAB INDUSTRIA E COMERCIO DE PRODUTOS FARMACEUTICOS LTDA,92265552000905,2026-01-07T10:13:39.000-0200,25351063011202265,2026-09-24T00:00:00.000-0300
3471303,100431546,ASTRO IV,0041150261,EUROFARMA LABORATORIOS S.A.,61190096000192,2026-01-14T17:29:02.000-0200,25351113196202266,2026-09-24T00:00:00.000-0300
3450142,118190273,cloridrato de memantina,0314401237,MULTILAB INDUSTRIA E COMERCIO DE PRODUTOS FARMACEUTICOS LTDA,92265552000905,2023-03-29T10:35:48.000-0300,25351151161202144,2026-09-24T00:00:00.000-0300
2976400,105250096,succinato de desvenlafaxina,0233175261,TORRENT DO BRASIL LTDA,33078528000132,2026-03-10T07:36:15.000-0300,25351866934202191,2026-09-24T00:00:00.000-0300
2671285,100431355,PIVAST,0114791261,EUROFARMA LABORATORIOS S.A.,61190096000192,2026-02-04T11:12:04.000-0200,25351843807202113,2026-09-24T00:00:00.000-0300
2641733,118190224,CORTITOP,0190385260,MULTILAB INDUSTRIA E COMERCIO DE PRODUTOS FARMACEUTICOS LTDA,92265552000905,2026-02-26T11:12:07.000-0300,25351253521202141,2026-09-24T00:00:00.000-0300
2088329,100431338,NUANCE,0087905264,EUROFARMA LABORATORIOS S.A.,61190096000192,2026-01-28T07:46:27.000-0200,25351180249202092,2026-09-24T00:00:00.000-0300
1986137,102980571,DARVYR,0596066261,CRISTÁLIA PRODUTOS QUÍMICOS FARMACÊUTICOS LTDA.,44734671000151,2026-06-17T14:13:48.000-0300,25351110461202173,2026-09-24T00:00:00.000-0300
3580071,155370143,azacitidina,0803142269,ACCORD FARMACÊUTICA LTDA,64171697000146,2026-08-07T16:46:32.000-0300,25351549187202218,2026-09-24T00:00:00.000-0300
1389518,116180285,KOSELUGO,0448008262,ASTRAZENECA DO BRASIL LTDA,60318797000100,2026-05-08T07:47:52.000-0300,25351088677202064,2026-09-24T00:00:00.000-0300
2190025,155840604,TENSALIV,0603994261,BRAINFARMA INDÚSTRIA QUÍMICA E FARMACÊUTICA S.A,05161069000110,2026-06-19T10:17:06.000-0300,25351848724202111,2026-09-24T00:00:00.000-0300
2450644,101000675,VABYSMO,0416253261,PRODUTOS ROCHE QUÍMICOS E FARMACÊUTICOS S.A.,33009945000123,2026-04-29T10:50:06.000-0300,25351693082202114,2026-09-24T00:00:00.000-0300
2527193,105730780,Vivencia Patch,1020301252,ACHÉ LABORATÓRIOS FARMACÊUTICOS S.A,60659463002992,2025-08-08T07:56:21.000-0300,25351764538201824,2026-09-24T00:00:00.000-0300
141083,123520089,losartana potássica,1118792201,RANBAXY FARMACÊUTICA LTDA,73663650000190,2020-04-13T16:42:21.000-0300,253510338490174,2026-09-24T00:00:00.000-0300
2107137,116370170,sugamadex sódico,0151616264,BLAU FARMACÊUTICA S.A.,58430828000160,2026-02-13T14:48:10.000-0200,25351284123202177,2026-09-24T00:00:00.000-0300
2089988,116370201,docetaxel,0912058269,BLAU FARMACÊUTICA S.A.,58430828000160,2026-09-02T15:44:57.000-0300,25351284132202168,2026-09-24T00:00:00.000-0300
1723138,116370171,sulfato de polimixina B,0969954263,BLAU FARMACÊUTICA S.A.,58430828000160,2026-09-17T15:32:42.000-0300,25351531638202091,2026-09-24T00:00:00.000-0300
2491274,155840607,Cloridrato de tramadol + paracetamol,0573245266,BRAINFARMA INDÚSTRIA QUÍMICA E FARMACÊUTICA S.A,05161069000110,2026-06-11T11:12:01.000-0300,25351463418202116,2026-09-24T00:00:00.000-0300
2292746,103720305,ALPES XL,1593446250,SUPERA FARMA LABORATÓRIOS S.A,43312503000105,2025-12-12T11:24:40.000-0200,25351536038202019,2026-09-24T00:00:00.000-0300
2292747,100431337,cloridrato de bupropiona,0040209261,EUROFARMA LABORATORIOS S.A.,61190096000192,2026-01-14T14:54:02.000-0200,25351221960201971,2026-09-24T00:00:00.000-0300
2136908,104971462,cetoprofeno,1337611255,UNIÃO QUÍMICA FARMACÊUTICA NACIONAL S/A,60665981000118,2025-10-08T07:43:57.000-0300,25351482782202096,2026-09-24T00:00:00.000-0300
2205154,104971464,fosfato dissódico de betametasona + dipropionato de betametasona,0050229265,UNIÃO QUÍMICA FARMACÊUTICA NACIONAL S/A,60665981000118,2026-01-16T14:13:53.000-0200,25351264133202196,2026-09-24T00:00:00.000-0300
2172222,102351407,ROCAB,1602011257,EMS S/A,57507378000365,2025-12-15T14:06:49.000-0200,25351418162202184,2026-09-24T00:00:00.000-0300
2395601,105710166,VALIUM,0325730261,BELFAR LTDA,18324343000177,2026-04-06T08:27:10.000-0300,25351557942202149,2026-09-24T00:00:00.000-0300
3583563,167730681,ONCILEG CORT,0105997269,LEGRAND PHARMA INDÚSTRIA FARMACÊUTICA LTDA,05044984000126,2026-02-02T12:12:35.000-0200,25351342666202205,2026-09-24T00:00:00.000-0300
1983998,118190216,ACALMILFITO,1560098252,MULTILAB INDUSTRIA E COMERCIO DE PRODUTOS FARMACEUTICOS LTDA,92265552000905,2025-12-03T16:34:04.000-0200,25351963576202082,2026-09-24T00:00:00.000-0300
2387201,105730765,MELIK,0281588236,ACHÉ LABORATÓRIOS FARMACÊUTICOS S.A,60659463002992,2023-03-21T10:29:35.000-0300,25351552501202151,2026-09-24T00:00:00.000-0300
1980153,141070651,succinato de desvenlafaxina,0248916262,PHARLAB INDÚSTRIA FARMACÊUTICA S.A.,02501297000102,2026-03-13T12:51:01.000-0300,25351104231202175,2026-09-24T00:00:00.000-0300
2235395,178170913,VENALOT,1588313255,COSMED INDUSTRIA DE COSMETICOS E MEDICAMENTOS S.A.,61082426000207,2025-12-11T09:18:34.000-0200,25351109962202115,2026-09-24T00:00:00.000-0300
1907637,178170898,NOVOTRAM PAR,0600760260,COSMED INDUSTRIA DE COSMETICOS E MEDICAMENTOS S.A.,61082426000207,2026-06-18T14:25:55.000-0300,25351568013202084,2026-09-24T00:00:00.000-0300
1897723,178170948,BUSCOFEM,0633041262,COSMED INDUSTRIA DE COSMETICOS E MEDICAMENTOS S.A.,61082426000207,2026-06-26T15:54:07.000-0300,25351938364202148,2026-09-24T00:00:00.000-0300
3032675,183260493,XENPOZYME,0664566251,SANOFI MEDLEY FARMACÊUTICA LTDA.,10588595001092,2025-05-16T11:09:41.000-0300,25351074020202281,2026-09-24T00:00:00.000-0300
3188676,104971485,VITAMINA D3,0511461241,UNIÃO QUÍMICA FARMACÊUTICA NACIONAL S/A,60665981000118,2024-04-22T09:57:38.000-0300,25351096195202169,2026-09-24T00:00:00.000-0300
3550020,105730052,FAMOX,1581690258,ACHÉ LABORATÓRIOS FARMACÊUTICOS S.A,60659463002992,2025-12-09T16:32:35.000-0200,25351290805202208,2026-09-24T00:00:00.000-0300
3550403,155370119,micafungina sódica,0941918254,ACCORD FARMACÊUTICA LTDA,64171697000146,2025-07-21T14:44:27.000-0300,25351292478202211,2026-09-24T00:00:00.000-0300
3550463,135170080,trometamol cetorolaco,0207396264,ALTHAIA S.A. INDUSTRIA FARMACEUTICA,48344725000719,2026-03-03T11:59:41.000-0300,25351292508202299,2026-09-24T00:00:00.000-0300
3549586,100431458,BEDOZE,0326056262,EUROFARMA LABORATORIOS S.A.,61190096000192,2026-04-06T09:24:31.000-0300,25351315280202212,2026-09-24T00:00:00.000-0300
3551373,101070368,ZEJULA,0338213261,GLAXOSMITHKLINE BRASIL LTDA,33247743000110,2026-04-08T13:33:43.000-0300,25351292491202270,2026-09-24T00:00:00.000-0300
3649475,100330224,EMGALITY,0014225247,LIBBS FARMACÊUTICA LTDA,61230314000175,2024-01-05T10:00:10.000-0200,25351482870202331,2026-09-24T00:00:00.000-0300
3525679,118190309,dipirona monoidratada,0443896259,MULTILAB INDUSTRIA E COMERCIO DE PRODUTOS FARMACEUTICOS LTDA,92265552000905,2025-04-01T12:09:03.000-0300,25351063042202216,2026-09-24T00:00:00.000-0300
2851466,110130297,xinafoato de salmeterol + propionato de fluticasona,1505839254,GLENMARK FARMACÊUTICA LTDA,44363661000157,2025-11-17T16:23:35.000-0200,25351008915202147,2026-09-24T00:00:00.000-0300
2983801,155840613,bilastina,0609991264,BRAINFARMA INDÚSTRIA QUÍMICA E FARMACÊUTICA S.A,05161069000110,2026-06-22T11:36:32.000-0300,25351218336202119,2026-09-24T00:00:00.000-0300
3411302,178170966,DUXXEN,0588973262,COSMED INDUSTRIA DE COSMETICOS E MEDICAMENTOS S.A.,61082426000207,2026-06-16T09:05:13.000-0300,25351982658202115,2026-09-24T00:00:00.000-0300
2971755,101710232,JANUMET,0857286269,MERCK SHARP & DOHME FARMACEUTICA LTDA.,03560974000118,2026-08-20T16:57:39.000-0300,25351357209202126,2026-09-24T00:00:00.000-0300
3389408,155840644,NATURETTI,1585648256,BRAINFARMA INDÚSTRIA QUÍMICA E FARMACÊUTICA S.A,05161069000110,2025-12-10T15:14:12.000-0200,25351497284202218,2026-09-24T00:00:00.000-0300
3468981,105250102,OLEPTAL,0713252260,TORRENT DO BRASIL LTDA,33078528000132,2026-07-20T08:52:13.000-0300,25351089988202121,2026-09-24T00:00:00.000-0300
3469097,103700769,TARBET,0992860261,LABORATÓRIO TEUTO BRASILEIRO S/A,17159229000176,2026-09-23T10:44:45.000-0300,25351090265202256,2026-09-24T00:00:00.000-0300
2791885,103900221,Cherry,0519478266,FARMOQUÍMICA S/A,33349473000158,2026-05-27T09:13:00.000-0300,25351781369202192,2026-09-24T00:00:00.000-0300
2937098,105730793,CORUS,0619928263,ACHÉ LABORATÓRIOS FARMACÊUTICOS S.A,60659463002992,2026-06-24T06:34:07.000-0300,25351070769201587,2026-09-24T00:00:00.000-0300
3345478,118190338,bissulfato de clopidogrel,0141494263,MULTILAB INDUSTRIA E COMERCIO DE PRODUTOS FARMACEUTICOS LTDA,92265552000905,2026-02-11T12:33:23.000-0200,25351062992202223,2026-09-24T00:00:00.000-0300
1254021,135690729,Bramicar HCT,0543819264,EMS SIGMA PHARMA LTDA,00923140000131,2026-06-03T09:41:10.000-0300,25351099420201451,2026-09-24T00:00:00.000-0300
1166654,105250085,ACOG,0828098255,TORRENT DO BRASIL LTDA,33078528000132,2025-06-24T09:34:19.000-0300,25351230018201731,2026-09-24T00:00:00.000-0300
1321685,110130291,sulfato de salbutamol,1530195250,GLENMARK FARMACÊUTICA LTDA,44363661000157,2025-11-25T14:58:40.000-0200,25351259374201907,2026-09-24T00:00:00.000-0300
1322846,143810226,FLAXXIL,0629040190,CIMED INDUSTRIA S.A,02814497000107,2019-07-18T10:52:33.000-0300,25351086417201911,2026-09-24T00:00:00.000-0300
1232105,122140114,EGURINEL,0987260260,ADIUM S.A.,55980684000127,2026-09-22T10:15:06.000-0300,25351069454201883,2026-09-24T00:00:00.000-0300
1276360,105830940,HERPSTAL,0180545264,GERMED FARMACEUTICA LTDA,45992062000165,2026-02-24T16:23:24.000-0300,25351564992201887,2026-09-24T00:00:00.000-0300
1326595,106830190,ARTISS,0586850261,BAXTER HOSPITALAR LTDA,49351786000261,2026-06-15T16:34:58.000-0300,25351285934201971,2026-09-24T00:00:00.000-0300
1324789,155730057,RAGIONE,0849336261,TEVA FARMACÊUTICA LTDA.,05333542000108,2026-08-19T11:33:03.000-0300,25351287055201901,2026-09-24T00:00:00.000-0300
1318922,100330212,CECI,0125306261,LIBBS FARMACÊUTICA LTDA,61230314000175,2026-02-06T11:57:08.000-0200,25351227100201903,2026-09-24T00:00:00.000-0300
857968,105250078,hemifumarato de bisoprolol,0104756268,TORRENT DO BRASIL LTDA,33078528000132,2026-02-02T09:15:21.000-0200,25351585898201223,2026-09-24T00:00:00.000-0300
1263980,100330205,VIVAXXIA,0355113261,LIBBS FARMACÊUTICA LTDA,61230314000175,2026-04-13T08:21:15.000-0300,25351385179201842,2026-09-24T00:00:00.000-0300
1263953,102980470,BREVIBLOC DILUÍDO,0366924265,CRISTÁLIA PRODUTOS QUÍMICOS FARMACÊUTICOS LTDA.,44734671000151,2026-04-15T11:40:08.000-0300,25351356554201454,2026-09-24T00:00:00.000-0300
1296262,112780076,ONCASPAR,1113483245,LABORATÓRIOS SERVIER DO BRASIL LTDA,42374207000176,2024-08-14T15:12:41.000-0300,25351771428201819,2026-09-24T00:00:00.000-0300
1100790,156510072,cloridrato de donepezila,1644175258,ZYDUS NIKKHO FARMACÊUTICA LTDA,05254971000181,2025-12-23T18:35:20.000-0200,25351367266201380,2026-09-24T00:00:00.000-0300
962441,102351335,olmesartana medoxomila,0222234261,EMS S/A,57507378000365,2026-03-06T09:48:02.000-0300,25351311870201405,2026-09-24T00:00:00.000-0300
360012,100330121,DOCELIBBS,0899125263,LIBBS FARMACÊUTICA LTDA,61230314000175,2026-08-31T14:44:30.000-0300,25351024457200310,2026-09-24T00:00:00.000-0300
1294960,103920195,HEDERA HELIX VITAMEDIC,4476538223,VITAMEDIC INDUSTRIA FARMACEUTICA LTDA,30222814000131,2022-07-29T14:36:50.000-0300,25351813216201816,2026-09-24T00:00:00.000-0300
1301826,105730667,tadalafila,1173452257,ACHÉ LABORATÓRIOS FARMACÊUTICOS S.A,60659463002992,2025-09-03T12:09:52.000-0300,25351858221201858,2026-09-24T00:00:00.000-0300
1318947,112363429,UPTRAVI,1238754252,JANSSEN-CILAG FARMACÊUTICA LTDA,51780468000187,2025-09-18T18:34:16.000-0300,25351150194201952,2026-09-24T00:00:00.000-0300
1315975,105730711,NOSINT,0463126262,ACHÉ LABORATÓRIOS FARMACÊUTICOS S.A,60659463002992,2026-05-13T08:36:46.000-0300,25351011937201970,2026-09-24T00:00:00.000-0300
1318930,188300068,REPARIL,0435406264,VIATRIS FARMACEUTICA DO BRASIL LTDA,11643096000122,2026-05-05T13:24:48.000-0300,25351108965201917,2026-09-24T00:00:00.000-0300
1252901,105830927,citrato de tamoxifeno,1345138253,GERMED FARMACEUTICA LTDA,45992062000165,2025-10-09T14:41:52.000-0300,25351212788201883,2026-09-24T00:00:00.000-0300
1116297,155730038,FULVESTRANTO,0321354265,TEVA FARMACÊUTICA LTDA.,05333542000108,2026-04-02T11:13:38.000-0300,25351227487201610,2026-09-24T00:00:00.000-0300
1309395,116370186,ampicilina sódica + sulbactam sódico,0251728251,BLAU FARMACÊUTICA S.A.,58430828000160,2025-02-21T15:08:26.000-0300,25351127634201978,2026-09-24T00:00:00.000-0300
1299318,104300043,UNAK,0628662262,DIFFUCAP - CHEMOBRÁS QUÍMICA E FARMACÊUTICA LTDA,42457796000156,2026-06-25T17:53:36.000-0300,25351390581201849,2026-09-24T00:00:00.000-0300
1257723,104971431,maleato de dexclorfeniramina,2736227212,UNIÃO QUÍMICA FARMACÊUTICA NACIONAL S/A,60665981000118,2021-07-14T10:07:19.000-0300,25351309418201868,2026-09-24T00:00:00.000-0300
1298859,105730566,ALENIA,0736402268,ACHÉ LABORATÓRIOS FARMACÊUTICOS S.A,60659463002992,2026-07-23T17:00:26.000-0300,25351676160201811,2026-09-24T00:00:00.000-0300
1014567,100330202,verazo,0675694264,LIBBS FARMACÊUTICA LTDA,61230314000175,2026-07-08T17:02:46.000-0300,25351788181201440,2026-09-24T00:00:00.000-0300
1296210,105730600,cloridrato de fluoxetina,1085452221,ACHÉ LABORATÓRIOS FARMACÊUTICOS S.A,60659463002992,2022-03-14T12:35:21.000-0300,25351727659201895,2026-09-24T00:00:00.000-0300
1309387,116370163,Oxaliplatina,0004300262,BLAU FARMACÊUTICA S.A.,58430828000160,2026-01-05T11:16:04.000-0200,25351127616201996,2026-09-24T00:00:00.000-0300
1299110,154230285,mesilato de doxazosina,0631208267,GEOLAB INDÚSTRIA FARMACÊUTICA S/A,03485572000104,2026-06-26T11:22:52.000-0300,25351805627201838,2026-09-24T00:00:00.000-0300
1219576,154230268,atenolol,0542816205,GEOLAB INDÚSTRIA FARMACÊUTICA S/A,03485572000104,2020-02-21T15:13:56.000-0300,25351599816201785,2026-09-24T00:00:00.000-0300
1330779,121100478,RUXIENCE,0224681265,PFIZER BRASIL LTDA,61072393000133,2026-03-06T15:53:50.000-0300,25351323375201912,2026-09-24T00:00:00.000-0300
1284247,102980488,MAXIBELL,1594537259,CRISTÁLIA PRODUTOS QUÍMICOS FARMACÊUTICOS LTDA.,44734671000151,2025-12-12T15:43:12.000-0200,25351653902201821,2026-09-24T00:00:00.000-0300
1228525,167730576,sinvastatina,0992445264,LEGRAND PHARMA INDÚSTRIA FARMACÊUTICA LTDA,05044984000126,2026-09-23T09:28:29.000-0300,25351674052201714,2026-09-24T00:00:00.000-0300
929870,143810220,loratadina + sulfato de pseudoefedrina,3964403201,CIMED INDUSTRIA S.A,02814497000107,2020-11-11T15:48:44.000-0200,25351662003201314,2026-09-24T00:00:00.000-0300
1295218,114620026,MYRAFER,1593399251,MYRALIS INDÚSTRIA FARMACÊUTICA LTDA,17440261000125,2025-12-12T11:17:01.000-0200,25351608596201879,2026-09-24T00:00:00.000-0300
1337920,186100014,VIMOVO,1513123218,GRÜNENTHAL DO BRASIL FARMACÊUTICA LTDA.,10555143000113,2021-04-20T13:25:55.000-0300,25351293056201967,2026-09-24T00:00:00.000-0300
1300399,105730630,DICLORIDRATO DE PRAMIPEXOL,1147840253,ACHÉ LABORATÓRIOS FARMACÊUTICOS S.A,60659463002992,2025-08-27T09:08:01.000-0300,25351856350201810,2026-09-24T00:00:00.000-0300
1252052,100380106,DEFULL,1338284258,BRASTERAPICA PHARMACEUTICA LTDA.,46179008000168,2025-10-08T10:35:08.000-0300,25351342055201796,2026-09-24T00:00:00.000-0300
1329026,183260352,STILNOX,0492955263,SANOFI MEDLEY FARMACÊUTICA LTDA.,10588595001092,2026-05-20T14:54:37.000-0300,25351190128201915,2026-09-24T00:00:00.000-0300
1248629,114620034,DPREV GOTAS,1600658253,MYRALIS INDÚSTRIA FARMACÊUTICA LTDA,17440261000125,2025-12-15T09:49:32.000-0200,25351112520201701,2026-09-24T00:00:00.000-0300
1317685,188300067,ZOTEON PÓ,0056116268,VIATRIS FARMACEUTICA DO BRASIL LTDA,11643096000122,2026-01-19T15:54:31.000-0200,25351045143201918,2026-09-24T00:00:00.000-0300
1267269,104910071,BICARBONATO DE SÓDIO,0897222253,JP INDUSTRIA FARMACEUTICA S/A,55972087000150,2025-07-08T16:10:30.000-0300,25351729396201778,2026-09-24T00:00:00.000-0300
1295302,105730601,CLORIDRATO DE SOTALOL,4524231203,ACHÉ LABORATÓRIOS FARMACÊUTICOS S.A,60659463002992,2020-12-21T16:24:10.000-0200,25351756011201826,2026-09-24T00:00:00.000-0300
1303881,155840565,AXETILCEFUROXIMA,0623154269,BRAINFARMA INDÚSTRIA QUÍMICA E FARMACÊUTICA S.A,05161069000110,2026-06-24T16:38:14.000-0300,25351859610201809,2026-09-24T00:00:00.000-0300
1222507,155730049,Rarija,0204564247,TEVA FARMACÊUTICA LTDA.,05333542000108,2024-02-21T15:58:31.000-0300,25351658924201705,2026-09-24T00:00:00.000-0300
1450131,100431319,valerato de betametasona + sulfato de gentamicina + tolnaftato + clioquinol,0085200263,EUROFARMA LABORATORIOS S.A.,61190096000192,2026-01-27T14:14:52.000-0200,25351681704201939,2026-09-24T00:00:00.000-0300
1380813,105730750,trometamol cetorolaco,0618314261,ACHÉ LABORATÓRIOS FARMACÊUTICOS S.A,60659463002992,2026-06-23T17:16:54.000-0300,25351747444201971,2026-09-24T00:00:00.000-0300
1560535,106390304,VENVANSE,0213152266,TAKEDA PHARMA LTDA.,60397775000174,2026-03-04T14:23:05.000-0300,25351779375202007,2026-09-24T00:00:00.000-0300
1729435,118190207,CICLATRY,0705281264,MULTILAB INDUSTRIA E COMERCIO DE PRODUTOS FARMACEUTICOS LTDA,92265552000905,2026-07-16T15:21:31.000-0300,25351391885202048,2026-09-24T00:00:00.000-0300
1568346,105730764,VOLARE,0654427267,ACHÉ LABORATÓRIOS FARMACÊUTICOS S.A,60659463002992,2026-07-02T15:23:05.000-0300,25351894171202097,2026-09-24T00:00:00.000-0300
1824965,106460229,ENEK,0947942246,LABORATORIO QUIMICO FARMACEUTICO BERGAMO LTDA,61282661000141,2024-07-11T12:13:04.000-0300,25351664401202095,2026-09-24T00:00:00.000-0300
1383752,125680308,HARIP,0713590262,PRATI DONADUZZI & CIA LTDA,73856593000166,2026-07-20T09:57:40.000-0300,25351704102201967,2026-09-24T00:00:00.000-0300
1346525,183260406,RIFOCINA SPRAY,1232295248,SANOFI MEDLEY FARMACÊUTICA LTDA.,10588595001092,2024-09-06T14:58:25.000-0300,25351411616201971,2026-09-24T00:00:00.000-0300
1368731,100431286,ibandronato de sódio,0411341235,EUROFARMA LABORATORIOS S.A.,61190096000192,2023-04-25T13:12:08.000-0300,25351543446201993,2026-09-24T00:00:00.000-0300
1379631,188710007,OPTAFLAN,0486936261,GALLIA INDUSTRIA FARMACEUTICA LTDA,12022755000176,2026-05-19T12:23:44.000-0300,25351597259201920,2026-09-24T00:00:00.000-0300
1403660,103700744,cloridrato de diltiazem,0617496251,LABORATÓRIO TEUTO BRASILEIRO S/A,17159229000176,2025-05-07T15:37:24.000-0300,25351054316202014,2026-09-24T00:00:00.000-0300
1636559,154230314,olmesartana medoxomila,0279993269,GEOLAB INDÚSTRIA FARMACÊUTICA S/A,03485572000104,2026-03-23T17:55:50.000-0300,25351735804201721,2026-09-24T00:00:00.000-0300
1744465,109740303,alfaestradiol,0834046229,BIOLAB SANUS FARMACÊUTICA LTDA,49475833000106,2022-03-04T14:21:01.000-0300,25351935371202015,2026-09-24T00:00:00.000-0300
1805112,102980568,SPOX,0612902269,CRISTÁLIA PRODUTOS QUÍMICOS FARMACÊUTICOS LTDA.,44734671000151,2026-06-22T18:05:35.000-0300,25351759450202013,2026-09-24T00:00:00.000-0300
2034377,131360006,ALIBSTAR,1654270253,PANAMERICAN MEDICAL SUPPLY SUPRIMENTOS MÉDICOS LTDA,01329816000126,2025-12-29T22:31:56.000-0200,25351056974202121,2026-09-24T00:00:00.000-0300
1122642,102351369,LUDILI ED,0089098269,EMS S/A,57507378000365,2026-01-28T11:29:13.000-0200,25351300635201621,2026-09-24T00:00:00.000-0300
1131347,167730666,ALANDRE,0089495268,LEGRAND PHARMA INDÚSTRIA FARMACÊUTICA LTDA,05044984000126,2026-01-28T12:14:15.000-0200,25351421036201640,2026-09-24T00:00:00.000-0300
1106405,167730665,DIENOGESTE,0089147260,LEGRAND PHARMA INDÚSTRIA FARMACÊUTICA LTDA,05044984000126,2026-01-28T11:51:32.000-0200,25351069157201676,2026-09-24T00:00:00.000-0300
1106403,105830988,DIENOGESTE,0089124260,GERMED FARMACEUTICA LTDA,45992062000165,2026-01-28T11:36:05.000-0200,25351069324201689,2026-09-24T00:00:00.000-0300
1425971,101000672,PHESGO,0538377267,PRODUTOS ROCHE QUÍMICOS E FARMACÊUTICOS S.A.,33009945000123,2026-06-02T06:53:48.000-0300,25351632348202063,2026-09-24T00:00:00.000-0300
1491489,110850047,linezolida,0774791268,FARMACE INDÚSTRIA QUÍMICO-FARMACÊUTICA CEARENSE LTDA,06628333000146,2026-08-03T08:28:34.000-0300,25351927963202055,2026-09-24T00:00:00.000-0300
1418602,102351351,NAUDAN ODT,0150304269,EMS S/A,57507378000365,2026-02-13T09:56:46.000-0200,25351300870202089,2026-09-24T00:00:00.000-0300
3613680,122140135,palmitato de paliperidona,0584463260,ADIUM S.A.,55980684000127,2026-06-15T11:04:02.000-0300,25351284883202346,2026-09-24T00:00:00.000-0300
1425303,135170061,ibuprofeno,1613203250,ALTHAIA S.A. INDUSTRIA FARMACEUTICA,48344725000719,2025-12-17T11:16:34.000-0200,25351380192202020,2026-09-24T00:00:00.000-0300
807369,155840280,dipirona sódica,0579134261,BRAINFARMA INDÚSTRIA QUÍMICA E FARMACÊUTICA S.A,05161069000110,2026-06-12T14:03:43.000-0300,25351538823201149,2026-09-24T00:00:00.000-0300
1401239,123610093,KEPPRA XR,1617733253,UCB BIOPHARMA LTDA.,64711500000114,2025-12-17T19:26:37.000-0200,25351195341201788,2026-09-24T00:00:00.000-0300
1369786,102351322,aciclovir,1593168250,EMS S/A,57507378000365,2025-12-12T10:41:37.000-0200,25351435658201906,2026-09-24T00:00:00.000-0300
1619082,102351357,SECRELISE,0163698261,EMS S/A,57507378000365,2026-02-19T13:49:13.000-0200,25351489262202012,2026-09-24T00:00:00.000-0300
1376549,102351326,levodopa + cloridrato de benserazida,1626757259,EMS S/A,57507378000365,2025-12-19T09:53:04.000-0200,25351592471201909,2026-09-24T00:00:00.000-0300
1377222,100580121,LAMZEDE,0854357254,CHIESI FARMACÊUTICA LTDA,61363032000146,2025-06-30T09:28:00.000-0300,25351706858201941,2026-09-24T00:00:00.000-0300
1337168,105350224,LIPFITE,0119368269,LABORATÓRIO GLOBO SA,17115437000173,2026-02-05T10:06:01.000-0200,25351392773201971,2026-09-24T00:00:00.000-0300
1354813,105830960,PAPILUP,1458540251,GERMED FARMACEUTICA LTDA,45992062000165,2025-11-04T15:02:39.000-0200,25351220466201999,2026-09-24T00:00:00.000-0300
1384038,105730794,DORENE LÍQUIDO,1488694257,ACHÉ LABORATÓRIOS FARMACÊUTICOS S.A,60659463002992,2025-11-12T10:26:12.000-0200,25351748011201909,2026-09-24T00:00:00.000-0300
1402908,100431305,cloridrato de fexofenadina,4366954214,EUROFARMA LABORATORIOS S.A.,61190096000192,2021-11-05T07:46:43.000-0300,25351021296202003,2026-09-24T00:00:00.000-0300
1412621,143810296,montelucaste de sódio,0633330264,CIMED INDUSTRIA S.A,02814497000107,2026-06-26T16:59:24.000-0300,25351447581202042,2026-09-24T00:00:00.000-0300
1420493,115600224,NOREGYNA,0275103269,CIFARMA CIENTÍFICA FARMACÊUTICA LTDA,17562075000169,2026-03-20T15:12:13.000-0300,25351144007202035,2026-09-24T00:00:00.000-0300
2045878,154230317,diclofenaco sódico,0114481261,GEOLAB INDÚSTRIA FARMACÊUTICA S/A,03485572000104,2026-02-04T10:10:49.000-0200,25351022722202107,2026-09-24T00:00:00.000-0300
1737030,103700754,propofol,1200670256,LABORATÓRIO TEUTO BRASILEIRO S/A,17159229000176,2025-09-10T11:03:53.000-0300,25351574739202056,2026-09-24T00:00:00.000-0300
2062445,183260475,succinato de metoprolol,1461672252,SANOFI MEDLEY FARMACÊUTICA LTDA.,10588595001092,2025-11-05T07:51:07.000-0200,25351509760202081,2026-09-24T00:00:00.000-0300
1340914,104070110,capecitabina,0238035263,INSTITUTO VITAL BRAZIL S/A,30064034000100,2026-03-11T12:39:35.000-0300,25351347611201988,2026-09-24T00:00:00.000-0300
1403658,182610005,NOAZY,0623865262,NATCOFARMA DO BRASIL LTDA,08157293000127,2026-06-24T18:17:42.000-0300,25351573537201953,2026-09-24T00:00:00.000-0300
1407511,155730052,mesilato de rasagilina,0853914265,TEVA FARMACÊUTICA LTDA.,05333542000108,2026-08-20T10:29:31.000-0300,25351207571202076,2026-09-24T00:00:00.000-0300
1508630,154230313,omeprazol,0812638263,GEOLAB INDÚSTRIA FARMACÊUTICA S/A,03485572000104,2026-08-10T15:56:02.000-0300,25351682719202058,2026-09-24T00:00:00.000-0300
1347679,100431279,ANTARA,1387903250,EUROFARMA LABORATORIOS S.A.,61190096000192,2025-10-16T22:24:33.000-0300,25351430060201912,2026-09-24T00:00:00.000-0300
1357553,141070629,DPHAR,1634902254,PHARLAB INDÚSTRIA FARMACÊUTICA S.A.,02501297000102,2025-12-22T08:15:07.000-0200,25351265447201991,2026-09-24T00:00:00.000-0300
3583084,109170129,DALMADORM,1643184253,MEDQUIMICA INDUSTRIA FARMACEUTICA LTDA.,17875154000120,2025-12-23T15:58:08.000-0200,25351646193202212,2026-09-24T00:00:00.000-0300
1824624,156510103,carbidopa + levodopa,0735309264,ZYDUS NIKKHO FARMACÊUTICA LTDA,05254971000181,2026-07-23T14:15:31.000-0300,25351790832202197,2026-09-24T00:00:00.000-0300
1764425,101180634,ramelteona,0777230267,APSEN FARMACEUTICA S/A,62462015000129,2026-08-03T15:14:01.000-0300,25351664035202074,2026-09-24T00:00:00.000-0300
3371662,155840633,domperidona,0584422261,BRAINFARMA INDÚSTRIA QUÍMICA E FARMACÊUTICA S.A,05161069000110,2026-06-15T10:55:40.000-0300,25351544466202287,2026-09-24T00:00:00.000-0300
3554782,135170075,etodolaco,0595994261,ALTHAIA S.A. INDUSTRIA FARMACEUTICA,48344725000719,2026-06-17T14:46:21.000-0300,25351344658202295,2026-09-24T00:00:00.000-0300
2945317,193570006,TERGLY,0451767233,VOLPHARMA DISTRIBUIDORA DE PRODUTOS HOSPITALARES E FARMACÊUTICOS LTDA,14665928000108,2023-05-05T11:33:44.000-0300,25351978836202103,2026-09-24T00:00:00.000-0300
2776210,115600258,CEBETYM,0748119264,CIFARMA CIENTÍFICA FARMACÊUTICA LTDA,17562075000169,2026-07-27T15:25:16.000-0300,25351789945202140,2026-09-24T00:00:00.000-0300
1377247,139640003,DOJOLVI,1176711253,ULTRAGENYX BRASIL FARMACEUTICA LTDA,27724245000118,2025-09-04T08:38:16.000-0300,25351711527201922,2026-09-24T00:00:00.000-0300
3237491,118190250,cloridrato de sertralina,0217584268,MULTILAB INDUSTRIA E COMERCIO DE PRODUTOS FARMACEUTICOS LTDA,92265552000905,2026-03-05T10:52:35.000-0300,25351062936202299,2026-09-24T00:00:00.000-0300
2902224,120090034,BIOTOSS,1489493255,BIONATUS LABORATÓRIO BOTÂNICO LTDA,68032192000151,2025-11-12T12:28:28.000-0200,25351606706202163,2026-09-24T00:00:00.000-0300
3599541,105730107,BIOCE,0654346267,ACHÉ LABORATÓRIOS FARMACÊUTICOS S.A,60659463002992,2026-07-02T15:09:58.000-0300,25351670696202209,2026-09-24T00:00:00.000-0300
1645383,100431331,fosfato dissódico de dexametasona,0468663266,EUROFARMA LABORATORIOS S.A.,61190096000192,2026-05-14T08:45:52.000-0300,25351379285202010,2026-09-24T00:00:00.000-0300
3192881,155840620,etoricoxibe,0632040262,BRAINFARMA INDÚSTRIA QUÍMICA E FARMACÊUTICA S.A,05161069000110,2026-06-26T13:58:49.000-0300,25351093542202282,2026-09-24T00:00:00.000-0300
2625446,100431404,MINILAX,1653692251,EUROFARMA LABORATORIOS S.A.,61190096000192,2025-12-29T18:42:11.000-0200,25351064938202131,2026-09-24T00:00:00.000-0300
3202761,105730017,AQUARELA,0223223263,ACHÉ LABORATÓRIOS FARMACÊUTICOS S.A,60659463002992,2026-03-06T12:37:14.000-0300,25351145906202136,2026-09-24T00:00:00.000-0300
2272528,117660039,Wegovy,0429193262,NOVO NORDISK FARMACÊUTICA DO BRASIL LTDA,82277955000155,2026-05-04T11:46:54.000-0300,25351164882202114,2026-09-24T00:00:00.000-0300
2386736,113430200,PARINEX,0975820265,HIPOLABOR FARMACEUTICA LTDA,19570720000110,2026-09-18T14:11:27.000-0300,25351654380202181,2026-09-24T00:00:00.000-0300
3487919,105730098,COMBTOL,0795534256,ACHÉ LABORATÓRIOS FARMACÊUTICOS S.A,60659463002992,2025-06-13T09:40:47.000-0300,25351133715202211,2026-09-24T00:00:00.000-0300
3508933,103700770,LEXIN,1247967247,LABORATÓRIO TEUTO BRASILEIRO S/A,17159229000176,2024-09-11T08:51:05.000-0300,25351188148202221,2026-09-24T00:00:00.000-0300
2468733,105730774,HORA H,0184147255,ACHÉ LABORATÓRIOS FARMACÊUTICOS S.A,60659463002992,2025-02-10T11:22:39.000-0200,25351552906202199,2026-09-24T00:00:00.000-0300
2583273,100431360,RIVAR,0191244252,EUROFARMA LABORATORIOS S.A.,61190096000192,2025-02-11T11:23:19.000-0200,25351666992201900,2026-09-24T00:00:00.000-0300
2392946,132230111,LONADIAL,0529764261,FRESENIUS MEDICAL CARE LTDA,01440590000136,2026-05-29T10:43:33.000-0300,25351189111202130,2026-09-24T00:00:00.000-0300
2272526,173330005,VOXZOGO,0400165261,BIOMARIN BRASIL FARMACÊUTICA LTDA,08002360000134,2026-04-24T17:30:22.000-0300,25351440107202171,2026-09-24T00:00:00.000-0300
2103788,125680333,cloridrato de prometazina,0586750266,PRATI DONADUZZI & CIA LTDA,73856593000166,2026-06-15T16:18:49.000-0300,25351298617202139,2026-09-24T00:00:00.000-0300
2585871,155840646,maleato de bronfeniramina + cloridrato de fenilefrina,0249275261,BRAINFARMA INDÚSTRIA QUÍMICA E FARMACÊUTICA S.A,05161069000110,2026-03-13T13:46:43.000-0300,25351292885202147,2026-09-24T00:00:00.000-0300
2569181,141070654,desloratadina,0110729269,PHARLAB INDÚSTRIA FARMACÊUTICA S.A.,02501297000102,2026-02-03T13:23:25.000-0200,25351225676202198,2026-09-24T00:00:00.000-0300
2182155,103920203,BIOVARIXON,4334217222,VITAMEDIC INDUSTRIA FARMACEUTICA LTDA,30222814000131,2022-06-23T14:13:46.000-0300,25351672659202065,2026-09-24T00:00:00.000-0300
2191051,178170914,AD-TIL,1602278253,COSMED INDUSTRIA DE COSMETICOS E MEDICAMENTOS S.A.,61082426000207,2025-12-15T14:48:37.000-0200,25351109985202111,2026-09-24T00:00:00.000-0300
1421261,103110181,MIXISTAR,0610474260,HALEX ISTAR INDÚSTRIA FARMACÊUTICA SA,01571702000198,2026-06-22T12:27:09.000-0300,25351441147201915,2026-09-24T00:00:00.000-0300
2142870,115600234,enantato de noretisterona + valerato de estradiol,1731767213,CIFARMA CIENTÍFICA FARMACÊUTICA LTDA,17562075000169,2021-05-05T14:57:31.000-0300,25351364310201676,2026-09-24T00:00:00.000-0300
2154884,122140120,trometamol cetorolaco,0258634260,ADIUM S.A.,55980684000127,2026-03-17T08:51:40.000-0300,25351389342202141,2026-09-24T00:00:00.000-0300
2544814,102351427,VOGNUS,0157356264,EMS S/A,57507378000365,2026-02-18T10:53:27.000-0200,25351179359202192,2026-09-24T00:00:00.000-0300
2333048,144930063,ALYVIAZES,0632108266,AIRELA INDÚSTRIA FARMACÊUTICA LTDA.,01858973000129,2026-06-26T14:11:18.000-0300,25351662005202112,2026-09-24T00:00:00.000-0300
2555734,101180651,DUEPOLI  ER,1539846253,APSEN FARMACEUTICA S/A,62462015000129,2025-11-27T15:23:00.000-0200,25351206007202117,2026-09-24T00:00:00.000-0300
2090009,146820107,ONO,1588785254,SUN FARMACÊUTICA DO BRASIL LTDA,05035244000123,2025-12-11T10:40:00.000-0200,25351284202202188,2026-09-24T00:00:00.000-0300
2645033,102351412,ZEVUXA,1626699259,EMS S/A,57507378000365,2025-12-19T09:40:20.000-0200,25351435813202109,2026-09-24T00:00:00.000-0300
2650907,165070024,HANAZ,0095579265,Camber Farmaceutica Ltda,24633934000129,2026-01-29T14:42:41.000-0200,25351420158202186,2026-09-24T00:00:00.000-0300
2746650,100431377,FORFIG,1603737251,EUROFARMA LABORATORIOS S.A.,61190096000192,2025-12-15T15:56:49.000-0200,25351840311202198,2026-09-24T00:00:00.000-0300
1959210,151430064,SUVERSADEX,0130049263,DR. REDDYS FARMACÊUTICA DO BRASIL LTDA,03978166000175,2026-02-09T08:20:33.000-0200,25351069157202133,2026-09-24T00:00:00.000-0300
2535899,106390306,FIDEGERP,0348117230,TAKEDA PHARMA LTDA.,60397775000174,2023-04-06T12:59:44.000-0300,25351149918202130,2026-09-24T00:00:00.000-0300
2257399,115600237,FLORALON,1525686259,CIFARMA CIENTÍFICA FARMACÊUTICA LTDA,17562075000169,2025-11-24T16:35:59.000-0200,25351088464202113,2026-09-24T00:00:00.000-0300
2389776,105730767,acetato de ciproterona + etinilestradiol,1193270251,ACHÉ LABORATÓRIOS FARMACÊUTICOS S.A,60659463002992,2025-09-09T09:23:29.000-0300,25351552531202167,2026-09-24T00:00:00.000-0300
2625194,116180292,dapagliflozina propanodiol,1018537252,ASTRAZENECA DO BRASIL LTDA,60318797000100,2025-08-07T17:40:24.000-0300,25351626899202179,2026-09-24T00:00:00.000-0300
2228743,102351370,cefalexina,0041054261,EMS S/A,57507378000365,2026-01-14T16:43:57.000-0200,25351045867202178,2026-09-24T00:00:00.000-0300
2251490,143810298,hemitartarato de zolpidem,0048584258,CIMED INDUSTRIA S.A,02814497000107,2025-01-14T08:35:57.000-0200,25351551141202170,2026-09-24T00:00:00.000-0300
2045559,103720302,RENOVI B,1542704251,SUPERA FARMA LABORATÓRIOS S.A,43312503000105,2025-11-28T09:32:07.000-0200,25351915026202138,2026-09-24T00:00:00.000-0300
1265031,150920001,EZ-TEC99m,0264559258,ECKERT & ZIEGLER BRASIL COMERCIAL LTDA,02887124000247,2025-02-25T11:29:17.000-0300,25351385232201813,2026-09-24T00:00:00.000-0300
1992396,100663399,HEDERA HERBARIUM,0180712233,LABORATORIO CATARINENSE LTDA,84684620000187,2023-02-23T10:45:58.000-0200,25351406147202011,2026-09-24T00:00:00.000-0300
2228471,102351371,SCOLYDRIN,2827255219,EMS S/A,57507378000365,2021-07-20T15:38:57.000-0300,25351289764202118,2026-09-24T00:00:00.000-0300
2172223,135170064,cloridrato de ondansetrona,0030786266,ALTHAIA S.A. INDUSTRIA FARMACEUTICA,48344725000719,2026-01-12T14:25:50.000-0200,25351418107202194,2026-09-24T00:00:00.000-0300
2010060,155840596,montelucaste de sódio,0599072261,BRAINFARMA INDÚSTRIA QUÍMICA E FARMACÊUTICA S.A,05161069000110,2026-06-18T09:34:33.000-0300,25351688309202011,2026-09-24T00:00:00.000-0300
3492997,104971503,XAB,0879952261,UNIÃO QUÍMICA FARMACÊUTICA NACIONAL S/A,60665981000118,2026-08-26T10:28:07.000-0300,25351166362202227,2026-09-24T00:00:00.000-0300
3525836,182610028,sugamadex sódico,0579037266,NATCOFARMA DO BRASIL LTDA,08157293000127,2026-06-12T13:41:22.000-0300,25351167302202221,2026-09-24T00:00:00.000-0300
3543574,100431497,etodolaco,0759607265,EUROFARMA LABORATORIOS S.A.,61190096000192,2026-07-29T14:24:04.000-0300,25351208011202209,2026-09-24T00:00:00.000-0300
2837624,101070360,APRETUDE,0131640267,GLAXOSMITHKLINE BRASIL LTDA,33247743000110,2026-02-09T14:10:03.000-0200,25351000219202192,2026-09-24T00:00:00.000-0300
3474146,141070657,pitavastatina cálcica,0543683265,PHARLAB INDÚSTRIA FARMACÊUTICA S.A.,02501297000102,2026-06-03T09:11:34.000-0300,25351117802202212,2026-09-24T00:00:00.000-0300
3482632,100431443,DAEM,0020911262,EUROFARMA LABORATORIOS S.A.,61190096000192,2026-01-08T17:59:19.000-0200,25351559448202119,2026-09-24T00:00:00.000-0300
2025539,178170909,ALEKTOS PED,0107080265,COSMED INDUSTRIA DE COSMETICOS E MEDICAMENTOS S.A.,61082426000207,2026-02-02T16:01:46.000-0200,25351110097202141,2026-09-24T00:00:00.000-0300
2987472,155840614,bilastina,0607807261,BRAINFARMA INDÚSTRIA QUÍMICA E FARMACÊUTICA S.A,05161069000110,2026-06-20T09:35:36.000-0300,25351432958202140,2026-09-24T00:00:00.000-0300
3544656,113430215,BIPOLIT,4656090221,HIPOLABOR FARMACEUTICA LTDA,19570720000110,2022-09-06T12:12:53.000-0300,25351448515202171,2026-09-24T00:00:00.000-0300
3544668,102351432,pitavastatina cálcica,0234638265,EMS S/A,57507378000365,2026-03-10T12:15:55.000-0300,25351225021202209,2026-09-24T00:00:00.000-0300
3164524,105730795,MENSYVA,0560711263,ACHÉ LABORATÓRIOS FARMACÊUTICOS S.A,60659463002992,2026-06-09T08:41:54.000-0300,25351145905202191,2026-09-24T00:00:00.000-0300
3283566,118190329,CETOCONAZOL + DIPROPIONATO DE BETAMETASONA,1578087252,MULTILAB INDUSTRIA E COMERCIO DE PRODUTOS FARMACEUTICOS LTDA,92265552000905,2025-12-08T17:32:26.000-0200,25351062948202213,2026-09-24T00:00:00.000-0300
3264407,105831015,olmesartana medoxomila+besilato de anlodipino,0893202266,GERMED FARMACEUTICA LTDA,45992062000165,2026-08-28T15:32:26.000-0300,25351417235202200,2026-09-24T00:00:00.000-0300
3373744,121420674,SONOZZZ,0014382261,PROCTER & GAMBLE DO BRASIL LTDA.,59476770000158,2026-01-07T12:13:29.000-0200,25351516182202110,2026-09-24T00:00:00.000-0300
3543105,105730018,RUNNER EZE,1369529252,ACHÉ LABORATÓRIOS FARMACÊUTICOS S.A,60659463002992,2025-10-13T09:36:44.000-0300,25351240590202276,2026-09-24T00:00:00.000-0300
2999496,105730791,ANDRUM,0610129261,ACHÉ LABORATÓRIOS FARMACÊUTICOS S.A,60659463002992,2026-06-22T11:54:55.000-0300,25351787305202103,2026-09-24T00:00:00.000-0300
3314975,105831016,cloridrato de ondansetrona,0150416261,GERMED FARMACEUTICA LTDA,45992062000165,2026-02-13T10:23:46.000-0200,25351522378202224,2026-09-24T00:00:00.000-0300
3330146,110630161,lamivudina + dolutegravir sódico,1607955253,FUNDAÇÃO OSWALDO CRUZ,33781055000135,2025-12-16T14:28:32.000-0200,25351636170202119,2026-09-24T00:00:00.000-0300
3019800,113430205,TENSIOVAL,1415272247,HIPOLABOR FARMACEUTICA LTDA,19570720000110,2024-10-15T15:20:01.000-0300,25351005411202256,2026-09-24T00:00:00.000-0300
2939624,100431420,TAVOK,0297582259,EUROFARMA LABORATORIOS S.A.,61190096000192,2025-03-05T09:33:34.000-0300,25351167351202183,2026-09-24T00:00:00.000-0300
3209635,118190234,NEBACIDERME,0187907269,MULTILAB INDUSTRIA E COMERCIO DE PRODUTOS FARMACEUTICOS LTDA,92265552000905,2026-02-25T18:20:55.000-0300,25351304539201902,2026-09-24T00:00:00.000-0300
3339897,118190315,finasterida,1407872257,MULTILAB INDUSTRIA E COMERCIO DE PRODUTOS FARMACEUTICOS LTDA,92265552000905,2025-10-22T18:42:53.000-0300,25351063063202231,2026-09-24T00:00:00.000-0300
2999490,100470664,pregabalina,0377931268,SANDOZ DO BRASIL INDÚSTRIA FARMACÊUTICA LTDA,61286647000116,2026-04-17T10:40:34.000-0300,25351076955202201,2026-09-24T00:00:00.000-0300
2837878,102980586,MELAZTE,0622208268,CRISTÁLIA PRODUTOS QUÍMICOS FARMACÊUTICOS LTDA.,44734671000151,2026-06-24T14:12:23.000-0300,25351352285202145,2026-09-24T00:00:00.000-0300
2955703,104971525,mesilato de doxazosina,0743542258,UNIÃO QUÍMICA FARMACÊUTICA NACIONAL S/A,60665981000118,2025-06-02T14:13:26.000-0300,25351048469202294,2026-09-24T00:00:00.000-0300
3024575,113430208,CARBAMAZEPINA,0848645260,HIPOLABOR FARMACEUTICA LTDA,19570720000110,2026-08-19T09:23:29.000-0300,25351005486202237,2026-09-24T00:00:00.000-0300
3069802,100470663,fosfato de sitagliptina + cloridrato de metformina,0712582258,SANDOZ DO BRASIL INDÚSTRIA FARMACÊUTICA LTDA,61286647000116,2025-05-27T08:13:31.000-0300,25351125684202216,2026-09-24T00:00:00.000-0300
2837578,109290012,Trodelvy,0953918262,GILEAD SCIENCES FARMACEUTICA DO BRASIL LTDA,15670288000189,2026-09-14T16:40:48.000-0300,25351885399202177,2026-09-24T00:00:00.000-0300
2791240,100431393,ASSERT,0247668265,EUROFARMA LABORATORIOS S.A.,61190096000192,2026-03-13T09:29:51.000-0300,25351064946202188,2026-09-24T00:00:00.000-0300
3482317,155730066,dasatinibe monoidratado,0053134257,TEVA FARMACÊUTICA LTDA.,05333542000108,2025-01-14T14:55:24.000-0200,25351133690202247,2026-09-24T00:00:00.000-0300
3584504,174650020,ENOKSA,1388891255,FARMA VISION IMPORTAÇÃO E EXPORTAÇÃO DE MEDICAMENTOS LTDA,09058502000148,2025-10-17T09:58:35.000-0300,25351648010202295,2026-09-24T00:00:00.000-0300
3404988,178170944,DESCON,0249742268,COSMED INDUSTRIA DE COSMETICOS E MEDICAMENTOS S.A.,61082426000207,2026-03-13T14:56:22.000-0300,25351584872202100,2026-09-24T00:00:00.000-0300
3404989,178170945,CORISTINA D CONGEST,0297818261,COSMED INDUSTRIA DE COSMETICOS E MEDICAMENTOS S.A.,61082426000207,2026-03-27T10:49:38.000-0300,25351584873202146,2026-09-24T00:00:00.000-0300
3549103,143810284,PRAALERGIA,1659359244,CIMED INDUSTRIA S.A,02814497000107,2024-12-04T15:59:03.000-0200,25351285381202251,2026-09-24T00:00:00.000-0300
411855,117170057,GUACONAT,1620134250,PHARMASCIENCE INDUSTRIA FARMACEUTICA S.A,25773037000183,2025-12-18T11:11:26.000-0200,25351130193200596,2026-09-24T00:00:00.000-0300
2820448,100290206,HETORI,0392431262,ORGANON FARMACÊUTICA LTDA.,45987013000134,2026-04-23T09:20:33.000-0300,25351357110202124,2026-09-24T00:00:00.000-0300
3571906,103920212,TAXBAC,0336776233,VITAMEDIC INDUSTRIA FARMACEUTICA LTDA,30222814000131,2023-04-04T10:46:24.000-0300,25351570927202277,2026-09-24T00:00:00.000-0300
3571918,104971564,PANGASTRI,0118680269,UNIÃO QUÍMICA FARMACÊUTICA NACIONAL S/A,60665981000118,2026-02-05T08:12:31.000-0200,25351468377202227,2026-09-24T00:00:00.000-0300
3544665,103920206,FLANDY,0255654235,VITAMEDIC INDUSTRIA FARMACEUTICA LTDA,30222814000131,2023-03-14T13:49:26.000-0300,25351570278202212,2026-09-24T00:00:00.000-0300
2939568,101710223,PRIVYMTRA,1333506252,MERCK SHARP & DOHME FARMACEUTICA LTDA.,03560974000118,2025-10-07T11:09:36.000-0300,25351373734202199,2026-09-24T00:00:00.000-0300
3371626,100431438,pantoprazol sódico sesqui-hidratado,0405372264,EUROFARMA LABORATORIOS S.A.,61190096000192,2026-04-27T11:30:24.000-0300,25351538852202230,2026-09-24T00:00:00.000-0300
3208204,154230329,albendazol,0248724266,GEOLAB INDÚSTRIA FARMACÊUTICA S/A,03485572000104,2026-03-13T12:04:43.000-0300,25351584871202157,2026-09-24T00:00:00.000-0300
3237522,110520006,SALONPAS GEL PATCH,0770722261,HISAMITSU FARMACÊUTICA DO BRASIL LTDA,49383250000147,2026-07-31T13:41:03.000-0300,25351635108202100,2026-09-24T00:00:00.000-0300
3430976,122140121,SYMDULOR SL,0259207268,ADIUM S.A.,55980684000127,2026-03-17T10:34:55.000-0300,25351621427202120,2026-09-24T00:00:00.000-0300
3309463,155370104,TAXONTAS,1371287252,ACCORD FARMACÊUTICA LTDA,64171697000146,2025-10-13T15:06:53.000-0300,25351727026202182,2026-09-24T00:00:00.000-0300
1318292,164250004,QUESTRAN LIGHT,1303220253,MOKSHA8 BRASIL INDUSTRIA E COMERCIO DE MEDICAMENTOS LTDA,07591326000180,2025-09-30T09:53:04.000-0300,25351041286201942,2026-09-24T00:00:00.000-0300
3563180,118190420,hemitartarato de zolpidem,0609285262,MULTILAB INDUSTRIA E COMERCIO DE PRODUTOS FARMACEUTICOS LTDA,92265552000905,2026-06-22T09:40:45.000-0300,25351065480202219,2026-09-24T00:00:00.000-0300
3387153,132230113,MULTIBIC,0605202257,FRESENIUS MEDICAL CARE LTDA,01440590000136,2025-05-05T23:24:40.000-0300,25351510956202280,2026-09-24T00:00:00.000-0300
919255,101860035,LACTOSAN,0013460269,SANTISA LABORATÓRIO FARMACÊUTICO S/A,04099395000182,2026-01-07T09:59:57.000-0200,25351542926201353,2026-09-24T00:00:00.000-0300
1303354,105730657,CLORIDRATO DE AMBROXOL,0328150258,ACHÉ LABORATÓRIOS FARMACÊUTICOS S.A,60659463002992,2025-03-11T11:24:13.000-0300,25351856320201803,2026-09-24T00:00:00.000-0300
1285139,102351283,VYNAXA,0851298265,EMS S/A,57507378000365,2026-08-19T17:08:06.000-0300,25351176278201754,2026-09-24T00:00:00.000-0300
1224207,102351281,mirtazapina,0171101260,EMS S/A,57507378000365,2026-02-20T15:33:03.000-0200,25351533530201608,2026-09-24T00:00:00.000-0300
1180077,115240005,SOFOSBUVIR,4553205211,BLANVER FARMOQUIMICA E FARMACEUTICA S.A.,53359824000119,2021-11-17T13:59:26.000-0200,25351375607201784,2026-09-24T00:00:00.000-0300
1221725,125680277,mirtazapina,0607776269,PRATI DONADUZZI & CIA LTDA,73856593000166,2026-06-20T09:00:26.000-0300,25351375911201471,2026-09-24T00:00:00.000-0300
1301190,105730628,Cloridrato de Verapamil,0455507252,ACHÉ LABORATÓRIOS FARMACÊUTICOS S.A,60659463002992,2025-04-03T09:16:03.000-0300,25351855773201812,2026-09-24T00:00:00.000-0300
1301195,112780083,Lonsurf®,1553580257,LABORATÓRIOS SERVIER DO BRASIL LTDA,42374207000176,2025-12-02T14:50:22.000-0200,25351387411201887,2026-09-24T00:00:00.000-0300
1302921,105730649,oxalato de escitalopram,1142084256,ACHÉ LABORATÓRIOS FARMACÊUTICOS S.A,60659463002992,2025-08-26T08:04:25.000-0300,25351856275201889,2026-09-24T00:00:00.000-0300
1303900,105830993,GLAMIGAN MT,0185762263,GERMED FARMACEUTICA LTDA,45992062000165,2026-02-25T11:42:42.000-0300,25351063726201912,2026-09-24T00:00:00.000-0300
1275212,167730597,maleato de enalapril + hidroclorotiazida,1322007250,LEGRAND PHARMA INDÚSTRIA FARMACÊUTICA LTDA,05044984000126,2025-10-03T11:03:54.000-0300,25351366619201862,2026-09-24T00:00:00.000-0300
1292864,105730558,amoxicilina,0099410265,ACHÉ LABORATÓRIOS FARMACÊUTICOS S.A,60659463002992,2026-01-30T10:44:56.000-0200,25351689359201809,2026-09-24T00:00:00.000-0300
1296234,105730581,MONONITRATO DE ISOSSORBIDA,0626717264,ACHÉ LABORATÓRIOS FARMACÊUTICOS S.A,60659463002992,2026-06-25T14:06:33.000-0300,25351691216201859,2026-09-24T00:00:00.000-0300
1308605,178170870,Artroflan,1583323252,COSMED INDUSTRIA DE COSMETICOS E MEDICAMENTOS S.A.,61082426000207,2025-12-10T08:38:41.000-0200,25351062203201959,2026-09-24T00:00:00.000-0300
1243560,146820083,cabergolina,4642202201,SUN FARMACÊUTICA DO BRASIL LTDA,05035244000123,2020-12-30T17:09:52.000-0200,25351177473201882,2026-09-24T00:00:00.000-0300
1296889,115240009,cloridrato de raloxifeno,1045949256,BLANVER FARMOQUIMICA E FARMACEUTICA S.A.,53359824000119,2025-08-12T18:29:37.000-0300,25351836558201812,2026-09-24T00:00:00.000-0300
1296519,114620016,BIOFLAN,1600675255,MYRALIS INDÚSTRIA FARMACÊUTICA LTDA,17440261000125,2025-12-15T09:48:43.000-0200,25351608496201842,2026-09-24T00:00:00.000-0300
1283841,141070615,gabapentina,0869038257,PHARLAB INDÚSTRIA FARMACÊUTICA S.A.,02501297000102,2025-07-02T16:59:44.000-0300,25351405976201853,2026-09-24T00:00:00.000-0300
1031344,183260234,CETOPROFENO,1053070250,SANOFI MEDLEY FARMACÊUTICA LTDA.,10588595001092,2025-08-13T09:46:50.000-0300,25351677726201451,2026-09-24T00:00:00.000-0300
1305670,105730669,DROPROPIZINA,0343781255,ACHÉ LABORATÓRIOS FARMACÊUTICOS S.A,60659463002992,2025-03-13T17:13:01.000-0300,25351860785201851,2026-09-24T00:00:00.000-0300
938546,167730620,maleato de trimebutina,0196584264,LEGRAND PHARMA INDÚSTRIA FARMACÊUTICA LTDA,05044984000126,2026-02-27T13:38:00.000-0300,25351007935201437,2026-09-24T00:00:00.000-0300
939314,105830953,maleato de trimebutina,0196579261,GERMED FARMACEUTICA LTDA,45992062000165,2026-02-27T13:31:21.000-0300,25351012730201476,2026-09-24T00:00:00.000-0300
939111,102351305,TRIMEXIUM,0196524261,EMS S/A,57507378000365,2026-02-27T13:15:29.000-0300,25351013672201494,2026-09-24T00:00:00.000-0300
939106,167730623,MODULATRI,0196573262,LEGRAND PHARMA INDÚSTRIA FARMACÊUTICA LTDA,05044984000126,2026-02-27T13:22:42.000-0300,25351013387201418,2026-09-24T00:00:00.000-0300
1290171,167730609,TAVAGRAN,0571225250,LEGRAND PHARMA INDÚSTRIA FARMACÊUTICA LTDA,05044984000126,2025-04-28T16:31:37.000-0300,25351662136201896,2026-09-24T00:00:00.000-0300
1305422,105730668,CLORIDRATO DE DONEPEZILA,0715043251,ACHÉ LABORATÓRIOS FARMACÊUTICOS S.A,60659463002992,2025-05-27T10:12:05.000-0300,25351860765201880,2026-09-24T00:00:00.000-0300
1309964,105830997,TRAVAMED MT,1620576252,GERMED FARMACEUTICA LTDA,45992062000165,2025-12-18T12:03:47.000-0200,25351127397201945,2026-09-24T00:00:00.000-0300
1314190,100681165,PIQRAY,0513792261,NOVARTIS BIOCIENCIAS S.A,56994502000130,2026-05-26T10:11:37.000-0300,25351178452201965,2026-09-24T00:00:00.000-0300
865072,154230294,rosuvastatina calcica,0297388266,GEOLAB INDÚSTRIA FARMACÊUTICA S/A,03485572000104,2026-03-27T09:50:58.000-0300,25351659099201298,2026-09-24T00:00:00.000-0300
958622,135170045,CRESLIP,0133019268,ALTHAIA S.A. INDUSTRIA FARMACEUTICA,48344725000719,2026-02-09T16:32:38.000-0200,25351260321201466,2026-09-24T00:00:00.000-0300
1336812,105350221,celecoxibe,0114224269,LABORATÓRIO GLOBO SA,17115437000173,2026-02-04T09:03:58.000-0200,25351392912201966,2026-09-24T00:00:00.000-0300
1298860,105730575,BETALOR,0427937264,ACHÉ LABORATÓRIOS FARMACÊUTICOS S.A,60659463002992,2026-05-04T08:33:55.000-0300,25351676172201837,2026-09-24T00:00:00.000-0300
1300392,105730612,RACECADOTRILA,2168604201,ACHÉ LABORATÓRIOS FARMACÊUTICOS S.A,60659463002992,2020-07-06T14:20:58.000-0300,25351849488201854,2026-09-24T00:00:00.000-0300
1315410,155900005,PASSIFLORINE PI,0870335251,MR PHARMA LTDA,23668196000192,2025-07-02T21:24:06.000-0300,25351773916201861,2026-09-24T00:00:00.000-0300
1332341,135170047,TRESDÊ,2861027215,ALTHAIA S.A. INDUSTRIA FARMACEUTICA,48344725000719,2021-07-22T17:23:43.000-0300,25351088669201984,2026-09-24T00:00:00.000-0300
1234244,103700714,metronidazol,1432482254,LABORATÓRIO TEUTO BRASILEIRO S/A,17159229000176,2025-10-28T16:08:41.000-0300,25351008806201824,2026-09-24T00:00:00.000-0300
1002366,110630140,Farmanguinhos rifampicina+isoniazida+pirazinamida+etambutol,0456154264,FUNDAÇÃO OSWALDO CRUZ,33781055000135,2026-05-11T17:11:54.000-0300,25351499876201180,2026-09-24T00:00:00.000-0300
1300910,105730639,TARTARATO DE METOPROLOL,0328374253,ACHÉ LABORATÓRIOS FARMACÊUTICOS S.A,60659463002992,2025-03-11T11:53:22.000-0300,25351858152201882,2026-09-24T00:00:00.000-0300
1235614,151430049,cloridrato de valganciclovir,0088697266,DR. REDDYS FARMACÊUTICA DO BRASIL LTDA,03978166000175,2026-01-28T10:10:19.000-0200,25351102909201880,2026-09-24T00:00:00.000-0300
1222363,102351291,Divalproato de Sódio,0130604267,EMS S/A,57507378000365,2026-02-09T10:35:04.000-0200,25351746535201372,2026-09-24T00:00:00.000-0300
1312514,105250086,MEALZ,0879604263,TORRENT DO BRASIL LTDA,33078528000132,2026-08-26T09:33:01.000-0300,25351159396201960,2026-09-24T00:00:00.000-0300
1951,103870042,HYPOFLOX,0059904232,HYPOFARMA - INSTITUTO DE HYPODERMIA E FARMÁCIA LTDA,17174657000178,2023-01-19T14:03:16.000-0200,250000358959721,2026-09-24T00:00:00.000-0300
1270752,102980471,LYNOZ,0866273263,CRISTÁLIA PRODUTOS QUÍMICOS FARMACÊUTICOS LTDA.,44734671000151,2026-08-24T08:52:45.000-0300,25351548517201511,2026-09-24T00:00:00.000-0300
1778943,100431423,montelucaste de sódio + dicloridrato de levocetirizina,0885588266,EUROFARMA LABORATORIOS S.A.,61190096000192,2026-08-27T08:54:10.000-0300,25351688156202010,2026-09-24T00:00:00.000-0300
1781304,155730039,cloridrato de bendamustina,4988756220,TEVA FARMACÊUTICA LTDA.,05333542000108,2022-11-28T20:22:41.000-0200,25351702106202044,2026-09-24T00:00:00.000-0300
1805552,100431511,nimesulida betaciclodextrina,0070926263,EUROFARMA LABORATORIOS S.A.,61190096000192,2026-01-22T17:02:06.000-0200,25351766914202030,2026-09-24T00:00:00.000-0300
1380353,102351359,sofosbuvir,0132769239,EMS S/A,57507378000365,2023-02-08T16:12:17.000-0200,25351736988201916,2026-09-24T00:00:00.000-0300
1778921,102351414,GLEMPA,0916464261,EMS S/A,57507378000365,2026-09-03T12:06:41.000-0300,25351687679202031,2026-09-24T00:00:00.000-0300
2092654,116370175,NOXX,1514631253,BLAU FARMACÊUTICA S.A.,58430828000160,2025-11-19T14:04:49.000-0200,25351125728202127,2026-09-24T00:00:00.000-0300
1362644,102351344,DIOVASES,1575942259,EMS S/A,57507378000365,2025-12-08T10:45:47.000-0200,25351420503201967,2026-09-24T00:00:00.000-0300
2763839,118190227,MICOSTALAB,1495721256,MULTILAB INDUSTRIA E COMERCIO DE PRODUTOS FARMACEUTICOS LTDA,92265552000905,2025-11-13T16:52:27.000-0200,25351253440202141,2026-09-24T00:00:00.000-0300
1787483,155370108,esilato de nintedanibe,0480687269,ACCORD FARMACÊUTICA LTDA,64171697000146,2026-05-18T11:53:48.000-0300,25351656802202071,2026-09-24T00:00:00.000-0300
2125847,155840598,cloridrato de venlafaxina,0588608262,BRAINFARMA INDÚSTRIA QUÍMICA E FARMACÊUTICA S.A,05161069000110,2026-06-16T07:53:41.000-0300,25351963903202187,2026-09-24T00:00:00.000-0300
1552433,100850150,PRONTOMID,0495845248,LABORATORIOS B. BRAUN S/A,31673254000102,2024-04-18T16:40:56.000-0300,25351010481202064,2026-09-24T00:00:00.000-0300
1405587,100431444,ELOME,0510019269,EUROFARMA LABORATORIOS S.A.,61190096000192,2026-05-25T12:05:36.000-0300,25351288367202048,2026-09-24T00:00:00.000-0300
1757931,104971463,UNICLARIN,1453853251,UNIÃO QUÍMICA FARMACÊUTICA NACIONAL S/A,60665981000118,2025-11-03T16:11:32.000-0200,25351022690201755,2026-09-24T00:00:00.000-0300
1758906,106890206,DIOPLEX DH,1622932251,KLEY HERTZ FARMACEUTICA S.A,92695691000103,2025-12-18T17:23:25.000-0200,25351518108202057,2026-09-24T00:00:00.000-0300
1402476,167730644,amoxicilina + clavulanato de potássio,0186657269,LEGRAND PHARMA INDÚSTRIA FARMACÊUTICA LTDA,05044984000126,2026-02-25T14:50:40.000-0300,25351098388202073,2026-09-24T00:00:00.000-0300
1870775,105710165,cloridrato de metoclopramida,0589449265,BELFAR LTDA,18324343000177,2026-06-16T10:51:02.000-0300,25351278037202044,2026-09-24T00:00:00.000-0300
1785028,102351410,cloridrato de tramadol,0231083262,EMS S/A,57507378000365,2026-03-09T17:26:00.000-0300,25351701903202012,2026-09-24T00:00:00.000-0300
1097452,100431284,desogestrel,1635683254,EUROFARMA LABORATORIOS S.A.,61190096000192,2025-12-22T10:54:13.000-0200,25351931762201676,2026-09-24T00:00:00.000-0300
1447179,102980532,Solução Glicofisiológica SNB,1021713214,CRISTÁLIA PRODUTOS QUÍMICOS FARMACÊUTICOS LTDA.,44734671000151,2021-03-16T12:34:29.000-0300,25351606728202042,2026-09-24T00:00:00.000-0300
567234,118600087,SENE HERBARIUM,4930626226,HERBARIUM LABORATORIO BOTANICO LTDA,78950011000120,2022-11-11T09:37:25.000-0200,25351080192200836,2026-09-24T00:00:00.000-0300
1612302,100330218,GLINK MET,0293258261,LIBBS FARMACÊUTICA LTDA,61230314000175,2026-03-26T13:25:02.000-0300,25351283584202041,2026-09-24T00:00:00.000-0300
1615369,102980593,LEVOZINE,0589761269,CRISTÁLIA PRODUTOS QUÍMICOS FARMACÊUTICOS LTDA.,44734671000151,2026-06-16T11:46:24.000-0300,25351289880202056,2026-09-24T00:00:00.000-0300
1636229,105830982,RYTMISE,0170916260,GERMED FARMACEUTICA LTDA,45992062000165,2026-02-20T15:11:05.000-0200,25351888767202058,2026-09-24T00:00:00.000-0300
2004072,170560126,FLANAX XR,1641769254,BAYER S.A.,18459628000115,2025-12-23T12:12:39.000-0200,25351331038201742,2026-09-24T00:00:00.000-0300
1412694,155370087,OXA,4928283228,ACCORD FARMACÊUTICA LTDA,64171697000146,2022-11-10T11:46:31.000-0200,25351131896202071,2026-09-24T00:00:00.000-0300
1337889,110130294,dipropionato de beclometasona,1628441259,GLENMARK FARMACÊUTICA LTDA,44363661000157,2025-12-19T13:48:46.000-0200,25351402810201903,2026-09-24T00:00:00.000-0300
1344146,125680291,PERLID,0615429262,PRATI DONADUZZI & CIA LTDA,73856593000166,2026-06-23T10:16:12.000-0300,25351240729201986,2026-09-24T00:00:00.000-0300
1350669,121100464,ELIQUIS,1607806258,PFIZER BRASIL LTDA,61072393000133,2025-12-16T13:56:48.000-0200,25351421699201915,2026-09-24T00:00:00.000-0300
2172224,183260485,cloridrato de ondansetrona,0009908269,SANOFI MEDLEY FARMACÊUTICA LTDA.,10588595001092,2026-01-06T15:49:25.000-0200,25351416909202160,2026-09-24T00:00:00.000-0300
1890217,156510092,KOLPOCERVIX,0614294266,ZYDUS NIKKHO FARMACÊUTICA LTDA,05254971000181,2026-06-23T08:22:29.000-0300,25351763444202052,2026-09-24T00:00:00.000-0300
1340992,103900205,BACTRIM,1529425255,FARMOQUÍMICA S/A,33349473000158,2025-11-25T11:54:15.000-0200,25351372638201917,2026-09-24T00:00:00.000-0300
1642767,100410180,KOPLAN,0207958262,FRESENIUS KABI BRASIL LTDA,49324221000104,2026-03-03T13:52:20.000-0300,25351935859202034,2026-09-24T00:00:00.000-0300
1380762,104730043,CALMALEVHY,1543550258,VIDORA FARMACÊUTICA LTDA,92762277000170,2025-11-28T11:57:44.000-0200,25351734937201941,2026-09-24T00:00:00.000-0300
1418675,118600101,KALOBA,0622904264,HERBARIUM LABORATORIO BOTANICO LTDA,78950011000120,2026-06-24T15:37:52.000-0300,25351251668202016,2026-09-24T00:00:00.000-0300
2104604,100431330,SINCRO XR,0940545268,EUROFARMA LABORATORIOS S.A.,61190096000192,2026-09-10T16:13:41.000-0300,25351987368202150,2026-09-24T00:00:00.000-0300
1356915,155840571,Cloridrato de donepezila,0572712260,BRAINFARMA INDÚSTRIA QUÍMICA E FARMACÊUTICA S.A,05161069000110,2026-06-11T09:47:59.000-0300,25351329220201981,2026-09-24T00:00:00.000-0300
971825,155370082,esomeprazol sódico,1410857217,ACCORD FARMACÊUTICA LTDA,64171697000146,2021-04-13T11:44:31.000-0300,25351386031201411,2026-09-24T00:00:00.000-0300
3562741,122140124,DANYELZA,0730119254,ADIUM S.A.,55980684000127,2025-05-29T10:55:56.000-0300,25351396887202295,2026-09-24T00:00:00.000-0300
1681608,104971452,BIOGRIPE,0603548261,UNIÃO QUÍMICA FARMACÊUTICA NACIONAL S/A,60665981000118,2026-06-19T08:50:55.000-0300,25351048908202005,2026-09-24T00:00:00.000-0300
1370120,135170065,cloridrato de trazodona,0110673263,ALTHAIA S.A. INDUSTRIA FARMACEUTICA,48344725000719,2026-02-03T12:48:29.000-0200,25351668078201905,2026-09-24T00:00:00.000-0300
1392503,185690008,ICADEN,0739150260,LEO PHARMA LTDA,11424477000110,2026-07-24T08:44:20.000-0300,25351711104201911,2026-09-24T00:00:00.000-0300
1910009,118190213,cloridrato de metformina,0321123263,MULTILAB INDUSTRIA E COMERCIO DE PRODUTOS FARMACEUTICOS LTDA,92265552000905,2026-04-02T10:33:43.000-0300,25351462797202038,2026-09-24T00:00:00.000-0300
1342424,121100459,GENOTROPIN,1589213254,PFIZER BRASIL LTDA,61072393000133,2025-12-11T11:42:17.000-0200,25351422859201935,2026-09-24T00:00:00.000-0300
1409250,143810259,bromoprida,0594700221,CIMED INDUSTRIA S.A,02814497000107,2022-02-18T09:08:48.000-0200,25351454808201433,2026-09-24T00:00:00.000-0300
1379237,143810247,cloridrato de paroxetina,0029933234,CIMED INDUSTRIA S.A,02814497000107,2023-01-11T11:25:43.000-0200,25351545508201900,2026-09-24T00:00:00.000-0300
1377238,105710156,captopril,0503299260,BELFAR LTDA,18324343000177,2026-05-22T13:31:54.000-0300,25351577916201912,2026-09-24T00:00:00.000-0300
1505811,102351366,cloridrato de ciprofloxacino,0705371263,EMS S/A,57507378000365,2026-07-16T15:39:47.000-0300,25351761199201409,2026-09-24T00:00:00.000-0300
1562977,100431323,TRICIT,1621526259,EUROFARMA LABORATORIOS S.A.,61190096000192,2025-12-18T15:02:58.000-0200,25351906272202018,2026-09-24T00:00:00.000-0300
2275650,109740321,IBANDRONATO DE SÓDIO,0992766265,BIOLAB SANUS FARMACÊUTICA LTDA,49475833000106,2026-09-23T10:29:56.000-0300,25351423853202108,2026-09-24T00:00:00.000-0300
2190581,116370198,azacitidina,0868312266,BLAU FARMACÊUTICA S.A.,58430828000160,2026-08-24T12:03:46.000-0300,25351421846202163,2026-09-24T00:00:00.000-0300
2257592,121100487,BOSULIF,1509646256,PFIZER BRASIL LTDA,61072393000133,2025-11-18T13:39:22.000-0200,25351558890202128,2026-09-24T00:00:00.000-0300
3484851,118190299,ALENDRONATO DE SÓDIO,0480417261,MULTILAB INDUSTRIA E COMERCIO DE PRODUTOS FARMACEUTICOS LTDA,92265552000905,2026-05-18T11:08:25.000-0300,25351063017202232,2026-09-24T00:00:00.000-0300
2650928,188300099,EKNUS,1074546245,VIATRIS FARMACEUTICA DO BRASIL LTDA,11643096000122,2024-08-07T08:42:53.000-0300,25351424192202120,2026-09-24T00:00:00.000-0300
2034397,112363436,RYBREVANT,0849894263,JANSSEN-CILAG FARMACÊUTICA LTDA,51780468000187,2026-08-19T13:18:40.000-0300,25351056048202156,2026-09-24T00:00:00.000-0300
2125666,154230318,ORBIFLOX,0720341264,GEOLAB INDÚSTRIA FARMACÊUTICA S/A,03485572000104,2026-07-21T09:23:17.000-0300,25351402035201515,2026-09-24T00:00:00.000-0300
2723294,167730673,DORILEN DIP,0508586259,LEGRAND PHARMA INDÚSTRIA FARMACÊUTICA LTDA,05044984000126,2025-04-14T11:05:03.000-0300,25351284057202135,2026-09-24T00:00:00.000-0300
2723295,105831001,dipirona monoidratada,0508478251,GERMED FARMACEUTICA LTDA,45992062000165,2025-04-14T10:53:29.000-0300,25351457870202131,2026-09-24T00:00:00.000-0300
2569171,100431477,VASCOR MR,1538528258,EUROFARMA LABORATORIOS S.A.,61190096000192,2025-11-27T11:08:08.000-0200,25351248095202124,2026-09-24T00:00:00.000-0300
2287017,109740324,carvedilol,0221194258,BIOLAB SANUS FARMACÊUTICA LTDA,49475833000106,2025-02-17T15:09:14.000-0300,25351423924202164,2026-09-24T00:00:00.000-0300
2154895,100330222,JOLIK,1653199253,LIBBS FARMACÊUTICA LTDA,61230314000175,2025-12-29T16:01:11.000-0200,25351394590202112,2026-09-24T00:00:00.000-0300
2142780,102980560,DERMACERIUM,0618158260,CRISTÁLIA PRODUTOS QUÍMICOS FARMACÊUTICOS LTDA.,44734671000151,2026-06-23T16:40:41.000-0300,25351143066202177,2026-09-24T00:00:00.000-0300
1827601,155730068,PEMDIA,1642048259,TEVA FARMACÊUTICA LTDA.,05333542000108,2025-12-23T13:21:55.000-0200,25351808571202179,2026-09-24T00:00:00.000-0300
2251470,121100491,CIBINQO,0543697266,PFIZER BRASIL LTDA,61072393000133,2026-06-03T09:15:42.000-0300,25351540303202144,2026-09-24T00:00:00.000-0300
2103793,156510107,mesilato de rasagilina,0244663262,ZYDUS NIKKHO FARMACÊUTICA LTDA,05254971000181,2026-03-12T16:59:48.000-0300,25351298716202111,2026-09-24T00:00:00.000-0300
1989060,106890207,NEOPLEXUS,1628088257,KLEY HERTZ FARMACEUTICA S.A,92695691000103,2025-12-19T12:15:35.000-0200,25351008898202067,2026-09-24T00:00:00.000-0300
2006986,100330214,ELOVIE,0610858262,LIBBS FARMACÊUTICA LTDA,61230314000175,2026-06-22T14:19:17.000-0300,25351366288202085,2026-09-24T00:00:00.000-0300
2307255,165070020,sugamadex sódico,0137738269,Camber Farmaceutica Ltda,24633934000129,2026-02-10T15:56:24.000-0200,25351617353202127,2026-09-24T00:00:00.000-0300
2413143,188300077,VIAGRA,1564546250,VIATRIS FARMACEUTICA DO BRASIL LTDA,11643096000122,2025-12-04T10:27:38.000-0200,25351574065202171,2026-09-24T00:00:00.000-0300
2433541,155840663,trometamol cetorolaco,0555878261,BRAINFARMA INDÚSTRIA QUÍMICA E FARMACÊUTICA S.A,05161069000110,2026-06-08T10:29:26.000-0300,25351759636202145,2026-09-24T00:00:00.000-0300
2313221,173900012,NALDECON MULTI,0048886262,RECKITT BENCKISER (BRASIL) LTDA,59557124000115,2026-01-16T10:23:32.000-0200,25351688311202090,2026-09-24T00:00:00.000-0300
1403293,101070349,ZEJULA,0489616259,GLAXOSMITHKLINE BRASIL LTDA,33247743000110,2025-04-09T14:23:24.000-0300,25351232639202055,2026-09-24T00:00:00.000-0300
1904515,100470647,levetiracetam,0709353260,SANDOZ DO BRASIL INDÚSTRIA FARMACÊUTICA LTDA,61286647000116,2026-07-17T14:28:41.000-0300,25351973348202100,2026-09-24T00:00:00.000-0300
2087382,100681184,SYBRAVA,0793745268,NOVARTIS BIOCIENCIAS S.A,56994502000130,2026-08-06T13:59:25.000-0300,25351285254202171,2026-09-24T00:00:00.000-0300
2497811,188300082,DICOXIBE,0621901261,VIATRIS FARMACEUTICA DO BRASIL LTDA,11643096000122,2026-06-24T13:00:47.000-0300,25351574154202117,2026-09-24T00:00:00.000-0300
2525915,100431345,HISBILA,0811832261,EUROFARMA LABORATORIOS S.A.,61190096000192,2026-08-10T14:25:55.000-0300,25351886579202095,2026-09-24T00:00:00.000-0300
2525916,103720307,TYNNA,0929914261,SUPERA FARMA LABORATÓRIOS S.A,43312503000105,2026-09-08T17:19:21.000-0300,25351322772202183,2026-09-24T00:00:00.000-0300
2004423,178170900,DRAMIN B6 DL,1549429256,COSMED INDUSTRIA DE COSMETICOS E MEDICAMENTOS S.A.,61082426000207,2025-12-01T16:50:12.000-0200,25351109986202166,2026-09-24T00:00:00.000-0300
2087368,178170953,AMMY,0560773269,COSMED INDUSTRIA DE COSMETICOS E MEDICAMENTOS S.A.,61082426000207,2026-06-09T08:58:40.000-0300,25351285228202143,2026-09-24T00:00:00.000-0300
2533419,155370128,sugamadex sódico,0094633266,ACCORD FARMACÊUTICA LTDA,64171697000146,2026-01-29T11:39:28.000-0200,25351151767202180,2026-09-24T00:00:00.000-0300
2496961,101180639,mirabegrona,0632201266,APSEN FARMACEUTICA S/A,62462015000129,2026-06-26T14:25:45.000-0300,25351037214202115,2026-09-24T00:00:00.000-0300
2622840,109740338,montelucaste de sódio,0343647265,BIOLAB SANUS FARMACÊUTICA LTDA,49475833000106,2026-04-09T14:28:05.000-0300,25351124498202189,2026-09-24T00:00:00.000-0300
2033995,123520291,fosfato de sitagliptina,0079626262,RANBAXY FARMACÊUTICA LTDA,73663650000190,2026-01-26T10:42:37.000-0200,25351195351202173,2026-09-24T00:00:00.000-0300
2012918,104540191,ENHERTU,0813293260,DAIICHI SANKYO BRASIL FARMACÊUTICA LTDA,60874187000184,2026-08-10T18:03:12.000-0300,25351541212202045,2026-09-24T00:00:00.000-0300
2583272,100431361,rivaroxabana,0975981269,EUROFARMA LABORATORIOS S.A.,61190096000192,2026-09-18T14:43:51.000-0300,25351176111202099,2026-09-24T00:00:00.000-0300
2296288,102351374,ESPASMO DIMETILIV,2704843210,EMS S/A,57507378000365,2021-07-12T11:12:14.000-0300,25351282287201601,2026-09-24T00:00:00.000-0300
2237091,105530389,MOVYDIA,0287788253,ABBOTT LABORATÓRIOS DO BRASIL LTDA,56998701000116,2025-02-28T12:05:45.000-0300,25351537349202186,2026-09-24T00:00:00.000-0300
2416351,188300080,NORVASC,0456278265,VIATRIS FARMACEUTICA DO BRASIL LTDA,11643096000122,2026-05-11T17:34:43.000-0300,25351574091202107,2026-09-24T00:00:00.000-0300
1358152,100431341,furoato de mometasona,0703139266,EUROFARMA LABORATORIOS S.A.,61190096000192,2026-07-16T10:07:32.000-0300,25351575033201978,2026-09-24T00:00:00.000-0300
2456086,116370203,temozolomida,0081795262,BLAU FARMACÊUTICA S.A.,58430828000160,2026-01-26T17:33:20.000-0200,25351842444202107,2026-09-24T00:00:00.000-0300
2170158,112363443,REKAMBYS,0542554259,JANSSEN-CILAG FARMACÊUTICA LTDA,51780468000187,2025-04-23T08:23:55.000-0300,25351416409202128,2026-09-24T00:00:00.000-0300
2624816,105830996,NARCEF,1588799255,GERMED FARMACEUTICA LTDA,45992062000165,2025-12-11T10:43:09.000-0200,25351564487202138,2026-09-24T00:00:00.000-0300
2550207,104971499,rivaroxabana,0879854260,UNIÃO QUÍMICA FARMACÊUTICA NACIONAL S/A,60665981000118,2026-08-26T10:08:07.000-0300,25351149647202112,2026-09-24T00:00:00.000-0300
2625385,100431379,EQUITAM,1370506252,EUROFARMA LABORATORIOS S.A.,61190096000192,2025-10-13T13:09:09.000-0300,25351843861202169,2026-09-24T00:00:00.000-0300
2604602,113430203,Carbamazepina,0445415266,HIPOLABOR FARMACEUTICA LTDA,19570720000110,2026-05-07T16:14:52.000-0300,25351654373202189,2026-09-24T00:00:00.000-0300
2429870,101180646,MIOSAN ODT,1583310258,APSEN FARMACEUTICA S/A,62462015000129,2025-12-10T08:31:05.000-0200,25351769214202188,2026-09-24T00:00:00.000-0300
2008147,155840595,cloridrato de paroxetina,0584662262,BRAINFARMA INDÚSTRIA QUÍMICA E FARMACÊUTICA S.A,05161069000110,2026-06-15T11:35:37.000-0300,25351688308202076,2026-09-24T00:00:00.000-0300
3350181,118190339,besilato de anlodipino,0938045261,MULTILAB INDUSTRIA E COMERCIO DE PRODUTOS FARMACEUTICOS LTDA,92265552000905,2026-09-10T09:52:36.000-0300,25351062995202267,2026-09-24T00:00:00.000-0300
2832197,173330007,PALYNZIQ,0469560266,BIOMARIN BRASIL FARMACÊUTICA LTDA,08002360000134,2026-05-14T10:22:24.000-0300,25351877508202182,2026-09-24T00:00:00.000-0300
3265149,155840623,rosuvastatina calcica,0556826264,BRAINFARMA INDÚSTRIA QUÍMICA E FARMACÊUTICA S.A,05161069000110,2026-06-08T12:11:07.000-0300,25351052148202294,2026-09-24T00:00:00.000-0300
3275336,143810281,FIGMED,1374413259,CIMED INDUSTRIA S.A,02814497000107,2025-10-14T10:18:45.000-0300,25351097393202221,2026-09-24T00:00:00.000-0300
3548405,178170981,LISADOR MUSCULAR,0637955269,COSMED INDUSTRIA DE COSMETICOS E MEDICAMENTOS S.A.,61082426000207,2026-06-29T11:33:06.000-0300,25351225914202246,2026-09-24T00:00:00.000-0300
3319089,120090036,GASTRILESS,1485587255,BIONATUS LABORATÓRIO BOTÂNICO LTDA,68032192000151,2025-11-11T16:13:51.000-0200,25351628876202107,2026-09-24T00:00:00.000-0300
3584510,155840671,HYBLUT,0162679262,BRAINFARMA INDÚSTRIA QUÍMICA E FARMACÊUTICA S.A,05161069000110,2026-02-19T11:28:23.000-0200,25351650293202235,2026-09-24T00:00:00.000-0300
3280670,118190260,drospirenona + etinilestradiol,0481611266,MULTILAB INDUSTRIA E COMERCIO DE PRODUTOS FARMACEUTICOS LTDA,92265552000905,2026-05-18T13:30:38.000-0300,25351062973202205,2026-09-24T00:00:00.000-0300
3549739,183260499,cloridrato de naratriptana,1509662251,SANOFI MEDLEY FARMACÊUTICA LTDA.,10588595001092,2025-11-18T13:47:33.000-0200,25351243639202242,2026-09-24T00:00:00.000-0300
2920074,100431412,MOBALE,0327253240,EUROFARMA LABORATORIOS S.A.,61190096000192,2024-03-15T17:59:28.000-0300,25351160328202168,2026-09-24T00:00:00.000-0300
2003789,183260472,rivaroxabana,0746389264,SANOFI MEDLEY FARMACÊUTICA LTDA.,10588595001092,2026-07-27T11:40:21.000-0300,25351803928201827,2026-09-24T00:00:00.000-0300
2859326,143810301,montelucaste sódico,0626009260,CIMED INDUSTRIA S.A,02814497000107,2026-06-25T11:58:08.000-0300,25351051927202191,2026-09-24T00:00:00.000-0300
2819985,101800415,SOTYKTU,0736118268,BRISTOL-MYERS SQUIBB FARMACÊUTICA LTDA,56998982000107,2026-07-23T15:40:26.000-0300,25351531418202148,2026-09-24T00:00:00.000-0300
2825395,105730047,ALLESTRA CONTI,0545759269,ACHÉ LABORATÓRIOS FARMACÊUTICOS S.A,60659463002992,2026-06-03T14:52:50.000-0300,25351090341202142,2026-09-24T00:00:00.000-0300
3272897,105730006,cloridrato de sertralina,0087915260,ACHÉ LABORATÓRIOS FARMACÊUTICOS S.A,60659463002992,2026-01-28T07:54:58.000-0200,25351821408201634,2026-09-24T00:00:00.000-0300
3384011,155840630,PREDNISOLONA,0586238263,BRAINFARMA INDÚSTRIA QUÍMICA E FARMACÊUTICA S.A,05161069000110,2026-06-15T15:02:51.000-0300,25351544441202283,2026-09-24T00:00:00.000-0300
3195759,116180302,BREZTRI AEROSPHERE,1006602259,ASTRAZENECA DO BRASIL LTDA,60318797000100,2025-08-05T11:15:02.000-0300,25351248762202250,2026-09-24T00:00:00.000-0300
3450180,135690743,GABANEURIN,1768156247,EMS SIGMA PHARMA LTDA,00923140000131,2024-12-27T15:28:53.000-0200,25351228109202193,2026-09-24T00:00:00.000-0300
2812045,105831002,etoricoxibe,0135901260,GERMED FARMACEUTICA LTDA,45992062000165,2026-02-10T11:35:00.000-0200,25351639130202111,2026-09-24T00:00:00.000-0300
3191227,158320003,ATENSINA,1530051258,Mawdsleys Pharmaceuticals do Brasil Ltda,19501429000190,2025-11-25T14:28:07.000-0200,25351887462202029,2026-09-24T00:00:00.000-0300
3353876,118190284,Cbequim,0106518267,MULTILAB INDUSTRIA E COMERCIO DE PRODUTOS FARMACEUTICOS LTDA,92265552000905,2026-02-02T14:44:14.000-0200,25351062997202256,2026-09-24T00:00:00.000-0300
2798364,135170071,nitazoxanida,1613321252,ALTHAIA S.A. INDUSTRIA FARMACEUTICA,48344725000719,2025-12-17T11:37:00.000-0200,25351880158202131,2026-09-24T00:00:00.000-0300
2841418,100290211,IMPLANON,0915854261,ORGANON FARMACÊUTICA LTDA.,45987013000134,2026-09-03T11:25:24.000-0300,25351362071202187,2026-09-24T00:00:00.000-0300
3471183,118190297,AGLITIL,1189886251,MULTILAB INDUSTRIA E COMERCIO DE PRODUTOS FARMACEUTICOS LTDA,92265552000905,2025-09-08T16:31:59.000-0300,25351063013202254,2026-09-24T00:00:00.000-0300
2776188,100681183,SCEMBLIX,0959553266,NOVARTIS BIOCIENCIAS S.A,56994502000130,2026-09-15T16:20:11.000-0300,25351779085202136,2026-09-24T00:00:00.000-0300
3191367,141070641,cloridrato de donepezila,0606204261,PHARLAB INDÚSTRIA FARMACÊUTICA S.A.,02501297000102,2026-06-19T15:58:04.000-0300,25351897392202106,2026-09-24T00:00:00.000-0300
3240125,118190246,albendazol,1394267258,MULTILAB INDUSTRIA E COMERCIO DE PRODUTOS FARMACEUTICOS LTDA,92265552000905,2025-10-20T09:59:11.000-0300,25351062911202295,2026-09-24T00:00:00.000-0300
2992128,154230328,OMENAX,0812712269,GEOLAB INDÚSTRIA FARMACÊUTICA S/A,03485572000104,2026-08-10T16:12:14.000-0300,25351822435202191,2026-09-24T00:00:00.000-0300
3386378,155840629,Blugrip Pelargonium,1569048258,BRAINFARMA INDÚSTRIA QUÍMICA E FARMACÊUTICA S.A,05161069000110,2025-12-05T09:38:09.000-0200,25351800353202196,2026-09-24T00:00:00.000-0300
3208032,105831014,olmesartana medoxomila,0222359269,GERMED FARMACEUTICA LTDA,45992062000165,2026-03-06T10:24:26.000-0300,25351101864202211,2026-09-24T00:00:00.000-0300
2851542,102351437,LYBERDIA GOTAS,1588678253,EMS S/A,57507378000365,2025-12-11T10:24:55.000-0200,25351008340202162,2026-09-24T00:00:00.000-0300
2791355,100431397,PERCOIDE,2180529228,EUROFARMA LABORATORIOS S.A.,61190096000192,2022-04-11T15:26:44.000-0300,25351151097202100,2026-09-24T00:00:00.000-0300
3288931,105730007,RUNNER,0031308261,ACHÉ LABORATÓRIOS FARMACÊUTICOS S.A,60659463002992,2026-01-12T15:47:31.000-0200,25351145904202147,2026-09-24T00:00:00.000-0300
3207806,165070018,tacrolimo monoidratado,0320529266,Camber Farmaceutica Ltda,24633934000129,2026-04-02T08:31:41.000-0300,25351176581202214,2026-09-24T00:00:00.000-0300
3239687,109740367,nimesulida betaciclodextrina,0220464260,BIOLAB SANUS FARMACÊUTICA LTDA,49475833000106,2026-03-05T19:07:56.000-0300,25351261479202213,2026-09-24T00:00:00.000-0300
3482995,118190298,ácido fusídico + valerato de betametasona,0372642268,MULTILAB INDUSTRIA E COMERCIO DE PRODUTOS FARMACEUTICOS LTDA,92265552000905,2026-04-16T11:00:46.000-0300,25351063014202207,2026-09-24T00:00:00.000-0300
3493495,116370185,LIFOS,1378843231,BLAU FARMACÊUTICA S.A.,58430828000160,2023-12-05T10:04:07.000-0200,25351130659202254,2026-09-24T00:00:00.000-0300
3493594,118190302,ACEFLOR,0031407269,MULTILAB INDUSTRIA E COMERCIO DE PRODUTOS FARMACEUTICOS LTDA,92265552000905,2026-01-12T16:06:15.000-0200,25351063022202245,2026-09-24T00:00:00.000-0300
2851280,101180648,dutasterida + cloridrato de tansulosina,0219412260,APSEN FARMACEUTICA S/A,62462015000129,2026-03-05T15:59:37.000-0300,25351013972202148,2026-09-24T00:00:00.000-0300
3564470,100330227,LYSDEXA,0510461263,LIBBS FARMACÊUTICA LTDA,61230314000175,2026-05-25T14:19:41.000-0300,25351416562202236,2026-09-24T00:00:00.000-0300
2799450,100431398,hemitartarato de zolpidem,0842343261,EUROFARMA LABORATORIOS S.A.,61190096000192,2026-08-18T07:55:02.000-0300,25351218166202164,2026-09-24T00:00:00.000-0300
3548752,104971506,AMCLAVU,0515556262,UNIÃO QUÍMICA FARMACÊUTICA NACIONAL S/A,60665981000118,2026-05-26T13:59:24.000-0300,25351953779202141,2026-09-24T00:00:00.000-0300
3557271,101070359,TANSUDART,1228088250,GLAXOSMITHKLINE BRASIL LTDA,33247743000110,2025-09-16T16:23:49.000-0300,25351008350202106,2026-09-24T00:00:00.000-0300
2774985,100431392,VENDEXLA,0150874260,EUROFARMA LABORATORIOS S.A.,61190096000192,2026-02-13T11:55:34.000-0200,25351111741202107,2026-09-24T00:00:00.000-0300
3207840,116370174,ceftriaxona dissódica,0618197265,BLAU FARMACÊUTICA S.A.,58430828000160,2026-06-23T16:48:53.000-0300,25351553090202111,2026-09-24T00:00:00.000-0300
3374286,155840631,prednisolona,0586761268,BRAINFARMA INDÚSTRIA QUÍMICA E FARMACÊUTICA S.A,05161069000110,2026-06-15T16:21:29.000-0300,25351544442202228,2026-09-24T00:00:00.000-0300
3854520,100431562,REDUXALT,0774749261,EUROFARMA LABORATORIOS S.A.,61190096000192,2026-08-03T08:07:52.000-0300,25351397802202458,2026-09-24T00:00:00.000-0300
3854521,100431569,SLIV,0774717262,EUROFARMA LABORATORIOS S.A.,61190096000192,2026-08-03T08:00:03.000-0300,25351398493202433,2026-09-24T00:00:00.000-0300
3842030,155840700,dicloridrato de levocetirizina,0709071264,BRAINFARMA INDÚSTRIA QUÍMICA E FARMACÊUTICA S.A,05161069000110,2026-07-17T13:22:59.000-0300,25351008721202575,2026-09-24T00:00:00.000-0300
3842770,103700805,FENAFLAN D,0970118261,LABORATÓRIO TEUTO BRASILEIRO S/A,17159229000176,2026-09-17T15:58:46.000-0300,25351405624202446,2026-09-24T00:00:00.000-0300
3845744,100290226,etoricoxibe,0614621267,ORGANON FARMACÊUTICA LTDA.,45987013000134,2026-06-23T09:07:02.000-0300,25351062553202563,2026-09-24T00:00:00.000-0300
3858296,155840705,diclofenaco dietilamônio,0367949261,BRAINFARMA INDÚSTRIA QUÍMICA E FARMACÊUTICA S.A,05161069000110,2026-04-15T14:47:28.000-0300,25351115768202594,2026-09-24T00:00:00.000-0300
3850505,125680372,ACSISA,0416187269,PRATI DONADUZZI & CIA LTDA,73856593000166,2026-04-29T10:34:24.000-0300,25351101770202586,2026-09-24T00:00:00.000-0300
3841498,109740383,VITAMINA B12,1309728259,BIOLAB SANUS FARMACÊUTICA LTDA,49475833000106,2025-10-01T10:50:16.000-0300,25351041057202576,2026-09-24T00:00:00.000-0300
3849043,171270003,GLICOSE,1540234258,VITAMED MEDICAMENTOS E PRODUTOS PARA SAUDE LTDA,44593084000190,2025-11-27T16:43:52.000-0200,25351043042202542,2026-09-24T00:00:00.000-0300
3844756,125680377,HILAM,0745210261,PRATI DONADUZZI & CIA LTDA,73856593000166,2026-07-27T07:46:44.000-0300,25351076453202514,2026-09-24T00:00:00.000-0300
3843916,178170995,FLEXMUSCULAR,0221896261,COSMED INDUSTRIA DE COSMETICOS E MEDICAMENTOS S.A.,61082426000207,2026-03-06T09:00:48.000-0300,25351054134202558,2026-09-24T00:00:00.000-0300
3836813,155840708,TOSSEXPEC,1603595252,BRAINFARMA INDÚSTRIA QUÍMICA E FARMACÊUTICA S.A,05161069000110,2025-12-15T15:34:10.000-0200,25351822514202364,2026-09-24T00:00:00.000-0300
3836814,178170997,BENEXPEC,0238862267,COSMED INDUSTRIA DE COSMETICOS E MEDICAMENTOS S.A.,61082426000207,2026-03-11T14:56:06.000-0300,25351714225202392,2026-09-24T00:00:00.000-0300
3834164,100431564,GLIF,0223206261,EUROFARMA LABORATORIOS S.A.,61190096000192,2026-03-06T12:34:20.000-0300,25351443150202431,2026-09-24T00:00:00.000-0300
3835700,101180670,LURATT,0449161269,APSEN FARMACEUTICA S/A,62462015000129,2026-05-08T11:49:07.000-0300,25351048299202591,2026-09-24T00:00:00.000-0300
3847774,101800418,NIVDIREC,0938698265,BRISTOL-MYERS SQUIBB FARMACÊUTICA LTDA,56998982000107,2026-09-10T11:31:37.000-0300,25351079573202573,2026-09-24T00:00:00.000-0300
3849020,171270002,cloreto de sódio  + glicose,1184173257,VITAMED MEDICAMENTOS E PRODUTOS PARA SAUDE LTDA,44593084000190,2025-09-05T16:12:24.000-0300,25351043046202521,2026-09-24T00:00:00.000-0300
3847809,105530401,OLIZU,0741339269,ABBOTT LABORATÓRIOS DO BRASIL LTDA,56998701000116,2026-07-24T15:05:28.000-0300,25351126002202535,2026-09-24T00:00:00.000-0300
3858073,105710194,XÔMERGAN! PÓS PICADA,0759578265,BELFAR LTDA,18324343000177,2026-07-29T14:18:46.000-0300,25351114846202533,2026-09-24T00:00:00.000-0300
3854777,167730695,TREXACONT,0733388264,LEGRAND PHARMA INDÚSTRIA FARMACÊUTICA LTDA,05044984000126,2026-07-23T09:13:54.000-0300,25351024739202514,2026-09-24T00:00:00.000-0300
3853512,104971559,acetato de ciproterona + etinilestradiol,1543931251,UNIÃO QUÍMICA FARMACÊUTICA NACIONAL S/A,60665981000118,2025-11-28T13:13:49.000-0200,25351107727202524,2026-09-24T00:00:00.000-0300
3858290,155840704,dipropionato de betametasona,0727143263,BRAINFARMA INDÚSTRIA QUÍMICA E FARMACÊUTICA S.A,05161069000110,2026-07-22T09:21:02.000-0300,25351115765202551,2026-09-24T00:00:00.000-0300
3856754,105730161,DUAL,1546353259,ACHÉ LABORATÓRIOS FARMACÊUTICOS S.A,60659463002992,2025-12-01T08:18:11.000-0200,25351007459202541,2026-09-24T00:00:00.000-0300
3850846,100431556,V-GRIPE,0139575260,EUROFARMA LABORATORIOS S.A.,61190096000192,2026-02-11T08:01:25.000-0200,25351006443202511,2026-09-24T00:00:00.000-0300
3860209,103920248,cloridrato de metoclopramida,1436936250,VITAMEDIC INDUSTRIA FARMACEUTICA LTDA,30222814000131,2025-10-29T15:38:40.000-0300,25351400827202446,2026-09-24T00:00:00.000-0300
3839573,125680369,ELIM,0197650261,PRATI DONADUZZI & CIA LTDA,73856593000166,2026-02-27T16:24:11.000-0300,25351448920202431,2026-09-24T00:00:00.000-0300
3835718,144930084,sulfametoxazol + trimetoprima,0317197266,AIRELA INDÚSTRIA FARMACÊUTICA LTDA.,01858973000129,2026-04-01T14:35:09.000-0300,25351042184202592,2026-09-24T00:00:00.000-0300
3845600,105730154,DISP H,0248255266,ACHÉ LABORATÓRIOS FARMACÊUTICOS S.A,60659463002992,2026-03-13T11:04:03.000-0300,25351052419202554,2026-09-24T00:00:00.000-0300
3855321,125680371,ESPECBAC,0257575260,PRATI DONADUZZI & CIA LTDA,73856593000166,2026-03-16T18:07:55.000-0300,25351401594202407,2026-09-24T00:00:00.000-0300
3836817,138410084,cloridrato de ambroxol,0056596260,NATULAB LABORATORIO S.A,02456955000183,2026-01-19T17:40:18.000-0200,25351050060202581,2026-09-24T00:00:00.000-0300
3882839,105730168,maleato de bronfeniramina + cloridrato de fenilefrina,0320480267,ACHÉ LABORATÓRIOS FARMACÊUTICOS S.A,60659463002992,2026-04-02T08:46:51.000-0300,25351059422202507,2026-09-24T00:00:00.000-0300
3872200,100290227,desloratadina,0611873265,ORGANON FARMACÊUTICA LTDA.,45987013000134,2026-06-22T16:48:13.000-0300,25351062560202565,2026-09-24T00:00:00.000-0300
3877005,154230362,POLTAX,0433922265,GEOLAB INDÚSTRIA FARMACÊUTICA S/A,03485572000104,2026-05-05T09:59:40.000-0300,25351143446202535,2026-09-24T00:00:00.000-0300
3868438,103870087,HYPOBUP H,1528784251,HYPOFARMA - INSTITUTO DE HYPODERMIA E FARMÁCIA LTDA,17174657000178,2025-11-25T09:57:12.000-0200,25351128567202557,2026-09-24T00:00:00.000-0300
3873014,105710193,BELSPAN DIP,0731809262,BELFAR LTDA,18324343000177,2026-07-22T18:16:08.000-0300,25351133872202561,2026-09-24T00:00:00.000-0300
3877342,100431561,MEXY,0719631262,EUROFARMA LABORATORIOS S.A.,61190096000192,2026-07-21T08:02:26.000-0300,25351171993202519,2026-09-24T00:00:00.000-0300
3882937,100410240,CONEXXENCE,0899714269,FRESENIUS KABI BRASIL LTDA,49324221000104,2026-08-31T15:40:16.000-0300,25351179736202517,2026-09-24T00:00:00.000-0300
3876710,125680375,APLUC,0626492262,PRATI DONADUZZI & CIA LTDA,73856593000166,2026-06-25T13:03:51.000-0300,25351164021202560,2026-09-24T00:00:00.000-0300
3882928,188300115,FROSIV,0955090261,VIATRIS FARMACEUTICA DO BRASIL LTDA,11643096000122,2026-09-14T18:46:10.000-0300,25351416486202421,2026-09-24T00:00:00.000-0300
3868540,105710190,norfloxacino,0567418260,BELFAR LTDA,18324343000177,2026-06-10T11:57:24.000-0300,25351128608202513,2026-09-24T00:00:00.000-0300
3876588,151430098,cloridrato de sitagliptina monoidratado + cloridrato de metformina,0085915262,DR. REDDYS FARMACÊUTICA DO BRASIL LTDA,03978166000175,2026-01-27T15:22:05.000-0200,25351162216202575,2026-09-24T00:00:00.000-0300
3877458,113980035,BLEU PATENTE V,0476942268,GUERBET IMAGEM DO BRASIL LTDA,30153811000193,2026-05-15T16:11:54.000-0300,25351172576202585,2026-09-24T00:00:00.000-0300
3876597,113980034,HENETIX,0759313261,GUERBET IMAGEM DO BRASIL LTDA,30153811000193,2026-07-29T13:53:20.000-0300,25351172498202519,2026-09-24T00:00:00.000-0300
3881662,100410239,BOMYNTRA,0898832268,FRESENIUS KABI BRASIL LTDA,49324221000104,2026-08-31T13:41:04.000-0300,25351179732202539,2026-09-24T00:00:00.000-0300
3877902,113980037,DOTAREM,0463967267,GUERBET IMAGEM DO BRASIL LTDA,30153811000193,2026-05-13T10:40:45.000-0300,25351172604202564,2026-09-24T00:00:00.000-0300
3872671,197110001,ESTREVA,0067593267,THERAMEX FARMACEUTICA LTDA.,16927572000150,2026-01-22T08:07:07.000-0200,25351155643202505,2026-09-24T00:00:00.000-0300
3881051,105831055,ARPIO,0466208260,GERMED FARMACEUTICA LTDA,45992062000165,2026-05-13T16:42:11.000-0300,25351008719202504,2026-09-24T00:00:00.000-0300
3863392,194530002,DESFERAL,0312370261,MASTERS SPECIALITY PHARMA LTDA,14821008000123,2026-03-31T14:23:50.000-0300,25351142720202559,2026-09-24T00:00:00.000-0300
3877557,113980036,OPTIRAY,0759466262,GUERBET IMAGEM DO BRASIL LTDA,30153811000193,2026-07-29T14:06:20.000-0300,25351172579202519,2026-09-24T00:00:00.000-0300
3875103,197110005,SYSTEN CONTI,0119428261,THERAMEX FARMACEUTICA LTDA.,16927572000150,2026-02-05T10:20:55.000-0200,25351155729202520,2026-09-24T00:00:00.000-0300
3880588,189770013,GEMZAR,0950970263,BIOPAS BRASIL PRODUTOS FARMACEUTICOS LTDA,31327287000192,2026-09-14T09:48:34.000-0300,25351175231202583,2026-09-24T00:00:00.000-0300
3880712,158320006,KYTRIL,0161677266,Mawdsleys Pharmaceuticals do Brasil Ltda,19501429000190,2026-02-19T09:30:25.000-0200,25351176517202586,2026-09-24T00:00:00.000-0300
3874675,197110004,SYSTEN,0119302268,THERAMEX FARMACEUTICA LTDA.,16927572000150,2026-02-05T09:53:46.000-0200,25351155715202514,2026-09-24T00:00:00.000-0300
3879653,105350255,cloridrato de ondansetrona,1535370254,LABORATÓRIO GLOBO SA,17115437000173,2025-11-26T16:03:54.000-0200,25351064847202520,2026-09-24T00:00:00.000-0300
3875177,182610026,HALLIS,0788346261,NATCOFARMA DO BRASIL LTDA,08157293000127,2026-08-05T14:28:52.000-0300,25351137592202521,2026-09-24T00:00:00.000-0300
3790351,103900236,PREFISS,0468652264,FARMOQUÍMICA S/A,33349473000158,2026-05-14T08:12:49.000-0300,25351007395202589,2026-09-24T00:00:00.000-0300
3881655,139000012,KINERET,0857618261,PINT PHARMA PRODUTOS MEDICO-HOSPITALARES E FARMACEUTICOS LTDA,21896000000191,2026-08-20T17:46:01.000-0300,25351187839202551,2026-09-24T00:00:00.000-0300
3879032,197110003,COLPOTROFINE,0118809261,THERAMEX FARMACEUTICA LTDA.,16927572000150,2026-02-05T08:53:38.000-0200,25351155654202587,2026-09-24T00:00:00.000-0300
3875698,196240017,Ibruve,0578953269,KYMBERG FARMACEUTICA DO BRASIL LTDA,43056264000170,2026-06-12T13:15:37.000-0300,25351006964202579,2026-09-24T00:00:00.000-0300
3878995,105730164,SINTOCALMY,0793573262,ACHÉ LABORATÓRIOS FARMACÊUTICOS S.A,60659463002992,2026-08-06T13:17:18.000-0300,25351007419202508,2026-09-24T00:00:00.000-0300
3878578,113980038,LIPIODOL UF,0464078261,GUERBET IMAGEM DO BRASIL LTDA,30153811000193,2026-05-13T10:53:12.000-0300,25351172616202599,2026-09-24T00:00:00.000-0300
3875188,197110006,SYSTEN SEQUI,0119937263,THERAMEX FARMACEUTICA LTDA.,16927572000150,2026-02-05T11:28:34.000-0200,25351155779202515,2026-09-24T00:00:00.000-0300
3872493,103870088,HYPOBUP,1528634250,HYPOFARMA - INSTITUTO DE HYPODERMIA E FARMÁCIA LTDA,17174657000178,2025-11-25T09:28:55.000-0200,25351128564202513,2026-09-24T00:00:00.000-0300
3863166,149320020,EVISTA,0125292261,KEMMI PHARMA LTDA,03959540000195,2026-02-06T11:53:53.000-0200,25351153660202508,2026-09-24T00:00:00.000-0300
3874291,196240019,DIPBE COL,0583966268,KYMBERG FARMACEUTICA DO BRASIL LTDA,43056264000170,2026-06-15T09:31:04.000-0300,25351009219202581,2026-09-24T00:00:00.000-0300
3870482,105831054,Propionato de clobetasol,0406790264,GERMED FARMACEUTICA LTDA,45992062000165,2026-04-27T15:28:51.000-0300,25351154457202541,2026-09-24T00:00:00.000-0300
3875663,146820124,PAZOVANT,0333831268,SUN FARMACÊUTICA DO BRASIL LTDA,05035244000123,2026-04-07T15:29:13.000-0300,25351159126202505,2026-09-24T00:00:00.000-0300
3871035,100431585,LIBETTE,0664134262,EUROFARMA LABORATORIOS S.A.,61190096000192,2026-07-06T15:00:53.000-0300,25351001786202590,2026-09-24T00:00:00.000-0300
3874059,141070668,ONADYV,0218829264,PHARLAB INDÚSTRIA FARMACÊUTICA S.A.,02501297000102,2026-03-05T14:52:54.000-0300,25351094487202591,2026-09-24T00:00:00.000-0300
3862841,150920003,EZ-ECD,0929702263,ECKERT & ZIEGLER BRASIL COMERCIAL LTDA,02887124000247,2026-09-08T16:10:28.000-0300,25351108781202597,2026-09-24T00:00:00.000-0300
3868269,105710189,fluconazol,1495318257,BELFAR LTDA,18324343000177,2025-11-13T15:06:44.000-0200,25351122892202514,2026-09-24T00:00:00.000-0300
3861393,112330056,darunavir,0153177268,LABORATORIO QUIMICO FARMACEUTICO DA AERONAUTICA,00394429009914,2026-02-13T20:37:07.000-0200,25351128352202536,2026-09-24T00:00:00.000-0300
3860579,105710195,cloridrato de prometazina,0758361262,BELFAR LTDA,18324343000177,2026-07-29T11:27:49.000-0300,25351126001202591,2026-09-24T00:00:00.000-0300
3860736,138410081,PARAGRIPE,1432870254,NATULAB LABORATORIO S.A,02456955000183,2025-10-28T17:46:40.000-0300,25351008499202519,2026-09-24T00:00:00.000-0300
3860867,145310005,TUXYN,0700304266,BIONOVIS S.A. - COMPANHIA BRASILEIRA DE BIOTECNOLOGIA FARMACEUTICA,12320079000117,2026-07-15T17:42:38.000-0300,25351041054202532,2026-09-24T00:00:00.000-0300
3868669,100681189,NEPARVIS,0393437264,NOVARTIS BIOCIENCIAS S.A,56994502000130,2026-04-23T11:44:42.000-0300,25351109959202517,2026-09-24T00:00:00.000-0300
3869074,104971566,ZANTY,0681906260,UNIÃO QUÍMICA FARMACÊUTICA NACIONAL S/A,60665981000118,2026-07-10T13:43:17.000-0300,25351052310202436,2026-09-24T00:00:00.000-0300
3866965,104400233,NAÉVIA,0209027266,CELLERA FARMACEUTICA S.A.,33173097000274,2026-03-03T16:44:29.000-0300,25351065310202587,2026-09-24T00:00:00.000-0300
3870470,105710191,sulfato de neomicina + bacitracina zíncica,0029788269,BELFAR LTDA,18324343000177,2026-01-12T12:02:20.000-0200,25351150512202523,2026-09-24T00:00:00.000-0300
3871706,138410082,dipirona monoidratada,0603866263,NATULAB LABORATORIO S.A,02456955000183,2026-06-19T09:50:49.000-0300,25351103702202551,2026-09-24T00:00:00.000-0300
3860007,105831053,FUROATO DE MOMETASONA,1488724253,GERMED FARMACEUTICA LTDA,45992062000165,2025-11-12T10:32:30.000-0200,25351126908202550,2026-09-24T00:00:00.000-0300
3870590,102351454,cloridrato de oxomemazina + iodeto de potássio + benzoato de sódio + guaifenesina,0201729261,EMS S/A,57507378000365,2026-03-02T10:47:10.000-0300,25351154458202595,2026-09-24T00:00:00.000-0300
3861644,189770012,VESANOID,1621503259,BIOPAS BRASIL PRODUTOS FARMACEUTICOS LTDA,31327287000192,2025-12-18T15:06:14.000-0200,25351132827202599,2026-09-24T00:00:00.000-0300
3870866,150920004,EZ-MDP,0929710266,ECKERT & ZIEGLER BRASIL COMERCIAL LTDA,02887124000247,2026-09-08T16:14:50.000-0300,25351130604202597,2026-09-24T00:00:00.000-0300
3857356,112610001,VYVGART,0965830268,ARGENX BRASIL PRODUTOS FARMACEUTICOS LTDA,51816580000120,2026-09-16T18:24:11.000-0300,25351147544202541,2026-09-24T00:00:00.000-0300
3865484,121100501,PADCEV,0917913264,PFIZER BRASIL LTDA,61072393000133,2026-09-03T16:41:00.000-0300,25351148428202540,2026-09-24T00:00:00.000-0300
3863917,151430096,WINDUZA,0333254261,DR. REDDYS FARMACÊUTICA DO BRASIL LTDA,03978166000175,2026-04-07T14:10:23.000-0300,25351117533202537,2026-09-24T00:00:00.000-0300
3894437,197110007,ACTONEL,0255918267,THERAMEX FARMACEUTICA LTDA.,16927572000150,2026-03-16T13:57:01.000-0300,25351155669202545,2026-09-24T00:00:00.000-0300
3904633,103870090,HYROVI,0206392265,HYPOFARMA - INSTITUTO DE HYPODERMIA E FARMÁCIA LTDA,17174657000178,2026-03-03T10:00:03.000-0300,25351128565202568,2026-09-24T00:00:00.000-0300
3908166,101180672,INSIT,0356772268,APSEN FARMACEUTICA S/A,62462015000129,2026-04-13T13:00:54.000-0300,25351208050202541,2026-09-24T00:00:00.000-0300
3902677,104300050,DESDIFF,0632311266,DIFFUCAP - CHEMOBRÁS QUÍMICA E FARMACÊUTICA LTDA,42457796000156,2026-06-26T14:47:19.000-0300,25351042200202547,2026-09-24T00:00:00.000-0300
3895104,115600274,DEXTAFLAM,0311485260,CIFARMA CIENTÍFICA FARMACÊUTICA LTDA,17562075000169,2026-03-31T11:54:37.000-0300,25351194901202561,2026-09-24T00:00:00.000-0300
3902693,155370140,DAZANYN,0274207265,ACCORD FARMACÊUTICA LTDA,64171697000146,2026-03-20T11:32:14.000-0300,25351657053202261,2026-09-24T00:00:00.000-0300
3899288,185690018,SPEVIGO,0392061261,LEO PHARMA LTDA,11424477000110,2026-04-23T05:55:31.000-0300,25351222196202507,2026-09-24T00:00:00.000-0300
3884258,106890215,RESFEGARGANTA,0399871268,KLEY HERTZ FARMACEUTICA S.A,92695691000103,2026-04-24T15:53:04.000-0300,25351061358202516,2026-09-24T00:00:00.000-0300
3894203,104971563,cloridrato de clorpromazina,0271297263,UNIÃO QUÍMICA FARMACÊUTICA NACIONAL S/A,60665981000118,2026-03-19T14:31:15.000-0300,25351199963202569,2026-09-24T00:00:00.000-0300
3896389,115600275,NIMSY,0371430267,CIFARMA CIENTÍFICA FARMACÊUTICA LTDA,17562075000169,2026-04-16T08:46:08.000-0300,25351194916202529,2026-09-24T00:00:00.000-0300
3889400,155370142,LYONE,0742244261,ACCORD FARMACÊUTICA LTDA,64171697000146,2026-07-24T17:00:42.000-0300,25351020512202508,2026-09-24T00:00:00.000-0300
3891444,105831061,DAPLYS,0380753260,GERMED FARMACEUTICA LTDA,45992062000165,2026-04-17T17:11:45.000-0300,25351181995202516,2026-09-24T00:00:00.000-0300
3884406,103720324,FLUVIQUE,0993895263,SUPERA FARMA LABORATÓRIOS S.A,43312503000105,2026-09-23T12:24:01.000-0300,25351041865202533,2026-09-24T00:00:00.000-0300
3884407,100431568,AFLUV,0793477263,EUROFARMA LABORATORIOS S.A.,61190096000192,2026-08-06T12:25:12.000-0300,25351443148202461,2026-09-24T00:00:00.000-0300
3922301,110110006,lactato de milrinona,0497191261,NEWCOM FARMACEUTICA LTDA.,59088333000167,2026-05-21T11:47:04.000-0300,25351232735202516,2026-09-24T00:00:00.000-0300
3698249,100431579,FERRARA,0430059264,EUROFARMA LABORATORIOS S.A.,61190096000192,2026-05-04T14:35:20.000-0300,25351890555202464,2026-09-24T00:00:00.000-0300
3931929,156260036,NOOTROPIL,0370375262,Laboratórios Bagó do Brasil S/A,04748181000947,2026-04-15T21:40:12.000-0300,25351211566202572,2026-09-24T00:00:00.000-0300
3924548,110110009,GENTAMICIN,0713864265,NEWCOM FARMACEUTICA LTDA.,59088333000167,2026-07-20T10:48:04.000-0300,25351232744202507,2026-09-24T00:00:00.000-0300
3923911,110110008,bromoprida,0476195268,NEWCOM FARMACEUTICA LTDA.,59088333000167,2026-05-15T14:33:44.000-0300,25351232743202554,2026-09-24T00:00:00.000-0300
3918953,167730698,dapagliflozina,0471104264,LEGRAND PHARMA INDÚSTRIA FARMACÊUTICA LTDA,05044984000126,2026-05-14T14:41:51.000-0300,25351218409202598,2026-09-24T00:00:00.000-0300
3930547,106890216,DESAFTALIV,0741994267,KLEY HERTZ FARMACEUTICA S.A,92695691000103,2026-07-24T15:55:15.000-0300,25351156333202508,2026-09-24T00:00:00.000-0300
3695274,156260035,SABIVARNEX,0415909261,Laboratórios Bagó do Brasil S/A,04748181000947,2026-04-29T09:49:56.000-0300,25351022745202456,2026-09-24T00:00:00.000-0300
3924700,110110010,NOVAMICIN,0500874263,NEWCOM FARMACEUTICA LTDA.,59088333000167,2026-05-21T18:41:53.000-0300,25351232749202521,2026-09-24T00:00:00.000-0300
3926158,110110012,fosfato dissódico de betametasona,0502025263,NEWCOM FARMACEUTICA LTDA.,59088333000167,2026-05-22T09:39:22.000-0300,25351232753202590,2026-09-24T00:00:00.000-0300
3922157,101880214,Spectrila,0603800262,STEINCARES FARMACEUTICA DO BRASIL LTDA,50090735000121,2026-06-19T09:38:40.000-0300,25351230616202511,2026-09-24T00:00:00.000-0300
3922174,110110005,haloperidol,0713287268,NEWCOM FARMACEUTICA LTDA.,59088333000167,2026-07-20T08:58:08.000-0300,25351232725202572,2026-09-24T00:00:00.000-0300
3921756,110110002,Sulfato de Amicacina,0975509268,NEWCOM FARMACEUTICA LTDA.,59088333000167,2026-09-18T12:34:06.000-0300,25351232707202591,2026-09-24T00:00:00.000-0300
3921265,189770014,ROHYPNOL,0327058269,BIOPAS BRASIL PRODUTOS FARMACEUTICOS LTDA,31327287000192,2026-04-06T12:32:41.000-0300,25351132826202544,2026-09-24T00:00:00.000-0300
3913708,104810166,TD FILA,0586362266,1FARMA INDUSTRIA FARMACEUTICA LTDA,48113906000149,2026-06-15T15:30:30.000-0300,25351056664202531,2026-09-24T00:00:00.000-0300
3926342,110110013,ampicilina sódica + sulbactam sódico,0477239269,NEWCOM FARMACEUTICA LTDA.,59088333000167,2026-05-15T17:25:04.000-0300,25351232754202534,2026-09-24T00:00:00.000-0300
3917272,118190494,ezetimiba,0366406264,MULTILAB INDUSTRIA E COMERCIO DE PRODUTOS FARMACEUTICOS LTDA,92265552000905,2026-04-15T10:08:03.000-0300,25351236840202516,2026-09-24T00:00:00.000-0300
3917030,154230367,cloridrato de propranolol,0793922267,GEOLAB INDÚSTRIA FARMACÊUTICA S/A,03485572000104,2026-08-06T14:36:55.000-0300,25351235757202520,2026-09-24T00:00:00.000-0300
3908190,105730182,NISULID XR,0756951267,ACHÉ LABORATÓRIOS FARMACÊUTICOS S.A,60659463002992,2026-07-29T08:13:06.000-0300,25351041906202591,2026-09-24T00:00:00.000-0300
3913578,125680385,CILVIB,0745403263,PRATI DONADUZZI & CIA LTDA,73856593000166,2026-07-27T08:53:18.000-0300,25351101771202521,2026-09-24T00:00:00.000-0300
3910859,100681190,VANRAFIA,0905875265,NOVARTIS BIOCIENCIAS S.A,56994502000130,2026-09-01T16:17:14.000-0300,25351146131202540,2026-09-24T00:00:00.000-0300
3919775,105831059,dapagliflozina,0337856265,GERMED FARMACEUTICA LTDA,45992062000165,2026-04-08T12:10:12.000-0300,25351221596202597,2026-09-24T00:00:00.000-0300
3918439,118190496,dapagliflozina,0470101261,MULTILAB INDUSTRIA E COMERCIO DE PRODUTOS FARMACEUTICOS LTDA,92265552000905,2026-05-14T11:53:02.000-0300,25351218408202543,2026-09-24T00:00:00.000-0300
3914598,150920002,EZ-DMSA,0929099265,ECKERT & ZIEGLER BRASIL COMERCIAL LTDA,02887124000247,2026-09-08T14:29:01.000-0300,25351090621202584,2026-09-24T00:00:00.000-0300
3902352,150920005,EZ-MIBI,0929049268,ECKERT & ZIEGLER BRASIL COMERCIAL LTDA,02887124000247,2026-09-08T14:24:56.000-0300,25351093578202517,2026-09-24T00:00:00.000-0300
3917941,102351470,DAPFLOW,0567354261,EMS S/A,57507378000365,2026-06-10T11:47:26.000-0300,25351216205202512,2026-09-24T00:00:00.000-0300
3940420,110110054,adenosina,0710158262,NEWCOM FARMACEUTICA LTDA.,59088333000167,2026-07-17T16:45:52.000-0300,25351232931202582,2026-09-24T00:00:00.000-0300
3942011,126270015,Prothromplex,0865018260,TAKEDA FARMACEUTICA BRASIL LTDA,11635171000103,2026-08-21T19:29:19.000-0300,25351052090202611,2026-09-24T00:00:00.000-0300
3939439,126270014,Replagal,0558358268,TAKEDA FARMACEUTICA BRASIL LTDA,11635171000103,2026-06-08T16:31:53.000-0300,25351054577202620,2026-09-24T00:00:00.000-0300
3939086,126270005,ADZYNMA,0861216261,TAKEDA FARMACEUTICA BRASIL LTDA,11635171000103,2026-08-21T12:25:21.000-0300,25351051247202682,2026-09-24T00:00:00.000-0300
3939198,126270013,VPRIV,0586453261,TAKEDA FARMACEUTICA BRASIL LTDA,11635171000103,2026-06-15T15:24:48.000-0300,25351054111202624,2026-09-24T00:00:00.000-0300
3936907,126270001,Elaprase,0612997260,TAKEDA FARMACEUTICA BRASIL LTDA,11635171000103,2026-06-22T19:02:15.000-0300,25351053371202682,2026-09-24T00:00:00.000-0300
3943580,104971574,ALIZ,0765603268,UNIÃO QUÍMICA FARMACÊUTICA NACIONAL S/A,60665981000118,2026-07-30T14:59:36.000-0300,25351041070202525,2026-09-24T00:00:00.000-0300
3940546,110110040,MEROPENEM,0491150261,NEWCOM FARMACEUTICA LTDA.,59088333000167,2026-05-20T09:08:25.000-0300,25351232883202522,2026-09-24T00:00:00.000-0300
3939082,115600281,ALPHALIV,0810747260,CIFARMA CIENTÍFICA FARMACÊUTICA LTDA,17562075000169,2026-08-10T11:21:37.000-0300,25351194915202584,2026-09-24T00:00:00.000-0300
3944197,126270017,IMMUNATE,0613006267,TAKEDA FARMACEUTICA BRASIL LTDA,11635171000103,2026-06-22T19:45:28.000-0300,25351071262202647,2026-09-24T00:00:00.000-0300
3933677,109170151,PLASIL,0363780262,MEDQUIMICA INDUSTRIA FARMACEUTICA LTDA.,17875154000120,2026-04-14T17:00:57.000-0300,25351222384202527,2026-09-24T00:00:00.000-0300
3941431,110110046,CEFTRIONA,0496709267,NEWCOM FARMACEUTICA LTDA.,59088333000167,2026-05-21T10:12:36.000-0300,25351232903202565,2026-09-24T00:00:00.000-0300
3937790,101180677,TULIPS,0799138266,APSEN FARMACEUTICA S/A,62462015000129,2026-08-07T10:02:11.000-0300,25351024977202619,2026-09-24T00:00:00.000-0300
3939224,126270012,Cuvitru,0523641265,TAKEDA FARMACEUTICA BRASIL LTDA,11635171000103,2026-05-27T23:39:40.000-0300,25351053410202641,2026-09-24T00:00:00.000-0300
3939866,110110050,brometo de pancurônio,0710249268,NEWCOM FARMACEUTICA LTDA.,59088333000167,2026-07-17T16:59:38.000-0300,25351232921202547,2026-09-24T00:00:00.000-0300
3936875,126270003,IMMUNINE,0586860266,TAKEDA FARMACEUTICA BRASIL LTDA,11635171000103,2026-06-15T16:37:16.000-0300,25351054619202622,2026-09-24T00:00:00.000-0300
3890159,100431576,AMORA 20,0230631266,EUROFARMA LABORATORIOS S.A.,61190096000192,2026-03-09T15:34:05.000-0300,25351399495202440,2026-09-24T00:00:00.000-0300
3940415,110110052,ácido tranexâmico,0943944261,NEWCOM FARMACEUTICA LTDA.,59088333000167,2026-09-11T09:11:11.000-0300,25351232927202514,2026-09-24T00:00:00.000-0300
3941216,110110047,cloridrato de midazolam,0717498263,NEWCOM FARMACEUTICA LTDA.,59088333000167,2026-07-20T18:17:42.000-0300,25351232906202507,2026-09-24T00:00:00.000-0300
3942005,110110032,amoxicilina sódica + clavulanato de potássio,0515077267,NEWCOM FARMACEUTICA LTDA.,59088333000167,2026-05-26T12:26:15.000-0300,25351232850202582,2026-09-24T00:00:00.000-0300
3940523,110110036,citrato de fentanila,0710253265,NEWCOM FARMACEUTICA LTDA.,59088333000167,2026-07-17T17:06:58.000-0300,25351232868202584,2026-09-24T00:00:00.000-0300
3940509,110110057,tiocolchicosídeo,0509009263,NEWCOM FARMACEUTICA LTDA.,59088333000167,2026-05-25T10:28:20.000-0300,25351232965202577,2026-09-24T00:00:00.000-0300
3951910,186100021,CIALIS,0929854268,GRÜNENTHAL DO BRASIL FARMACÊUTICA LTDA.,10555143000113,2026-09-08T16:59:05.000-0300,25351014697202694,2026-09-24T00:00:00.000-0300
3939230,126270009,TAKHZYRO,0849730261,TAKEDA FARMACEUTICA BRASIL LTDA,11635171000103,2026-08-19T12:20:32.000-0300,25351053380202673,2026-09-24T00:00:00.000-0300
3932398,110110017,OXACILIL,0487917260,NEWCOM FARMACEUTICA LTDA.,59088333000167,2026-05-19T15:29:44.000-0300,25351232794202586,2026-09-24T00:00:00.000-0300
3944203,127100001,ALBIOPLAS,0520791266,LEADER PHARMA DISTRIBUIDORA E IMPORTADORA DE PRODUTOS FARMACEUTICOS E CORRELATOS LTDA,58909098000184,2026-05-27T13:36:23.000-0300,25351020030202621,2026-09-24T00:00:00.000-0300
3939434,126270008,REVESTIVE,0968087264,TAKEDA FARMACEUTICA BRASIL LTDA,11635171000103,2026-09-17T11:25:49.000-0300,25351052128202647,2026-09-24T00:00:00.000-0300
3631165,136410024,Xembify,0981518265,GRIFOLS BRASIL LTDA,02513899000171,2026-09-21T11:54:08.000-0300,25351464015202348,2026-09-24T00:00:00.000-0300
3949338,115600283,CONDUVAZ,0879267267,CIFARMA CIENTÍFICA FARMACÊUTICA LTDA,17562075000169,2026-08-26T08:19:28.000-0300,25351221408202521,2026-09-24T00:00:00.000-0300
3940506,110110056,cloridrato de ondansetrona,0499578261,NEWCOM FARMACEUTICA LTDA.,59088333000167,2026-05-21T16:44:04.000-0300,25351232952202506,2026-09-24T00:00:00.000-0300
3940167,110110034,besilato de atracúrio,0710261268,NEWCOM FARMACEUTICA LTDA.,59088333000167,2026-07-17T17:11:44.000-0300,25351232866202595,2026-09-24T00:00:00.000-0300
3940412,110110021,cloridrato de clonidina,0716587262,NEWCOM FARMACEUTICA LTDA.,59088333000167,2026-07-20T17:42:29.000-0300,25351232805202528,2026-09-24T00:00:00.000-0300
3941270,110110026,besilato de cisatracúrio,0508656265,NEWCOM FARMACEUTICA LTDA.,59088333000167,2026-05-25T09:17:22.000-0300,25351232817202552,2026-09-24T00:00:00.000-0300
3939231,126270010,QDENGA,0874386268,TAKEDA FARMACEUTICA BRASIL LTDA,11635171000103,2026-08-25T12:00:50.000-0300,25351053384202651,2026-09-24T00:00:00.000-0300
3941215,110110045,EPIKABI,0508395267,NEWCOM FARMACEUTICA LTDA.,59088333000167,2026-05-25T08:59:38.000-0300,25351232902202511,2026-09-24T00:00:00.000-0300
3941279,110110029,CETAZIMA,0504080261,NEWCOM FARMACEUTICA LTDA.,59088333000167,2026-05-22T15:25:56.000-0300,25351232827202598,2026-09-24T00:00:00.000-0300
3944205,127100002,BIOGAM,0520742265,LEADER PHARMA DISTRIBUIDORA E IMPORTADORA DE PRODUTOS FARMACEUTICOS E CORRELATOS LTDA,58909098000184,2026-05-27T13:25:39.000-0300,25351020045202699,2026-09-24T00:00:00.000-0300
3936868,126270002,ENDOBULIN KIOVIG,0604108265,TAKEDA FARMACEUTICA BRASIL LTDA,11635171000103,2026-06-19T10:37:14.000-0300,25351054122202612,2026-09-24T00:00:00.000-0300
3941064,110110042,GLIOCORT,0511648260,NEWCOM FARMACEUTICA LTDA.,59088333000167,2026-05-25T17:24:25.000-0300,25351232894202511,2026-09-24T00:00:00.000-0300
3950506,104971575,ZUTAK,0765644266,UNIÃO QUÍMICA FARMACÊUTICA NACIONAL S/A,60665981000118,2026-07-30T15:05:30.000-0300,25351042794202596,2026-09-24T00:00:00.000-0300
3940710,110110024,cloridrato de amiodarona,0716157268,NEWCOM FARMACEUTICA LTDA.,59088333000167,2026-07-20T15:59:24.000-0300,25351232811202585,2026-09-24T00:00:00.000-0300
3956421,118190497,FENBIP,0834016265,MULTILAB INDUSTRIA E COMERCIO DE PRODUTOS FARMACEUTICOS LTDA,92265552000905,2026-08-14T17:23:52.000-0300,25351028441202664,2026-09-24T00:00:00.000-0300
3957300,126270019,FIRAZYR,0633122262,TAKEDA FARMACEUTICA BRASIL LTDA,11635171000103,2026-06-26T16:08:39.000-0300,25351051407202693,2026-09-24T00:00:00.000-0300
3957424,178171006,DERIVA MICRO,0944737269,COSMED INDUSTRIA DE COSMETICOS E MEDICAMENTOS S.A.,61082426000207,2026-09-11T11:44:56.000-0300,25351046851202697,2026-09-24T00:00:00.000-0300
3983237,105831064,espironolactona,0777653265,GERMED FARMACEUTICA LTDA,45992062000165,2026-08-03T17:27:19.000-0300,25351131427202566,2026-09-24T00:00:00.000-0300
3974955,100380118,APETIPLUS,0931731267,BRASTERAPICA PHARMACEUTICA LTDA.,46179008000168,2026-09-09T09:06:51.000-0300,25351526776202139,2026-09-24T00:00:00.000-0300
3979131,103920250,atenolol,0885859260,VITAMEDIC INDUSTRIA FARMACEUTICA LTDA,30222814000131,2026-08-27T09:42:21.000-0300,25351029852202677,2026-09-24T00:00:00.000-0300
3957412,155370144,AZZURE,0803178263,ACCORD FARMACÊUTICA LTDA,64171697000146,2026-08-07T16:50:00.000-0300,25351289544202437,2026-09-24T00:00:00.000-0300
3987596,105831066,SEMACLIQUE,0939895269,GERMED FARMACEUTICA LTDA,45992062000165,2026-09-10T15:01:16.000-0300,25351122821202694,2026-09-24T00:00:00.000-0300
3963690,102980619,MUPIFOL,0962309265,CRISTÁLIA PRODUTOS QUÍMICOS FARMACÊUTICOS LTDA.,44734671000151,2026-09-16T10:39:49.000-0300,25351031606202685,2026-09-24T00:00:00.000-0300
3991369,100431594,GLIF MET,0939694263,EUROFARMA LABORATORIOS S.A.,61190096000192,2026-09-10T14:26:57.000-0300,25351094559202681,2026-09-24T00:00:00.000-0300
3936899,126270004,FEIBA,0754617262,TAKEDA FARMACEUTICA BRASIL LTDA,11635171000103,2026-07-28T15:07:07.000-0300,25351054622202646,2026-09-24T00:00:00.000-0300
3778357,109740374,BIOLME,0274519267,BIOLAB SANUS FARMACÊUTICA LTDA,49475833000106,2026-03-20T12:06:10.000-0300,25351435479202428,2026-09-24T00:00:00.000-0300
3777849,104971545,naproxeno,0259156256,UNIÃO QUÍMICA FARMACÊUTICA NACIONAL S/A,60665981000118,2025-02-24T15:57:21.000-0300,25351920842202414,2026-09-24T00:00:00.000-0300
3797973,196240013,REACBE,0192571265,KYMBERG FARMACEUTICA DO BRASIL LTDA,43056264000170,2026-02-26T15:52:28.000-0300,25351009222202503,2026-09-24T00:00:00.000-0300
3789224,103900233,LAIO,0579870260,FARMOQUÍMICA S/A,33349473000158,2026-06-12T15:54:49.000-0300,25351007376202552,2026-09-24T00:00:00.000-0300
3798977,117720025,água para injetáveis,1145567258,EQUIPLEX INDÚSTRIA FARMACÊUTICA LTDA,01784792000103,2025-08-26T16:15:06.000-0300,25351014185202547,2026-09-24T00:00:00.000-0300
3664805,109740366,NORI-1,1584455250,BIOLAB SANUS FARMACÊUTICA LTDA,49475833000106,2025-12-10T11:50:17.000-0200,25351166283202305,2026-09-24T00:00:00.000-0300
3782302,196240012,MUCBE,1559267259,KYMBERG FARMACEUTICA DO BRASIL LTDA,43056264000170,2025-12-03T14:24:39.000-0200,25351448425202422,2026-09-24T00:00:00.000-0300
3784127,105730155,PAMFER,0321372263,ACHÉ LABORATÓRIOS FARMACÊUTICOS S.A,60659463002992,2026-04-02T11:17:01.000-0300,25351457187202446,2026-09-24T00:00:00.000-0300
3790436,104971556,OPTI,1495680258,UNIÃO QUÍMICA FARMACÊUTICA NACIONAL S/A,60665981000118,2025-11-13T16:40:28.000-0200,25351045897202427,2026-09-24T00:00:00.000-0300
3787859,105730115,lacosamida,0115847260,ACHÉ LABORATÓRIOS FARMACÊUTICOS S.A,60659463002992,2026-02-04T14:33:32.000-0200,25351007444202583,2026-09-24T00:00:00.000-0300
3780574,100431544,telmisartana + hidroclorotiazida,0182764265,EUROFARMA LABORATORIOS S.A.,61190096000192,2026-02-24T17:40:56.000-0300,25351443146202472,2026-09-24T00:00:00.000-0300
3787773,196240006,IBRUVE,0192827260,KYMBERG FARMACEUTICA DO BRASIL LTDA,43056264000170,2026-02-26T16:49:41.000-0300,25351459910202421,2026-09-24T00:00:00.000-0300
3789194,100431537,hemifumarato de bisoprolol,1577166256,EUROFARMA LABORATORIOS S.A.,61190096000192,2025-12-08T14:57:45.000-0200,25351005437202547,2026-09-24T00:00:00.000-0300
3791638,170420002,cloridrato de tramadol + paracetamol,1635641250,MCG INDUSTRIA FARMACEUTICA E IMPORTAÇAO LTDA,18755529000180,2025-12-22T10:44:20.000-0200,25351007438202526,2026-09-24T00:00:00.000-0300
3782304,112090144,FUNED INSULINA R,0312493266,FUNDAÇÃO EZEQUIEL DIAS - FUNED,17503475000101,2026-03-31T14:39:35.000-0300,25351006239202509,2026-09-24T00:00:00.000-0300
3800757,196240016,DIFLECBE,0460199269,KYMBERG FARMACEUTICA DO BRASIL LTDA,43056264000170,2026-05-12T15:04:01.000-0300,25351006956202522,2026-09-24T00:00:00.000-0300
3788454,103900232,CATARSE ODT,0387112260,FARMOQUÍMICA S/A,33349473000158,2026-04-22T07:51:41.000-0300,25351007393202590,2026-09-24T00:00:00.000-0300
3778363,109740375,BIOLME H,0267443269,BIOLAB SANUS FARMACÊUTICA LTDA,49475833000106,2026-03-18T15:21:11.000-0300,25351435482202441,2026-09-24T00:00:00.000-0300
3777935,125680355,MADUN,0626481261,PRATI DONADUZZI & CIA LTDA,73856593000166,2026-06-25T13:23:28.000-0300,25351434657202401,2026-09-24T00:00:00.000-0300
3791639,170420001,cloridrato de donepezila,0069626260,MCG INDUSTRIA FARMACEUTICA E IMPORTAÇAO LTDA,18755529000180,2026-01-22T14:01:25.000-0200,25351007436202537,2026-09-24T00:00:00.000-0300
3795213,100431538,claritromicina,0686325265,EUROFARMA LABORATORIOS S.A.,61190096000192,2026-07-13T10:18:03.000-0300,25351005438202591,2026-09-24T00:00:00.000-0300
3779485,116640005,SEMGLEE,0450815269,BIOCON BIOLOGICS DO BRASIL LTDA,38108988000180,2026-05-08T17:32:39.000-0300,25351438612202406,2026-09-24T00:00:00.000-0300
3671586,178170970,EVORTIA,0589688260,COSMED INDUSTRIA DE COSMETICOS E MEDICAMENTOS S.A.,61082426000207,2026-06-16T11:40:50.000-0300,25351294453202332,2026-09-24T00:00:00.000-0300
3800779,105350253,etoricoxibe,0567084264,LABORATÓRIO GLOBO SA,17115437000173,2026-06-10T11:04:55.000-0300,25351009181202547,2026-09-24T00:00:00.000-0300
3789735,116640007,INSUNORM R,0826498264,BIOCON BIOLOGICS DO BRASIL LTDA,38108988000180,2026-08-13T11:28:54.000-0300,25351010644202513,2026-09-24T00:00:00.000-0300
3800513,170420007,Passiflora MCG,0109498267,MCG INDUSTRIA FARMACEUTICA E IMPORTAÇAO LTDA,18755529000180,2026-02-03T09:57:50.000-0200,25351015925202562,2026-09-24T00:00:00.000-0300
3790427,125680357,NISVO,0501653261,PRATI DONADUZZI & CIA LTDA,73856593000166,2026-05-22T08:34:41.000-0300,25351401033202408,2026-09-24T00:00:00.000-0300
3666672,177170012,VYLOY,0928010261,ASTELLAS FARMA BRASIL IMPORTAÇÃO E DISTRIBUIÇÃO DE MEDICAMENTOS LTDA.,07768134000104,2026-09-08T10:47:31.000-0300,25351740787202391,2026-09-24T00:00:00.000-0300
3683113,155840678,dicloridrato de trimetazidina,0584200269,BRAINFARMA INDÚSTRIA QUÍMICA E FARMACÊUTICA S.A,05161069000110,2026-06-15T10:23:12.000-0300,25351343763202398,2026-09-24T00:00:00.000-0300
3729793,125680343,sulfadiazina de prata,0250483262,PRATI DONADUZZI & CIA LTDA,73856593000166,2026-03-13T16:33:47.000-0300,25351361854202496,2026-09-24T00:00:00.000-0300
3719150,178171004,ADACNE PEROX,0915870266,COSMED INDUSTRIA DE COSMETICOS E MEDICAMENTOS S.A.,61082426000207,2026-09-03T11:31:54.000-0300,25351322234202431,2026-09-24T00:00:00.000-0300
3705290,100580124,LOJUXTA®,1472397258,CHIESI FARMACÊUTICA LTDA,61363032000146,2025-11-07T09:10:49.000-0200,25351846781202327,2026-09-24T00:00:00.000-0300
3696674,183260509,REZUROCK,0254317260,SANOFI MEDLEY FARMACÊUTICA LTDA.,10588595001092,2026-03-16T10:26:13.000-0300,25351073983202420,2026-09-24T00:00:00.000-0300
3565663,100431525,NIB,0070894264,EUROFARMA LABORATORIOS S.A.,61190096000192,2026-01-22T16:56:53.000-0200,25351334169202144,2026-09-24T00:00:00.000-0300
3703584,104971542,hemitartarato de zolpidem,0066686253,UNIÃO QUÍMICA FARMACÊUTICA NACIONAL S/A,60665981000118,2025-01-16T13:41:34.000-0200,25351239746202276,2026-09-24T00:00:00.000-0300
3687043,105730071,INFOC,0584037261,ACHÉ LABORATÓRIOS FARMACÊUTICOS S.A,60659463002992,2026-06-15T09:43:56.000-0300,25351824895202316,2026-09-24T00:00:00.000-0300
3685941,122140130,LIBTAYO,0597354260,ADIUM S.A.,55980684000127,2026-06-17T19:14:32.000-0300,25351872799202384,2026-09-24T00:00:00.000-0300
3727828,116180303,Kanuma,1155780256,ASTRAZENECA DO BRASIL LTDA,60318797000100,2025-08-28T17:32:39.000-0300,25351357481202459,2026-09-24T00:00:00.000-0300
3758661,105730093,ENRIZA,0932666256,ACHÉ LABORATÓRIOS FARMACÊUTICOS S.A,60659463002992,2025-07-18T08:16:22.000-0300,25351264293202488,2026-09-24T00:00:00.000-0300
3695943,136410020,PENTAGLOBIN,0759500258,GRIFOLS BRASIL LTDA,02513899000171,2025-06-05T09:06:08.000-0300,25351126254202483,2026-09-24T00:00:00.000-0300
3701303,105831044,VORPRO,0164562265,GERMED FARMACEUTICA LTDA,45992062000165,2026-02-19T15:45:42.000-0200,25351052492202445,2026-09-24T00:00:00.000-0300
3755088,188300101,LYRICA,0070483264,VIATRIS FARMACEUTICA DO BRASIL LTDA,11643096000122,2026-01-22T15:38:21.000-0200,25351382751202460,2026-09-24T00:00:00.000-0300
3750668,185690017,tacrolimo,1157392253,LEO PHARMA LTDA,11424477000110,2025-08-29T09:25:27.000-0300,25351372392202432,2026-09-24T00:00:00.000-0300
3705309,102980597,SEVOQ,0626487269,CRISTÁLIA PRODUTOS QUÍMICOS FARMACÊUTICOS LTDA.,44734671000151,2026-06-25T13:24:29.000-0300,25351052348202417,2026-09-24T00:00:00.000-0300
3693633,122340056,IXCHIQ,0632812265,INSTITUTO BUTANTAN,61821344000156,2026-06-26T15:17:49.000-0300,25351860826202376,2026-09-24T00:00:00.000-0300
3759055,105730101,bilastina,0348009267,ACHÉ LABORATÓRIOS FARMACÊUTICOS S.A,60659463002992,2026-04-10T11:25:48.000-0300,25351401032202455,2026-09-24T00:00:00.000-0300
3757365,188300103,XALACOM,1618123254,VIATRIS FARMACEUTICA DO BRASIL LTDA,11643096000122,2025-12-17T21:02:48.000-0200,25351382782202411,2026-09-24T00:00:00.000-0300
3762995,102980602,DIVA 30,0633152269,CRISTÁLIA PRODUTOS QUÍMICOS FARMACÊUTICOS LTDA.,44734671000151,2026-06-26T16:19:18.000-0300,25351384653202467,2026-09-24T00:00:00.000-0300
3789223,109170147,lamotrigina,0616739265,MEDQUIMICA INDUSTRIA FARMACEUTICA LTDA.,17875154000120,2026-06-23T13:08:12.000-0300,25351007473202545,2026-09-24T00:00:00.000-0300
3675121,189770007,LIVMARLI,0176150251,BIOPAS BRASIL PRODUTOS FARMACEUTICOS LTDA,31327287000192,2025-02-07T14:31:04.000-0200,25351818444202340,2026-09-24T00:00:00.000-0300
3678258,103870084,HYPONIBE,1477881255,HYPOFARMA - INSTITUTO DE HYPODERMIA E FARMÁCIA LTDA,17174657000178,2025-11-10T07:20:52.000-0200,25351824747202300,2026-09-24T00:00:00.000-0300
3747936,103920241,maleato de dexclorfeniramina,0185390251,VITAMEDIC INDUSTRIA FARMACEUTICA LTDA,30222814000131,2025-02-10T15:06:09.000-0200,25351400832202459,2026-09-24T00:00:00.000-0300
3681458,110630165,citrato de tofacitinibe,0983674264,FUNDAÇÃO OSWALDO CRUZ,33781055000135,2026-09-21T16:42:45.000-0300,25351441697202311,2026-09-24T00:00:00.000-0300
3698330,192160011,STOBOCLO,0852926260,CELLTRION HEALTHCARE DISTRIBUICAO DE PRODUTOS FARMACEUTICOS DOS BRASIL LTDA,05452889000161,2026-08-20T03:46:03.000-0300,25351140802202488,2026-09-24T00:00:00.000-0300
3754046,105710187,PERIGITE,0271772255,BELFAR LTDA,18324343000177,2025-02-26T11:12:25.000-0300,25351362640202437,2026-09-24T00:00:00.000-0300
3754948,102980600,CUTISANOL,0511133260,CRISTÁLIA PRODUTOS QUÍMICOS FARMACÊUTICOS LTDA.,44734671000151,2026-05-25T15:38:09.000-0300,25351363533202426,2026-09-24T00:00:00.000-0300
3698250,136410021,Albiomin,0751866253,GRIFOLS BRASIL LTDA,02513899000171,2025-06-03T16:45:29.000-0300,25351126322202412,2026-09-24T00:00:00.000-0300
3751942,105710177,TRINIZOL-M,0281736251,BELFAR LTDA,18324343000177,2025-02-27T16:06:48.000-0300,25351361859202419,2026-09-24T00:00:00.000-0300
3720840,109170142,cloridrato de donepezila,1564607259,MEDQUIMICA INDUSTRIA FARMACEUTICA LTDA.,17875154000120,2025-12-04T10:35:47.000-0200,25351140056202422,2026-09-24T00:00:00.000-0300
3754957,141070658,GARDENAL,1630138258,PHARLAB INDÚSTRIA FARMACÊUTICA S.A.,02501297000102,2025-12-19T16:14:27.000-0200,25351364532202407,2026-09-24T00:00:00.000-0300
3715633,100431516,DUALGI,0180775260,EUROFARMA LABORATORIOS S.A.,61190096000192,2026-02-24T17:00:42.000-0300,25351248978202487,2026-09-24T00:00:00.000-0300
3755090,188300102,GEODON,1616606258,VIATRIS FARMACEUTICA DO BRASIL LTDA,11643096000122,2025-12-17T17:00:37.000-0200,25351382781202476,2026-09-24T00:00:00.000-0300
3734826,103720317,VALASKI,0967547261,SUPERA FARMA LABORATÓRIOS S.A,43312503000105,2026-09-17T10:03:07.000-0300,25351313653202482,2026-09-24T00:00:00.000-0300
3686706,112363447,LAZCLUZE,0540997269,JANSSEN-CILAG FARMACÊUTICA LTDA,51780468000187,2026-06-02T17:57:03.000-0300,25351945586202460,2026-09-24T00:00:00.000-0300
3763461,115240021,NEOZINE,0445897252,BLANVER FARMOQUIMICA E FARMACEUTICA S.A.,53359824000119,2025-04-01T16:37:40.000-0300,25351392223202419,2026-09-24T00:00:00.000-0300
3664306,100431495,nitazoxanida,0042980267,EUROFARMA LABORATORIOS S.A.,61190096000192,2026-01-15T08:50:03.000-0200,25351339614202162,2026-09-24T00:00:00.000-0300
3706542,118190490,MULTIPIRAL,0443849251,MULTILAB INDUSTRIA E COMERCIO DE PRODUTOS FARMACEUTICOS LTDA,92265552000905,2025-04-01T12:11:34.000-0300,25351100026202483,2026-09-24T00:00:00.000-0300
3676996,167730689,DESLORANA,0073508268,LEGRAND PHARMA INDÚSTRIA FARMACÊUTICA LTDA,05044984000126,2026-01-23T10:42:00.000-0200,25351305653202328,2026-09-24T00:00:00.000-0300
3677538,103920236,acetato de dexametasona,1535438240,VITAMEDIC INDUSTRIA FARMACEUTICA LTDA,30222814000131,2024-11-07T10:17:30.000-0200,25351816895202342,2026-09-24T00:00:00.000-0300
3754480,104971555,DUOGLAU,1427547254,UNIÃO QUÍMICA FARMACÊUTICA NACIONAL S/A,60665981000118,2025-10-27T17:38:12.000-0300,25351171486202313,2026-09-24T00:00:00.000-0300
3698755,192160010,OSENVELT,0852947267,CELLTRION HEALTHCARE DISTRIBUICAO DE PRODUTOS FARMACEUTICOS DOS BRASIL LTDA,05452889000161,2026-08-20T03:50:16.000-0300,25351140806202466,2026-09-24T00:00:00.000-0300
3711448,100431548,dapagliflozina,0223259268,EUROFARMA LABORATORIOS S.A.,61190096000192,2026-03-06T12:42:49.000-0300,25351241001202439,2026-09-24T00:00:00.000-0300
3761659,105831050,LIDEXOR,0502109262,GERMED FARMACEUTICA LTDA,45992062000165,2026-05-22T09:54:38.000-0300,25351416745202413,2026-09-24T00:00:00.000-0300
3761692,125680359,ECTEVO,0587100265,PRATI DONADUZZI & CIA LTDA,73856593000166,2026-06-15T18:22:25.000-0300,25351417466202477,2026-09-24T00:00:00.000-0300
3747842,103920243,DEXPOLARIM,0186383258,VITAMEDIC INDUSTRIA FARMACEUTICA LTDA,30222814000131,2025-02-10T16:45:15.000-0200,25351400831202412,2026-09-24T00:00:00.000-0300
3754970,141070660,FRISIUM,0321831268,PHARLAB INDÚSTRIA FARMACÊUTICA S.A.,02501297000102,2026-04-02T13:05:39.000-0300,25351364551202425,2026-09-24T00:00:00.000-0300
3682482,105250111,VILGLI,1177059258,TORRENT DO BRASIL LTDA,33078528000132,2025-09-04T09:56:22.000-0300,25351889878202413,2026-09-24T00:00:00.000-0300
3720829,116180301,ULTOMIRIS,0579013260,ASTRAZENECA DO BRASIL LTDA,60318797000100,2026-06-12T13:31:01.000-0300,25351357463202477,2026-09-24T00:00:00.000-0300
3692881,125680339,succinato de desvenlafaxina,0628437269,PRATI DONADUZZI & CIA LTDA,73856593000166,2026-06-25T16:54:52.000-0300,25351955851202418,2026-09-24T00:00:00.000-0300
3692882,125680342,AFAX,0628527268,PRATI DONADUZZI & CIA LTDA,73856593000166,2026-06-25T17:08:25.000-0300,25351955852202462,2026-09-24T00:00:00.000-0300
3752771,105710184,RILAN,0283280255,BELFAR LTDA,18324343000177,2025-02-27T20:03:22.000-0300,25351361870202489,2026-09-24T00:00:00.000-0300
3693104,100330230,OMIZE,0404672264,LIBBS FARMACÊUTICA LTDA,61230314000175,2026-04-27T09:18:43.000-0300,25351073962202412,2026-09-24T00:00:00.000-0300
3751511,105710175,GYNBEN,0220159254,BELFAR LTDA,18324343000177,2025-02-17T10:47:16.000-0300,25351361856202485,2026-09-24T00:00:00.000-0300
3761558,125680361,ELFI,0628248261,PRATI DONADUZZI & CIA LTDA,73856593000166,2026-06-25T16:11:45.000-0300,25351416744202479,2026-09-24T00:00:00.000-0300
3716373,125680347,ATIOVIL,0579082253,PRATI DONADUZZI & CIA LTDA,73856593000166,2025-04-29T17:22:21.000-0300,25351260868202493,2026-09-24T00:00:00.000-0300
3677536,100431507,ANTARA XR,1387866257,EUROFARMA LABORATORIOS S.A.,61190096000192,2025-10-16T22:06:53.000-0300,25351822515202317,2026-09-24T00:00:00.000-0300
3727064,103700796,olmesartana medoxomila,0458143251,LABORATÓRIO TEUTO BRASILEIRO S/A,17159229000176,2025-04-03T11:48:36.000-0300,25351140054202433,2026-09-24T00:00:00.000-0300
3687480,155840690,undecilato de testosterona,0347245269,BRAINFARMA INDÚSTRIA QUÍMICA E FARMACÊUTICA S.A,05161069000110,2026-04-10T09:17:03.000-0300,25351007178202416,2026-09-24T00:00:00.000-0300
3704068,110130303,SPYLGLEN,0457185252,GLENMARK FARMACÊUTICA LTDA,44363661000157,2025-04-03T10:19:42.000-0300,25351690551202305,2026-09-24T00:00:00.000-0300
3686331,105730070,INFOC,1112964240,ACHÉ LABORATÓRIOS FARMACÊUTICOS S.A,60659463002992,2024-08-14T13:59:26.000-0300,25351824894202371,2026-09-24T00:00:00.000-0300
3743949,136410022,HEPATECT,0752011251,GRIFOLS BRASIL LTDA,02513899000171,2025-06-03T17:00:25.000-0300,25351126327202437,2026-09-24T00:00:00.000-0300
3755085,103900231,ROACUTAN,1583237259,FARMOQUÍMICA S/A,33349473000158,2025-12-10T08:08:18.000-0200,25351365355202478,2026-09-24T00:00:00.000-0300
3838287,178170988,ADACNE,1498647251,COSMED INDUSTRIA DE COSMETICOS E MEDICAMENTOS S.A.,61082426000207,2025-11-14T10:41:50.000-0200,25351113432202597,2026-09-24T00:00:00.000-0300
3818309,164250010,LEXOTAN,0326493263,MOKSHA8 BRASIL INDUSTRIA E COMERCIO DE MEDICAMENTOS LTDA,07591326000180,2026-04-06T11:10:30.000-0300,25351069020202511,2026-09-24T00:00:00.000-0300
3839020,103870086,HYTGÊ,0561240264,HYPOFARMA - INSTITUTO DE HYPODERMIA E FARMÁCIA LTDA,17174657000178,2026-06-09T10:05:30.000-0300,25351113701202515,2026-09-24T00:00:00.000-0300
3839595,100431551,TAMIRAM,0830893261,EUROFARMA LABORATORIOS S.A.,61190096000192,2026-08-14T08:36:30.000-0300,25351392980202492,2026-09-24T00:00:00.000-0300
3838166,105730145,OSAMY,0916465268,ACHÉ LABORATÓRIOS FARMACÊUTICOS S.A,60659463002992,2026-09-03T12:07:01.000-0300,25351007452202520,2026-09-24T00:00:00.000-0300
3836224,138410083,bromoprida,0045293261,NATULAB LABORATORIO S.A,02456955000183,2026-01-15T15:25:56.000-0200,25351050059202556,2026-09-24T00:00:00.000-0300
3819299,103720322,TAGUE,0537431268,SUPERA FARMA LABORATÓRIOS S.A,43312503000105,2026-06-01T19:09:31.000-0300,25351447397202426,2026-09-24T00:00:00.000-0300
3827081,125680373,ORLIBE,0513489266,PRATI DONADUZZI & CIA LTDA,73856593000166,2026-05-26T09:18:35.000-0300,25351043044202531,2026-09-24T00:00:00.000-0300
3822293,125680363,VAZULI,1476823251,PRATI DONADUZZI & CIA LTDA,73856593000166,2025-11-08T09:45:53.000-0200,25351042816202518,2026-09-24T00:00:00.000-0300
3817820,117720027,MANITOL,1147826251,EQUIPLEX INDÚSTRIA FARMACÊUTICA LTDA,01784792000103,2025-08-27T08:58:04.000-0300,25351462238202451,2026-09-24T00:00:00.000-0300
3817923,117720029,GLICOSE,0048789267,EQUIPLEX INDÚSTRIA FARMACÊUTICA LTDA,01784792000103,2026-01-16T10:08:08.000-0200,25351462237202415,2026-09-24T00:00:00.000-0300
3827739,125680365,CADVAS,1430769254,PRATI DONADUZZI & CIA LTDA,73856593000166,2025-10-28T13:57:32.000-0300,25351043045202586,2026-09-24T00:00:00.000-0300
3821736,105250128,dasatinibe monoidratado,0905677269,TORRENT DO BRASIL LTDA,33078528000132,2026-09-01T15:40:59.000-0300,25351042145202595,2026-09-24T00:00:00.000-0300
3818450,198600023,VYALEV,0548496269,ABBVIE FARMACÊUTICA LTDA.,15800545000150,2026-06-03T23:18:23.000-0300,25351089728202580,2026-09-24T00:00:00.000-0300
3818841,105730122,DASTENE DUO,0258494263,ACHÉ LABORATÓRIOS FARMACÊUTICOS S.A,60659463002992,2026-03-17T08:00:50.000-0300,25351041887202501,2026-09-24T00:00:00.000-0300
3823570,104300049,ETCOB,0628012268,DIFFUCAP - CHEMOBRÁS QUÍMICA E FARMACÊUTICA LTDA,42457796000156,2026-06-25T15:23:30.000-0300,25351042190202540,2026-09-24T00:00:00.000-0300
3816332,170420006,apixabana,0074887262,MCG INDUSTRIA FARMACEUTICA E IMPORTAÇAO LTDA,18755529000180,2026-01-23T14:51:36.000-0200,25351007442202594,2026-09-24T00:00:00.000-0300
3822942,110360272,RUPAFIN,1446628256,HEMAFARMA COM E IND FARMACEUTICA LTDA,30332829000152,2025-10-31T13:53:21.000-0300,25351069178202582,2026-09-24T00:00:00.000-0300
3827914,105250130,TORREM,0909442266,TORRENT DO BRASIL LTDA,33078528000132,2026-09-02T10:35:03.000-0300,25351007092202566,2026-09-24T00:00:00.000-0300
3825320,144930080,acebrofilina,1138666254,AIRELA INDÚSTRIA FARMACÊUTICA LTDA.,01858973000129,2025-08-25T13:49:43.000-0300,25351042179202580,2026-09-24T00:00:00.000-0300
3816919,170420010,lacosamida,0075329263,MCG INDUSTRIA FARMACEUTICA E IMPORTAÇAO LTDA,18755529000180,2026-01-23T15:22:26.000-0200,25351021276202539,2026-09-24T00:00:00.000-0300
3827915,155840709,eszopiclona,0952845261,BRAINFARMA INDÚSTRIA QUÍMICA E FARMACÊUTICA S.A,05161069000110,2026-09-14T14:24:58.000-0300,25351007099202588,2026-09-24T00:00:00.000-0300
3827916,114620051,ECZO,1622413253,MYRALIS INDÚSTRIA FARMACÊUTICA LTDA,17440261000125,2025-12-18T15:34:32.000-0200,25351006918202570,2026-09-24T00:00:00.000-0300
3825832,126800006,GLICOSE,0670266264,COPERMED COMERCIAL IMPORTADORA LTDA,09029404000182,2026-07-07T15:15:56.000-0300,25351026781202570,2026-09-24T00:00:00.000-0300
3818736,103670180,JASCAYD,0748608265,BOEHRINGER INGELHEIM DO BRASIL QUÍMICA E FARMACÊUTICA LTDA.,60831658000177,2026-07-27T17:01:03.000-0300,25351094969202541,2026-09-24T00:00:00.000-0300
3814055,105350254,fosfato de sitagliptina + cloridrato de metformina,1375172255,LABORATÓRIO GLOBO SA,17115437000173,2025-10-14T13:25:33.000-0300,25351009183202536,2026-09-24T00:00:00.000-0300
3818278,154230359,etoricoxibe,0678591261,GEOLAB INDÚSTRIA FARMACÊUTICA S/A,03485572000104,2026-07-09T14:07:50.000-0300,25351040218202512,2026-09-24T00:00:00.000-0300
3817835,117720026,SOLUÇÃO GLICOFISIOLÓGICA,0048719269,EQUIPLEX INDÚSTRIA FARMACÊUTICA LTDA,01784792000103,2026-01-16T09:56:04.000-0200,25351001610202538,2026-09-24T00:00:00.000-0300
3814061,154230361,fosfato de sitagliptina + cloridrato de metformina,0760834261,GEOLAB INDÚSTRIA FARMACÊUTICA S/A,03485572000104,2026-07-29T17:18:31.000-0300,25351041867202522,2026-09-24T00:00:00.000-0300
3822779,196240014,IBRUVE,0208604260,KYMBERG FARMACEUTICA DO BRASIL LTDA,43056264000170,2026-03-03T15:25:55.000-0300,25351446004202467,2026-09-24T00:00:00.000-0300
3822777,171270001,"cloreto de sódio 0,9%",1182621252,VITAMED MEDICAMENTOS E PRODUTOS PARA SAUDE LTDA,44593084000190,2025-09-05T12:49:17.000-0300,25351043040202553,2026-09-24T00:00:00.000-0300
3822327,104971569,CICLOPRIMOGYNA,0738978264,UNIÃO QUÍMICA FARMACÊUTICA NACIONAL S/A,60665981000118,2026-07-24T07:33:56.000-0300,25351069135202505,2026-09-24T00:00:00.000-0300
3824798,101880211,MONOFER,0292704267,STEINCARES FARMACEUTICA DO BRASIL LTDA,50090735000121,2026-03-26T11:59:50.000-0300,25351109740202518,2026-09-24T00:00:00.000-0300
3822760,138450003,"cloreto de sódio 0,9%",1604927259,SANUSPHAR PESQUISA E DESENVOVIMENTO LTDA,36130126000128,2025-12-15T22:04:29.000-0200,25351042198202514,2026-09-24T00:00:00.000-0300
3821682,105730131,TOLREST,0207602263,ACHÉ LABORATÓRIOS FARMACÊUTICOS S.A,60659463002992,2026-03-03T12:28:26.000-0300,25351007463202518,2026-09-24T00:00:00.000-0300
3825303,170420011,etoricoxibe,0075388260,MCG INDUSTRIA FARMACEUTICA E IMPORTAÇAO LTDA,18755529000180,2026-01-23T15:28:19.000-0200,25351021280202505,2026-09-24T00:00:00.000-0300
3827757,155840699,furoato de mometasona,0579905268,BRAINFARMA INDÚSTRIA QUÍMICA E FARMACÊUTICA S.A,05161069000110,2026-06-12T16:05:43.000-0300,25351043043202597,2026-09-24T00:00:00.000-0300
3824852,105730138,IRRITRATIL,1447134257,ACHÉ LABORATÓRIOS FARMACÊUTICOS S.A,60659463002992,2025-10-31T14:30:22.000-0300,25351107411202532,2026-09-24T00:00:00.000-0300
3824808,110360273,FLAGYL,1470744252,HEMAFARMA COM E IND FARMACEUTICA LTDA,30332829000152,2025-11-06T17:59:51.000-0200,25351094148202512,2026-09-24T00:00:00.000-0300
3817827,126270028,FRUZAQLA,0928991261,TAKEDA FARMACEUTICA BRASIL LTDA,11635171000103,2026-09-08T14:01:06.000-0300,25351071806202590,2026-09-24T00:00:00.000-0300
3816495,139000008,Spikevax,0754714268,ÁVITA CARE IMPORTAÇÃO E DISTRIBUIÇÃO DE PRODUTOS LTDA.,31203582000137,2026-07-28T15:24:05.000-0300,25351066301202511,2026-09-24T00:00:00.000-0300
3816915,104971554,PERFENOL MULTI,0826819257,UNIÃO QUÍMICA FARMACÊUTICA NACIONAL S/A,60665981000118,2025-06-23T17:44:02.000-0300,25351025737202542,2026-09-24T00:00:00.000-0300
3819289,105730126,Pyloripac Retrat,1424461251,ACHÉ LABORATÓRIOS FARMACÊUTICOS S.A,60659463002992,2025-10-27T09:40:02.000-0300,25351085146202524,2026-09-24T00:00:00.000-0300
3818873,105730123,ALENTHUS XR,0848203267,ACHÉ LABORATÓRIOS FARMACÊUTICOS S.A,60659463002992,2026-08-19T08:02:28.000-0300,25351083379202592,2026-09-24T00:00:00.000-0300
3808012,113430220,ADREN PED,0482672269,HIPOLABOR FARMACEUTICA LTDA,19570720000110,2026-05-18T15:51:30.000-0300,25351841564202341,2026-09-24T00:00:00.000-0300
3817861,104971568,PRIMOGYNA®,0739129261,UNIÃO QUÍMICA FARMACÊUTICA NACIONAL S/A,60665981000118,2026-07-24T08:37:20.000-0300,25351069024202591,2026-09-24T00:00:00.000-0300
3816445,170420005,hemitartarato de zolpidem,0074870262,MCG INDUSTRIA FARMACEUTICA E IMPORTAÇAO LTDA,18755529000180,2026-01-23T14:48:24.000-0200,25351007425202557,2026-09-24T00:00:00.000-0300
3819892,105730125,PYLORIPAC,0989244261,ACHÉ LABORATÓRIOS FARMACÊUTICOS S.A,60659463002992,2026-09-22T15:39:16.000-0300,25351085134202508,2026-09-24T00:00:00.000-0300
3842792,104400229,SOTTO,0651971268,CELLERA FARMACEUTICA S.A.,33173097000274,2026-07-02T08:10:52.000-0300,25351008509202516,2026-09-24T00:00:00.000-0300
3856766,105730186,dapagliflozina,0815092261,ACHÉ LABORATÓRIOS FARMACÊUTICOS S.A,60659463002992,2026-08-11T08:31:22.000-0300,25351153354202563,2026-09-24T00:00:00.000-0300
3849059,103720320,ATIP,0573215260,SUPERA FARMA LABORATÓRIOS S.A,43312503000105,2026-06-11T11:10:22.000-0300,25351093110202514,2026-09-24T00:00:00.000-0300
3855912,101180669,DONAREN® LP,0469281260,APSEN FARMACEUTICA S/A,62462015000129,2026-05-14T09:41:12.000-0300,25351108745202523,2026-09-24T00:00:00.000-0300
3872792,197110002,STEZZA,0067655262,THERAMEX FARMACEUTICA LTDA.,16927572000150,2026-01-22T08:28:21.000-0200,25351155644202541,2026-09-24T00:00:00.000-0300
3819298,100431557,STIMA,0137654260,EUROFARMA LABORATORIOS S.A.,61190096000192,2026-02-10T15:34:33.000-0200,25351169660202431,2026-09-24T00:00:00.000-0300
